tau,time_s,x,z_m,P_Pa,P_bar,T_K,u_m_s,rho_g_kg_m3,y_N2,q_N2_mol_kg,qstar_N2_mol_kg,Pi_N2_bar,y_H2,q_H2_mol_kg,qstar_H2_mol_kg,Pi_H2_bar,y_NH3,q_NH3_mol_kg,qstar_NH3_mol_kg,Pi_NH3_bar,sum_y
0.0,0.0,0.0,0.0,1000000.0,10.0,473.15,1.000000005,2.1645401666780226,0.25,0.02352719854729901,0.02352719854729901,2.5,0.749999,0.017645375383275708,0.01764537538327571,7.49999,1e-06,0.00047054397094597984,0.0004705439709459799,1e-05,1.0
0.0,0.0,0.025,0.025,1000000.0,10.0,473.15,1.000000005,2.1645401666780226,0.25,0.02352719854729901,0.02352719854729901,2.5,0.749999,0.017645375383275708,0.01764537538327571,7.49999,1e-06,0.00047054397094597984,0.0004705439709459799,1e-05,1.0
0.0,0.0,0.05,0.05,1000000.0,10.0,473.15,1.000000005,2.1645401666780226,0.25,0.02352719854729901,0.02352719854729901,2.5,0.749999,0.017645375383275708,0.01764537538327571,7.49999,1e-06,0.00047054397094597984,0.00047054397094597984,1e-05,1.0
0.0,0.0,0.075,0.075,1000000.0,10.0,473.15,1.000000005,2.1645401666780226,0.25,0.02352719854729901,0.02352719854729901,2.5,0.749999,0.017645375383275708,0.01764537538327571,7.49999,1e-06,0.00047054397094597984,0.0004705439709459799,1e-05,1.0
0.0,0.0,0.1,0.1,1000000.0,10.0,473.15,1.000000005,2.1645401666780226,0.25,0.02352719854729901,0.02352719854729901,2.5,0.749999,0.017645375383275708,0.01764537538327571,7.49999,1e-06,0.00047054397094597984,0.00047054397094597984,1e-05,1.0
0.0,0.0,0.125,0.125,1000000.0,10.0,473.15,1.000000005,2.1645401666780226,0.25,0.02352719854729901,0.02352719854729901,2.5,0.749999,0.017645375383275708,0.01764537538327571,7.49999,1e-06,0.00047054397094597984,0.00047054397094597984,1e-05,1.0
0.0,0.0,0.15,0.15,1000000.0,10.0,473.15,1.000000005,2.1645401666780226,0.25,0.02352719854729901,0.02352719854729901,2.5,0.749999,0.017645375383275708,0.01764537538327571,7.49999,1e-06,0.00047054397094597984,0.00047054397094597984,1e-05,1.0
0.0,0.0,0.175,0.175,1000000.0,10.0,473.15,1.000000005,2.1645401666780226,0.25,0.02352719854729901,0.02352719854729901,2.5,0.749999,0.017645375383275708,0.01764537538327571,7.49999,1e-06,0.00047054397094597984,0.0004705439709459799,1e-05,1.0
0.0,0.0,0.2,0.2,1000000.0,10.0,473.15,1.000000005,2.1645401666780226,0.25,0.02352719854729901,0.02352719854729901,2.5,0.749999,0.017645375383275708,0.01764537538327571,7.49999,1e-06,0.00047054397094597984,0.0004705439709459799,1e-05,1.0
0.0,0.0,0.225,0.225,1000000.0,10.0,473.15,1.000000005,2.1645401666780226,0.25,0.02352719854729901,0.023527198547299007,2.5,0.749999,0.017645375383275708,0.01764537538327571,7.49999,1e-06,0.00047054397094597984,0.00047054397094597984,1e-05,1.0
0.0,0.0,0.25,0.25,1000000.0,10.0,473.15,1.000000005,2.1645401666780226,0.25,0.02352719854729901,0.02352719854729901,2.5,0.749999,0.017645375383275708,0.01764537538327571,7.49999,1e-06,0.00047054397094597984,0.0004705439709459799,1e-05,1.0
0.0,0.0,0.275,0.275,1000000.0,10.0,473.15,1.000000005,2.1645401666780226,0.25,0.02352719854729901,0.02352719854729901,2.5,0.749999,0.017645375383275708,0.01764537538327571,7.49999,1e-06,0.00047054397094597984,0.0004705439709459799,1e-05,1.0
0.0,0.0,0.3,0.3,1000000.0,10.0,473.15,1.000000005,2.1645401666780226,0.25,0.02352719854729901,0.023527198547299007,2.5,0.749999,0.017645375383275708,0.01764537538327571,7.49999,1e-06,0.00047054397094597984,0.00047054397094597984,1e-05,1.0
0.0,0.0,0.325,0.325,1000000.0,10.0,473.15,1.000000005,2.1645401666780226,0.25,0.02352719854729901,0.023527198547299007,2.5,0.749999,0.017645375383275708,0.01764537538327571,7.49999,1e-06,0.00047054397094597984,0.00047054397094597984,1e-05,1.0
0.0,0.0,0.35,0.35,1000000.0,10.0,473.15,1.000000005,2.1645401666780226,0.25,0.02352719854729901,0.02352719854729901,2.5,0.749999,0.017645375383275708,0.01764537538327571,7.49999,1e-06,0.00047054397094597984,0.0004705439709459799,1e-05,1.0
0.0,0.0,0.375,0.375,1000000.0,10.0,473.15,1.000000005,2.1645401666780226,0.25,0.02352719854729901,0.023527198547299007,2.5,0.749999,0.017645375383275708,0.01764537538327571,7.49999,1e-06,0.00047054397094597984,0.0004705439709459799,1e-05,1.0
0.0,0.0,0.4,0.4,1000000.0,10.0,473.15,1.000000005,2.1645401666780226,0.25,0.02352719854729901,0.023527198547299007,2.5,0.749999,0.017645375383275708,0.01764537538327571,7.49999,1e-06,0.00047054397094597984,0.00047054397094597984,1e-05,1.0
0.0,0.0,0.425,0.425,1000000.0,10.0,473.15,1.000000005,2.1645401666780226,0.25,0.02352719854729901,0.023527198547299007,2.5,0.749999,0.017645375383275708,0.01764537538327571,7.49999,1e-06,0.00047054397094597984,0.0004705439709459799,1e-05,1.0
0.0,0.0,0.45,0.45,1000000.0,10.0,473.15,1.000000005,2.1645401666780226,0.25,0.02352719854729901,0.023527198547299007,2.5,0.749999,0.017645375383275708,0.01764537538327571,7.49999,1e-06,0.00047054397094597984,0.0004705439709459799,1e-05,1.0
0.0,0.0,0.475,0.475,1000000.0,10.0,473.15,1.000000005,2.1645401666780226,0.25,0.02352719854729901,0.023527198547299007,2.5,0.749999,0.017645375383275708,0.01764537538327571,7.49999,1e-06,0.00047054397094597984,0.0004705439709459799,1e-05,1.0
0.0,0.0,0.5,0.5,1000000.0,10.0,473.15,1.000000005,2.1645401666780226,0.25,0.02352719854729901,0.023527198547299007,2.5,0.749999,0.017645375383275708,0.01764537538327571,7.49999,1e-06,0.00047054397094597984,0.00047054397094597984,1e-05,1.0
0.0,0.0,0.525,0.525,1000000.0,10.0,473.15,1.000000005,2.1645401666780226,0.25,0.02352719854729901,0.02352719854729901,2.5,0.749999,0.017645375383275708,0.01764537538327571,7.49999,1e-06,0.00047054397094597984,0.00047054397094597984,1e-05,1.0
0.0,0.0,0.55,0.55,1000000.0,10.0,473.15,1.000000005,2.1645401666780226,0.25,0.02352719854729901,0.02352719854729901,2.5,0.749999,0.017645375383275708,0.01764537538327571,7.49999,1e-06,0.00047054397094597984,0.00047054397094597984,1e-05,1.0
0.0,0.0,0.575,0.575,1000000.0,10.0,473.15,1.000000005,2.1645401666780226,0.25,0.02352719854729901,0.02352719854729901,2.5,0.749999,0.017645375383275708,0.01764537538327571,7.49999,1e-06,0.00047054397094597984,0.00047054397094597984,1e-05,1.0
0.0,0.0,0.6,0.6,1000000.0,10.0,473.15,1.000000005,2.1645401666780226,0.25,0.02352719854729901,0.023527198547299007,2.5,0.749999,0.017645375383275708,0.01764537538327571,7.49999,1e-06,0.00047054397094597984,0.0004705439709459799,1e-05,1.0
0.0,0.0,0.625,0.625,1000000.0,10.0,473.15,1.000000005,2.1645401666780226,0.25,0.02352719854729901,0.023527198547299007,2.5,0.749999,0.017645375383275708,0.01764537538327571,7.49999,1e-06,0.00047054397094597984,0.0004705439709459799,1e-05,1.0
0.0,0.0,0.65,0.65,1000000.0,10.0,473.15,1.000000005,2.1645401666780226,0.25,0.02352719854729901,0.023527198547299007,2.5,0.749999,0.017645375383275708,0.01764537538327571,7.49999,1e-06,0.00047054397094597984,0.00047054397094597984,1e-05,1.0
0.0,0.0,0.675,0.675,1000000.0,10.0,473.15,1.000000005,2.1645401666780226,0.25,0.02352719854729901,0.02352719854729901,2.5,0.749999,0.017645375383275708,0.01764537538327571,7.49999,1e-06,0.00047054397094597984,0.00047054397094597984,1e-05,1.0
0.0,0.0,0.7,0.7,1000000.0,10.0,473.15,1.000000005,2.1645401666780226,0.25,0.02352719854729901,0.02352719854729901,2.5,0.749999,0.017645375383275708,0.01764537538327571,7.49999,1e-06,0.00047054397094597984,0.00047054397094597984,1e-05,1.0
0.0,0.0,0.725,0.725,1000000.0,10.0,473.15,1.000000005,2.1645401666780226,0.25,0.02352719854729901,0.02352719854729901,2.5,0.749999,0.017645375383275708,0.01764537538327571,7.49999,1e-06,0.00047054397094597984,0.0004705439709459799,1e-05,1.0
0.0,0.0,0.75,0.75,1000000.0,10.0,473.15,1.000000005,2.1645401666780226,0.25,0.02352719854729901,0.023527198547299007,2.5,0.749999,0.017645375383275708,0.01764537538327571,7.49999,1e-06,0.00047054397094597984,0.00047054397094597984,1e-05,1.0
0.0,0.0,0.775,0.775,1000000.0,10.0,473.15,1.000000005,2.1645401666780226,0.25,0.02352719854729901,0.02352719854729901,2.5,0.749999,0.017645375383275708,0.01764537538327571,7.49999,1e-06,0.00047054397094597984,0.00047054397094597984,1e-05,1.0
0.0,0.0,0.8,0.8,1000000.0,10.0,473.15,1.000000005,2.1645401666780226,0.25,0.02352719854729901,0.02352719854729901,2.5,0.749999,0.017645375383275708,0.01764537538327571,7.49999,1e-06,0.00047054397094597984,0.00047054397094597984,1e-05,1.0
0.0,0.0,0.825,0.825,1000000.0,10.0,473.15,1.000000005,2.1645401666780226,0.25,0.02352719854729901,0.02352719854729901,2.5,0.749999,0.017645375383275708,0.01764537538327571,7.49999,1e-06,0.00047054397094597984,0.00047054397094597984,1e-05,1.0
0.0,0.0,0.85,0.85,1000000.0,10.0,473.15,1.000000005,2.1645401666780226,0.25,0.02352719854729901,0.02352719854729901,2.5,0.749999,0.017645375383275708,0.01764537538327571,7.49999,1e-06,0.00047054397094597984,0.0004705439709459799,1e-05,1.0
0.0,0.0,0.875,0.875,1000000.0,10.0,473.15,1.000000005,2.1645401666780226,0.25,0.02352719854729901,0.02352719854729901,2.5,0.749999,0.017645375383275708,0.01764537538327571,7.49999,1e-06,0.00047054397094597984,0.0004705439709459799,1e-05,1.0
0.0,0.0,0.9,0.9,1000000.0,10.0,473.15,1.000000005,2.1645401666780226,0.25,0.02352719854729901,0.02352719854729901,2.5,0.749999,0.017645375383275708,0.01764537538327571,7.49999,1e-06,0.00047054397094597984,0.00047054397094597984,1e-05,1.0
0.0,0.0,0.925,0.925,1000000.0,10.0,473.15,1.000000005,2.1645401666780226,0.25,0.02352719854729901,0.02352719854729901,2.5,0.749999,0.017645375383275708,0.01764537538327571,7.49999,1e-06,0.00047054397094597984,0.00047054397094597984,1e-05,1.0
0.0,0.0,0.95,0.95,1000000.0,10.0,473.15,1.000000005,2.1645401666780226,0.25,0.02352719854729901,0.02352719854729901,2.5,0.749999,0.017645375383275708,0.01764537538327571,7.49999,1e-06,0.00047054397094597984,0.0004705439709459799,1e-05,1.0
0.0,0.0,0.975,0.975,1000000.0,10.0,473.15,1.000000005,2.1645401666780226,0.25,0.02352719854729901,0.023527198547299007,2.5,0.749999,0.017645375383275708,0.01764537538327571,7.49999,1e-06,0.00047054397094597984,0.00047054397094597984,1e-05,1.0
0.0,0.0,1.0,1.0,1000000.0,10.0,473.15,1.000000005,2.1645401666780226,0.25,0.02352719854729901,0.023527198547299007,2.5,0.749999,0.017645375383275708,0.01764537538327571,7.49999,1e-06,0.00047054397094597984,0.0004705439709459799,1e-05,1.0
0.011421,0.5710500000000001,0.0,0.0,1000556.0982957637,10.005560982957638,473.15,0.1,2.262623572347802,0.23,0.023240822720239387,0.013353381740822125,2.3012790260802563,0.71,0.017438765376943464,0.010305327213025774,7.103948297899922,0.06,0.2085348313558273,1.9288841506506327,0.6003336589774582,1.0
0.011421,0.5710500000000001,0.025,0.025,1000542.0739422092,10.005420739422092,474.8314243028014,0.09524203132602971,2.1390924782800704,0.24401232444420953,0.023461708737923,0.021071599842319693,2.4414459716686867,0.7505997091057347,0.017606902281272867,0.016204444537855522,7.510065896490707,0.005387966450055866,0.04321742397658501,0.417204119134537,0.053908871262699394,1.0
0.011421,0.5710500000000001,0.05,0.05,1000528.1983419392,10.005281983419392,473.31579851312284,0.09446239816792541,2.138193280888067,0.24580960506919997,0.0235134746521367,0.02296990193702008,2.459394412950303,0.7539365160655007,0.017644554429758392,0.017613070729973937,7.54334744083214,0.0002538788652994351,0.004192371812493954,0.039190938957313355,0.0025401296369513974,1.0000000000000002
0.011421,0.5710500000000001,0.075,0.075,1000514.3274577977,10.005143274577977,473.15820914209456,0.09440465033008369,2.1415619861254886,0.24635826743629763,0.023519677461373394,0.023191102058156568,2.4648497625769563,0.7536343850131799,0.017647461914777892,0.017735970583873353,7.540219998705328,7.347550522575488e-06,0.0006359668371628389,0.0023205645456736814,7.351329569556806e-05,1.0000000000000002
0.011421,0.5710500000000001,0.1,0.1,1000500.4522672801,10.0050045226728,473.1501714370089,0.09439893691460159,2.1445074131959667,0.24680633552027453,0.023521427504878265,0.02324086527877668,2.4692985031046475,0.7531925403986905,0.017647197721960894,0.01773135839836205,7.535694773132316,1.1240810351097368e-06,0.0004744102000730543,0.0005169643944293963,1.124643584012364e-05,1.0000000000000002
0.011421,0.5710500000000001,0.125,0.125,1000486.5728692327,10.004865728692327,473.1499517005932,0.09439540499518523,2.147174280730729,0.2472141136030639,0.023522784564043716,0.023278725081070956,2.4733440128363458,0.7527848845904563,0.017646838268452057,0.017721351056946468,7.531511692916666,1.0018064800279064e-06,0.00047061911292769907,0.0004714555479761385,1.0022939318813096e-05,1.0000000000000002
0.011421,0.5710500000000001,0.15,0.15,1000472.6896817299,10.0047268968173,473.14996295160256,0.09439200085031267,2.1495995417756584,0.24758545030919282,0.023523956821397334,0.02331298374418086,2.4770248139690043,0.7524135502227336,0.017646522570062873,0.017712071573004615,7.527692083443177,9.994680739546733e-07,0.00047054553983804265,0.0004705619849997452,9.999405122004501e-06,1.0000000000000002
0.011421,0.5710500000000001,0.175,0.175,1000458.8031029331,10.00458803102933,473.14997533686136,0.09438867553205621,2.1517990809508474,0.24792265693640997,0.023524965266186252,0.02334406003151005,2.4803640462069985,0.7520763436090219,0.01764624968129298,0.017703621293061852,7.524213985691123,9.994545685821391e-07,0.0004705440526132756,0.0004705445874859132,9.999131214394453e-06,1.0000000000000004
0.011421,0.5710500000000001,0.2,0.2,1000444.9135031465,10.004449135031464,473.14998580920997,0.09438543536179844,2.153787434135242,0.24822792978091193,0.023525825375155705,0.02337216275172631,2.483383697387296,0.7517710707346265,0.01764601563974504,0.01769594967894742,7.521055438352713,9.994844620957004e-07,0.00047054402055267245,0.0004705442409530713,9.999291462290721e-06,1.0000000000000004
0.011421,0.5710500000000001,0.225,0.225,1000431.021225811,10.00431021225811,473.14999469084177,0.09438228707772285,2.1555785557914455,0.24850337834800548,0.02352655152878683,0.023397488655297498,2.4861048857875923,0.7514956221385068,0.017645816681231025,0.017689005286749028,7.518195327027526,9.995134882273573e-07,0.00047054401856992103,0.00047054422736918195,9.999442997562678e-06,1.0000000000000007
0.011421,0.5710500000000001,0.25,0.25,1000417.1265886396,10.004171265886395,473.15000209899864,0.09437923693930853,2.1571858328089446,0.24875102625245812,0.023527157139756408,0.023420226368752566,2.488547869194594,0.7512479742066449,0.01764564929315008,0.017682738720773968,7.515613397113482,9.995408976024451e-07,0.0004705440171553741,0.0004705442198022293,9.999578326872679e-06,1.0000000000000007
0.011421,0.5710500000000001,0.275,0.275,1000403.2298847385,10.004032298847385,473.1500081719471,0.09437629078607324,2.158622086918295,0.24897281175737043,0.023527654694757396,0.02344055652639208,2.490732050355584,0.7510261886758434,0.0176455102053561,0.0176771026765895,7.513290248793387,9.995667869025813e-07,0.00047054401567154044,0.0004705442118317365,9.999698421028524e-06,1.0000000000000007
0.011421,0.5710500000000001,0.3,0.3,1000389.3313837162,10.003893313837162,473.15001305088333,0.09437345405163952,2.159899579422697,0.24917058847164913,0.02352805579424725,0.02345865184267247,2.492675984016402,0.7508284119370869,0.01764539637978834,0.017672051923598987,7.5112073300164,9.99591264665451e-07,0.00047054401411235336,0.00047054420336832125,9.99980436915674e-06,1.0000000000000007
0.011421,0.5710500000000001,0.325,0.325,1000375.4313327793,10.003754313327793,473.1500168687108,0.09437073177912683,2.161030016985548,0.24934612621148464,0.023528371191820212,0.023474677197795085,2.4943973855997164,0.7506528741740812,0.01764530500016224,0.017667543282673656,7.5093469278308715,9.996144348555714e-07,0.0004705440124858745,0.0004705441944479632,9.99989721435115e-06,1.0000000000000007
0.011421,0.5710500000000001,0.35,0.35,1000361.5299578105,10.003615299578104,473.1500197485603,0.09436812863832847,2.1620245584204065,0.24950111202023406,0.023528610833162007,0.02348878973743595,2.495913141467364,0.7504978883433702,0.017645233461768644,0.01766353560005124,7.5076921581328,9.996363965917555e-07,0.0004705440107999006,0.00047054418510728355,9.99997795096041e-06,1.0000000000000009
0.011421,0.5710500000000001,0.375,0.375,1000347.6274644309,10.003476274644308,473.1500218040534,0.09436564894304708,2.1628938224754517,0.2496371513400313,0.023528783894510987,0.02350113898606918,2.4972393206997943,0.7503618490027254,0.01764517936140222,0.017659989717673383,7.5062269538969995,9.996572442080328e-07,0.00047054400906163413,0.0004705441753810131,1.0000047525211369e-05,1.0000000000000009
0.011421,0.5710500000000001,0.4,0.4,1000333.7240390409,10.003337240390408,473.1500231397542,0.0943632966682459,2.163647896570098,0.2497557693276678,0.02352889882055223,0.02351186697323497,2.498391188317816,0.7502432309952659,0.017645140487438243,0.017656868440132343,7.5049360519657675,9.996770673298067e-07,0.00047054400727770333,0.0004705441653019838,1.0000106835984528e-05,1.000000000000001
0.011421,0.5710500000000001,0.425,0.425,1000319.819849841,10.00319819849841,473.1500238516292,0.0943610754669473,2.1642963464308025,0.24985841230662184,0.02352896336167534,0.023521108372038788,2.4993832198652726,0.7501405879974282,0.017645114810076024,0.01765413649841398,7.503804978476411,9.996959509582273e-07,0.00047054400545419145,0.00047054415490117634,1.0000156735671494e-05,1.000000000000001
0.011421,0.5710500000000001,0.45,0.45,1000305.9150478282,10.003059150478283,473.15002402750036,0.09435898868684514,2.164848226568695,0.24994644934655957,0.023528984610531066,0.023528990649114175,2.500229117265659,0.7500525509394659,0.017645100471765842,0.017651760510637802,7.502820033014603,9.997139755621179e-07,0.0004705440035966654,0.0004705441442077714,1.0000198031107664e-05,1.000000000000001
0.011421,0.5710500000000001,0.475,0.475,1000292.0097677702,10.002920097677702,473.15002374748826,0.09435703938660109,2.165312091538591,0.25002117396117574,0.023528969037826662,0.023535634225237204,2.500941825861218,0.7499778263076082,0.017645095777835247,0.01764970894000691,7.501968271585012,9.997312171769234e-07,0.0004705440017102036,0.0004705441332492017,1.0000231484574838e-05,1.000000000000001
0.011421,0.5710500000000001,0.5,0.5,1000278.1041291532,10.002781041291533,473.15002308444485,0.09435523035179832,2.165696007916593,0.2500838059148872,0.023528922527304784,0.023541152645745137,2.5015335525394655,0.7499151943373665,0.017645099187329052,0.017647952050189764,7.501237488494265,9.99747747510107e-07,0.00047054399979942367,0.00047054412205120545,1.0000257814868012e-05,1.0000000000000013
0.011421,0.5710500000000001,0.525,0.525,1000264.1982371026,10.002641982371026,473.1500221043766,0.09435356411052769,2.166007566931748,0.2501354931286279,0.02352885040985564,0.023545652759884836,2.5020157848494926,0.7498635071077394,0.01764510930407633,0.017646461858362657,7.50061619724385,9.997636340524268e-07,0.0004705439978685093,0.0004705441106378826,1.000027769842063e-05,1.0000000000000013
0.011421,0.5710500000000001,0.55,0.55,1000250.2921832774,10.002502921832773,473.1500208668551,0.09435204294858322,2.166253897686112,0.2501773136748183,0.02352875749671724,0.02354923490819796,2.5023993110086447,0.7498216865462428,0.017645124867996125,0.017645212086146875,7.500093610532373,9.99778940194513e-07,0.0004705439959212359,0.00047054409903174985,1.0000291770482494e-05,1.0000000000000013
0.011421,0.5710500000000001,0.575,0.575,1000236.3860467352,10.002363860467351,473.15001942541653,0.09435066892424696,2.166441680896877,0.25021027785148753,0.023528648111723432,0.02355199311703865,2.502694240699214,0.7497887223547886,0.01764514474665252,0.01764417810867736,7.499659619467527,9.997937253481347e-07,0.0004705439939609963,0.00047054408725379836,1.0000300626344205e-05,1.0000000000000013
0.011421,0.5710500000000001,0.6,0.6,1000222.4798947693,10.002224798947692,473.15001782794906,0.09434944388264403,2.1665771630941637,0.2502353303255058,0.02352852612256438,0.023554015299315525,2.5029100265546416,0.7497636698664505,0.017645167927068262,0.01764333690204067,7.499304772088243,9.998080450715861e-07,0.0004705439919908251,0.00047054407532355136,1.000030482260243e-05,1.0000000000000013
0.011421,0.5710500000000001,0.625,0.625,1000208.5737837142,10.002085737837142,473.15001611706697,0.09434836946965282,2.166666171208393,0.2502533523349377,0.023528394971029078,0.023555383460552186,2.5030554862352137,0.7497456478431126,0.01764519350780496,0.01764266698931955,7.499020251297066,9.998219511985857e-07,0.0004705439900134224,0.000470544063259122,1.0000304878459876e-05,1.0000000000000016
0.011421,0.5710500000000001,0.65,0.65,1000194.6677597235,10.001946677597235,473.1500143304726,0.0943474471453551,2.166714127481929,0.25026516394063936,0.02352825770220409,0.0235561739093691,2.5031388249944055,0.7497338362238702,0.017645220691316587,0.017642148385478982,7.498797852301569,9.998354919701124e-07,0.00047054398803117676,0.00047054405107727185,1.0000301277054263e-05,1.0000000000000016
0.011421,0.5710500000000001,0.675,0.675,1000180.7618595148,10.001807618595148,473.1500125013041,0.09434667819701567,2.1667260646408164,0.2502715263173986,0.023528116992607484,0.023556457471503894,2.5031676586387928,0.7497274738338908,0.01764524877658178,0.01764176254132504,7.498629959661906,9.998487121686113e-07,0.00047054398604618727,0.0004705440387934693,1.0000294466810562e-05,1.0000000000000016
0.011421,0.5710500000000001,0.7,0.7,1000166.8561110854,10.001668561110854,473.15001065847144,0.09434606375158082,2.166706641263988,0.25027314407514095,0.023527975177241423,0.023556299706506228,2.5031490367867044,0.7497258560632074,0.017645277152019335,0.017641492286762768,7.498509524039304,9.998616532539952e-07,0.00047054398406028484,0.0004705440264219482,1.0000284862810807e-05,1.0000000000000016
0.011421,0.5710500000000001,0.725,0.725,1000152.9505343965,10.001529505343964,473.15000882697706,0.09434560478768887,2.1666601572890736,0.25027066760100114,0.02352783427555115,0.023555761126266877,2.503089466333545,0.749728332524647,0.017645305288690048,0.0176413217735732,7.498430038737588,9.998743535009177e-07,0.00047054398207505244,0.00047054401397576573,1.000027284817615e-05,1.0000000000000016
0.011421,0.5710500000000001,0.75,0.75,1000139.0451420264,10.001390451420264,473.15000702822374,0.09434530214718694,2.1665905695960905,0.2502646954133725,0.02352769601628249,0.023554897414568707,2.5029949350349043,0.7497343046997811,0.017645332733786986,0.01764123641792217,7.498385516126602,9.99886848136777e-07,0.0004705439800918448,0.00047054400146686,1.0000258775455868e-05,1.0000000000000018
0.011421,0.5710500000000001,0.775,0.775,1000125.1399397937,10.001251399397937,473.15000528030924,0.09434515654615076,2.1665015076125886,0.25025577651940173,0.023527561861233972,0.023553759646878152,2.5028709351220844,0.7497432235814305,0.017645359104415233,0.01764122284280575,7.498370464032903,9.998991694799562e-07,0.00047054397811180685,0.0004705439889061072,1.0000242968018249e-05,1.0000000000000018
0.011421,0.5710500000000001,0.8,0.8,1000111.2349273486,10.001112349273486,473.1500035983061,0.09434516858540577,2.1663962888864066,0.2502444127677798,0.02352743302790355,0.02355239450963017,2.5027224868685343,0.749754587320875,0.01764538408166109,0.017641268820627817,7.498379862179248,9.999113470778198e-07,0.00047054397613589165,0.0004705439763033782,1.0000225721438669e-05,1.0000000000000018
0.011421,0.5710500000000001,0.825,0.825,1000097.3300987342,10.000973300987342,473.15000199452896,0.09434533876054967,2.1662779345748984,0.2502310611890906,0.02352731051103368,0.023550844518296657,2.5025541620298255,0.7497679388875034,0.017645407404949756,0.017641363216095777,7.4984091387502305,9.99923407843999e-07,0.00047054397416487737,0.0004705439636675931,1.0000207304880111e-05,1.0000000000000018
0.011421,0.5710500000000001,0.85,0.85,1000083.4254429189,10.000834254429188,473.15000047878743,0.09434566747147892,2.166149184802345,0.2502161363164133,0.02352719510306203,0.0235491482335672,2.50237010708411,0.7497828637482123,0.017645428866689596,0.017641495929610188,7.498454147157137,9.999353761945594e-07,0.00047054397219938303,0.0004705439510067769,1.0000187962462088e-05,1.000000000000002
0.011421,0.5710500000000001,0.875,0.875,1000069.5209442975,10.000695209442975,473.1499990586261,0.09434615503142188,2.166012513840299,0.2502000124793237,0.023527087413488353,0.023547340475012064,2.5021740662045455,0.749798987573404,0.017645448307200228,0.0176416578413134,7.498511143070536,9.999472741826081e-07,0.0004705439702398841,0.0004705439383281116,1.0000167914613574e-05,1.0000000000000018
0.011421,0.5710500000000001,0.9,0.9,1000055.6165831643,10.000556165831643,473.149997739551,0.09434680167548463,2.16587014506863,0.25018302606490633,0.02352698788717131,0.02354545253163929,2.501969403899818,0.7498159739759739,0.017645465609920828,0.017641840755951113,7.498576761784487,9.99959121631006e-07,0.00047054396828672676,0.00047054392563798946,1.0000147359406554e-05,1.000000000000002
0.011421,0.5710500000000001,0.925,0.925,1000041.7123361581,10.000417123361581,473.14999652524324,0.09434760756871559,2.1657240656782037,0.2501654777398611,0.023526896821571806,0.023543512368801273,2.5017591272636373,0.7498335222892046,0.01764548069689431,0.017642037348689688,7.49864799597149,9.99970936262799e-07,0.000470543966340141,0.0004705439129420627,1.0000126473866406e-05,1.000000000000002
0.011421,0.5710500000000001,0.95,0.95,1000027.8081766772,10.000278081766773,473.14999541775956,0.09434857281369648,2.1655760410793095,0.25014763462826894,0.02352681438296218,0.02354154483094963,2.501545907778881,0.7498513653889992,0.01764549352452234,0.017642241112020295,7.498722173882497,9.999827338290751e-07,0.0004705439644002542,0.0004705439002452933,1.0000105415256117e-05,1.000000000000002
0.011421,0.5710500000000001,0.975,0.975,1000013.9040752706,10.000139040752707,473.1499944177206,0.09434969745766962,2.165427628983114,0.250129732440063,0.023526740621623115,0.02353957183978158,2.5013321026269026,0.7498692675654108,0.017645504079585404,0.01764244630386966,7.498796938041502,9.999945282339376e-07,0.0004705439624671023,0.00047054388755200094,1.0000084322331285e-05,1.000000000000002
0.011421,0.5710500000000001,1.0,1.0,1000000.0,10.0,473.14999352448694,0.09435098149921077,2.1652801931266152,0.2501119775457313,0.02352667548605222,0.023537612587365093,2.5011197754573127,0.7498870224479391,0.017645512375521727,0.01764264789702551,7.498870224479392,1.0000063316563372e-06,0.00047054396054064125,0.0004705438748659089,1.0000063316563371e-05,1.0000000000000022
0.055369,2.76845,0.0,0.0,1000554.9631403224,10.005549631403223,473.15,0.1,2.262621005345848,0.23,0.0222120447631157,0.01335337178116057,2.3012764152227416,0.71,0.016696538525441475,0.01030531952676522,7.103940238296288,0.06,0.8204605127714408,1.9288831496596033,0.6003329778841934,1.0
0.055369,2.76845,0.025,0.025,1000540.7351909234,10.005407351909234,480.8455120785267,0.09657264240023539,2.113626332800976,0.2425759500726472,0.023168317134896605,0.020271572839745663,2.4270711942532324,0.749205460540286,0.017431429425545156,0.015652389551323198,7.496105822980324,0.0082185893870666,0.20519505096665122,0.5659793433854141,0.08223033467567938,0.9999999999999998
0.055369,2.76845,0.05,0.05,1000526.8591488822,10.005268591488822,474.44855951161503,0.09459624357166804,2.1246952093842744,0.24434675312199647,0.023438262421971768,0.02266697061691488,2.4447548944437845,0.755069664679978,0.017636821662767626,0.017511120655734323,7.5546748004085815,0.0005835821980252028,0.02342815637829024,0.07571689419237206,0.005838896636453572,0.9999999999999998
0.055369,2.76845,0.075,0.075,1000513.029704699,10.005130297046989,473.2610058776621,0.0943128152850411,2.128326937256588,0.24441815069637438,0.023471283649465834,0.0229951595243954,2.4454354446804922,0.7555594121006827,0.017659595272393698,0.017770989144947454,7.559470365227552,2.2437202942465037e-05,0.0018260702936636851,0.005665045474349888,0.0002244871389406488,0.9999999999999996
0.055369,2.76845,0.1,0.1,1000499.2034303045,10.004992034303045,473.1553538339686,0.0942941398462328,2.128511909592635,0.2443907820591116,0.02347565912973807,0.02301535266626083,2.4451278277585033,0.7556077042750684,0.017660263760603798,0.017789723536941852,7.559849062330071,1.5136658194307745e-06,0.0005127816417608354,0.0006559692344398519,1.5144214466001691e-05,0.9999999999999994
0.055369,2.76845,0.125,0.125,1000485.3766194795,10.004853766194795,473.14964460187184,0.09429714906333632,2.128496185664139,0.2443892588037615,0.023478304366044304,0.023015744394045485,2.4450787963603675,0.755609730360638,0.017659588092757722,0.01779018490906607,7.559764856572064,1.0108355997654e-06,0.00047147353042373134,0.0004749142376499299,1.0113262357316635e-05,0.9999999999999993
0.055369,2.76845,0.15,0.15,1000471.5487719874,10.004715487719874,473.14944758948235,0.09430124997574885,2.128642340278109,0.24441568673108754,0.023480890066077488,0.02301792480559081,2.4453094064802006,0.7555833137764031,0.017658871978899315,0.017789324545277097,7.559396081601487,9.994925085827066e-07,0.000470563601966551,0.0004706410255368493,9.999638180477395e-06,0.9999999999999991
0.055369,2.76845,0.175,0.175,1000457.7195848671,10.004577195848672,473.1494716338055,0.09430534206181816,2.1289554799587056,0.2444675166884658,0.023483456505769006,0.02302245056691669,2.4457941425871796,0.7555314840559627,0.017658159678388585,0.017787829727899676,7.558773056131989,9.992555704835994e-07,0.0004705443631227421,0.00047054580609296815,9.997129493284974e-06,0.999999999999999
0.055369,2.76845,0.2,0.2,1000443.8887933405,10.004438887933405,473.14950256336374,0.09430937636753402,2.1294196692907277,0.24454220006216829,0.023485993413730647,0.023029103094588763,2.4465074960427473,0.7554568006706162,0.017657455079953706,0.017785777405422226,7.557921394782868,9.992672143361446e-07,0.00047054395954780696,0.000470543714998033,9.997107778541413e-06,0.9999999999999988
0.055369,2.76845,0.225,0.225,1000430.0561630749,10.00430056163075,473.1495331095443,0.0943133465280403,2.1300188371313618,0.24463730220945432,0.023488490565323244,0.023037656044880787,2.447425099889875,0.7553616985050409,0.01765676088679608,0.017783227294520462,7.556865464588339,9.992855034938542e-07,0.0004705439512085406,0.0004705436738869762,9.997152523833034e-06,0.9999999999999987
0.055369,2.76845,0.25,0.25,1000416.2214884739,10.00416221488474,473.1495630319559,0.09431724811700086,2.130737656176931,0.2447505055012131,0.023490938836485464,0.02304789356478268,2.4485237592091758,0.7552484951938067,0.01765607948924035,0.017780235935102962,7.5556284584664395,9.9930497891034e-07,0.00047054395104794507,0.0004705436777113172,9.997209111161015e-06,0.9999999999999987
0.055369,2.76845,0.275,0.275,1000402.384591177,10.00402384591177,473.14959224617786,0.09432107723651444,2.131561573949137,0.2448796094746102,0.023493330172357416,0.02305961070972141,2.449781452561562,0.7551193911999929,0.01765541299708038,0.01777685700107166,7.554232396075109,9.993253952644757e-07,0.00047054395101158553,0.0004705436827546952,9.99727508405102e-06,0.9999999999999983
0.055369,2.76845,0.3,0.3,1000388.5453185695,10.003885453185696,473.14962066767816,0.09432483046074713,2.132476811486335,0.2450225305404256,0.023495657532970535,0.023072613427128033,2.4511773289761116,0.7549764701129452,0.017654763254304703,0.017773141313855323,7.552698126860377,9.99346627531936e-07,0.0004705439509283482,0.00047054368803322645,9.997349189856917e-06,0.9999999999999983
0.055369,2.76845,0.325,0.325,1000374.7035423053,10.003747035423054,473.14964822143526,0.09432850481292619,2.1334703588175414,0.24517730131361642,0.02349791483851714,0.0230867184956559,2.452691701169115,0.754821699317822,0.0176541318534393,0.017769136858505924,7.551045336823653,9.99368559954505e-07,0.00047054395079008514,0.00047054369348725246,9.997430268939887e-06,0.9999999999999982
0.055369,2.76845,0.35,0.35,1000360.8591568462,10.003608591568462,473.1496748434159,0.09433209774082786,2.1345299680986423,0.2453420695845859,0.023500096914863863,0.023101753430208063,2.454306035169551,0.7546569310243287,0.017653520149816398,0.017764888808552804,7.549292558881663,9.993910835863703e-07,0.00047054395059265784,0.0004705436990794338,9.99751723010153e-06,0.9999999999999982
0.055369,2.76845,0.375,0.375,1000347.01207802,10.0034701207802,473.149700480117,0.09433560709206398,2.135644144501771,0.2455150969491669,0.02350219943950833,0.02311755635471241,2.4560029365314455,0.754483903636735,0.017652929275727123,0.017760439559300196,7.547457186639687,9.99414096163496e-07,0.0004705439503326634,0.0004705437047754328,9.997609049258083e-06,0.999999999999998
0.055369,2.76845,0.4,0.4,1000333.1622416048,10.003331622416047,473.14972508791755,0.09433903108959182,2.1368021349785202,0.24569475711672858,0.023504218888158,0.023133975844528847,2.4577661333276017,0.7543042434457674,0.0176523601544113,0.017755828769078635,7.545555491383658,9.994375020041132e-07,0.00047054395000732804,0.00047054371054344377,9.997704768426249e-06,0.999999999999998
0.055369,2.76845,0.425,0.425,1000319.3096019389,10.00319309601939,473.14974863242804,0.09434236830755818,2.1379939150323524,0.2458795339169801,0.023506152482098846,0.023150870740472264,2.4595804561308006,0.754119466621806,0.017651813513840455,0.017751093407930907,7.543602642085074,9.99461211892539e-07,0.0004705439496144646,0.00047054371635411673,9.99780349454262e-06,0.9999999999999979
0.055369,2.76845,0.45,0.45,1000305.4541305642,10.003054541305643,473.14977108785007,0.09434561764754926,2.1392101736424665,0.24606801902696412,0.0235079981365089,0.023168109936515534,2.461431815197757,0.7539309814878907,0.01765128990025353,0.017746267813191993,7.541612728203467,9.994851429465375e-07,0.0004705439491524315,0.0004705437221804853,9.997904398118882e-06,0.9999999999999979
0.055369,2.76845,0.475,0.475,1000291.5958149016,10.002915958149016,473.1497924363499,0.09434877831531092,2.1404422964858822,0.24625890944042403,0.023509754409859286,0.023185572143295446,2.463307175077991,0.7537400910503552,0.017650789691407792,0.017741383751406898,7.539598785064292,9.995092184695024e-07,0.0004705439486200927,0.0004705437279978893,9.998006711745637e-06,0.9999999999999978
0.055369,2.76845,0.5,0.5,1000277.7346569645,10.002777346569646,473.14981266744707,0.09435184979799825,2.141682347607715,0.24645100470219936,0.023511420454532493,0.023203145629583154,2.465194526874489,0.7535479957644305,0.017650313109511102,0.01773647048602046,7.537572821585405,9.995333677888004e-07,0.00047054394801678,0.0004705437337838961,9.998109728458278e-06,0.9999999999999977
0.055369,2.76845,0.525,0.525,1000263.8706721116,10.002638706721116,473.1498317774199,0.09435483184200871,2.142923049691301,0.24664320393057695,0.02351299596877497,0.02322072794390045,2.4670828583856994,0.7533557965118945,0.01764986023380479,0.017731554850267683,7.5355458501225945,9.995575260815926e-07,0.0004705439473422535,0.0004705437395182159,9.99821279997814e-06,0.9999999999999976
0.055369,2.76845,0.55,0.55,1000250.0038878411,10.002500038878411,473.1498497687273,0.09435772443144676,2.1441577630804725,0.2468345026506102,0.02351448115008835,0.023238225618465634,2.468962122359262,0.7531644977677532,0.01764943101276982,0.017726661324692788,7.5335279182037915,9.995816341895183e-07,0.00047054394659666653,0.0004705437451826178,9.998315334842803e-06,0.9999999999999977
0.055369,2.76845,0.575,0.575,1000236.1343426291,10.00236134342629,473.14986664945155,0.09436052776726388,2.1453804637056018,0.24702398946133386,0.023515876650151275,0.023255553857639992,2.4708232030869897,0.7529750109330252,0.0176490252759322,0.017721812118728412,7.53152814192248,9.9960563842355e-07,0.0004705439457805291,0.0004705437507608406,9.998416796438674e-06,0.9999999999999974
0.055369,2.76845,0.6,0.6,1000222.262084812,10.002222620848121,473.14988243275997,0.0943632422471122,2.1465857200635186,0.2472108425595606,0.023517183531351443,0.023272636213017832,2.4726578815681606,0.7527881578109464,0.017648642745246718,0.017717027255773652,7.529554740763234,9.996294903603847e-07,0.0004705439448946745,0.00047054375623850435,9.998516700949518e-06,0.9999999999999974
0.055369,2.76845,0.625,0.625,1000208.3871715167,10.002083871715167,473.1498971363867,0.09436586844594387,2.147768669398784,0.2473943261425624,0.023518403224995814,0.02328940424726305,2.4744587994643656,0.7526046742042883,0.017648283046041262,0.01771232466122013,7.52761507363616,9.996531466316539e-07,0.00047054394394022587,0.00047054376160301923,9.998614615233782e-06,0.9999999999999973
0.055369,2.76845,0.65,0.65,1000194.5096676387,10.001945096676387,473.149910782138,0.0943684070973849,2.1489249932304615,0.2475737867114293,0.02351953749125542,0.023305797188742986,2.4762194220639864,0.7524252136119993,0.017647945717506896,0.017707720252889282,7.5257156759022195,9.996765687072552e-07,0.00047054394291856503,0.0004705437668434943,9.998710154643807e-06,0.9999999999999973
0.055369,2.76845,0.675,0.675,1000180.6296448668,10.001806296448668,473.149923395417,0.09437085907590562,2.150050892364365,0.24774864929627666,0.023520588380890016,0.023321761578948157,2.4779340004681534,0.7522503510039978,0.017647630222721884,0.01770322803335961,7.523862297177507,9.996997226740277e-07,0.0004705439418313022,0.0004705437719506455,9.998802980799077e-06,0.9999999999999972
0.055369,2.76845,0.7,0.7,1000166.7471807593,10.001667471807593,473.1499350047732,0.09437322537980676,2.151143061525978,0.24791841362374636,0.023521558198787543,0.023337250914615318,2.4795975332027647,0.7520805866536718,0.017647335958200453,0.01769886018368211,7.522059939712002,9.997225790109922e-07,0.00047054394068024753,0.00047054377691670444,9.998892799325839e-06,0.9999999999999972
0.055369,2.76845,0.725,0.725,1000152.8623578683,10.001528623578684,473.14994564147355,0.09437550711503376,2.152198663743878,0.2480826502464387,0.023522449469342795,0.023352225286392338,2.481205727453016,0.751916350008446,0.017647062262959926,0.017694627158002085,7.520312897146281,9.997451123623043e-07,0.0004705439394673839,0.0004705437817353269,9.998979357574474e-06,0.9999999999999971
0.055369,2.76845,0.75,0.75,1000138.9752629143,10.001389752629143,473.1499553390963,0.09437770547982914,2.1532153046076017,0.2482409966530264,0.023523264903690548,0.023366651015797754,2.4827549601080237,0.7517580035796694,0.017646808427102225,0.017690537778628456,7.518624793458648,9.997673013090146e-07,0.0004705439381948405,0.00047054378640150156,9.999062442325672e-06,0.999999999999997
0.055369,2.76845,0.775,0.775,1000125.0859860091,10.001250859860091,473.1499641331489,0.09437982175022737,2.154191006517661,0.2483931533768548,0.023524007368798904,0.02338050029213708,2.484242238793629,0.7516058468340141,0.01764657369990824,0.0176865993311151,7.5169986219245555,9.997891281407005e-07,0.00047054393686486983,0.0004705437909114619,9.999141877495953e-06,0.9999999999999971
0.055369,2.76845,0.8,0.8,1000111.1946199297,10.001111946199297,473.1499720607084,0.09438185726639366,2.155124183038755,0.24853888011983316,0.023524679858420234,0.02339375081094232,2.485665163061458,0.7514601200695852,0.01764635729744575,0.017682817658944062,7.515436783920286,9.99810578627944e-07,0.0004705439354798235,0.000470543795262597,9.999217521852363e-06,0.999999999999997
0.055369,2.76845,0.825,0.825,1000097.3012594391,10.000973012594391,473.1499791600838,0.09438381341980308,2.1560136134603867,0.2486779919073825,0.023525285465888914,0.023406385415402315,2.4870218858918984,0.7513210082609727,0.017646158409693653,0.017679197257426192,7.513941127413196,9.998316417965968e-07,0.00047054393404213186,0.00047054379945336605,9.999289266745707e-06,0.999999999999997
0.055369,2.76845,0.85,0.85,1000083.4060006568,10.000834060006568,473.1499854705023,0.09438569164125458,2.1568584176619603,0.2488103552891349,0.02352582735874768,0.023418391742150088,2.488311075657916,0.7511886448585524,0.017645976207187396,0.01767574136646136,7.512512984991589,9.998523097046804e-07,0.00047054393255428344,0.00047054380348321304,9.999357033870806e-06,0.999999999999997
0.055369,2.76845,0.875,0.875,1000069.5089404754,10.000695089404754,473.1499910318185,0.09438749338970975,2.1576580313722498,0.2489358845989888,0.023526308755177368,0.02342976187267034,2.489531878685736,0.7510631155284309,0.017645809847192086,0.017672452061827514,7.511153211298215,9.998725772227511e-07,0.00047054393101880683,0.0004705438073524852,9.999420773062044e-06,0.9999999999999969
0.055369,2.76845,0.9,0.9,1000055.6101760232,10.000556101760232,473.1499958842426,0.09438922014194333,2.1584121819058173,0.24905453828701962,0.023526732902198366,0.023440491991486248,2.4906838825373314,0.7509444618205354,0.017645658479411613,0.017669330344694856,7.509862219742409,9.998924418184318e-07,0.00047054392943825306,0.0004705438110623525,9.999480460131257e-06,0.9999999999999969
0.055369,2.76845,0.925,0.925,1000041.7098041724,10.000417098041725,473.15000006809373,0.09439087338299114,2.159120864451602,0.24916631533463868,0.02352710305560647,0.023450582052180764,2.491767080128577,0.7508326847534549,0.017645521251243607,0.017666376229088846,7.508640018377022,9.999119033458173e-07,0.0004705439278151806,0.0004705438146147309,9.999536094754955e-06,0.999999999999997
0.055369,2.76845,0.95,0.95,1000027.8079210918,10.000278079210918,473.15000362357097,0.09439245459737618,2.1597843189816497,0.2492712517632892,0.023527422461600223,0.0234600354522039,2.4927818347858874,0.7507277483057437,0.017645397312591394,0.017663588827052747,7.5074862448373025,9.999309638403314e-07,0.00047054392615214,0.00047054381801220704,9.999587698416711e-06,0.9999999999999968
0.055369,2.76845,0.975,0.975,1000013.9046218396,10.000139046218397,473.15000659054766,0.0943939652610938,2.1604030078406664,0.24936941724587408,0.02352769434005237,0.02346885871731551,2.4937288463331924,0.7506295828044954,0.01764528582024535,0.017660966431287256,7.50640020024986,9.999496273195992e-07,0.0004705439244516617,0.0004705438212579675,9.99963531241026e-06,0.9999999999999969
0.055369,2.76845,1.0,1.0,1000000.0,10.0,473.150009008383,0.09439540683433281,2.1609775940699847,0.24946091182903435,0.02352792186937363,0.023477061196412456,2.494609118290344,0.7505380882030628,0.017645185941847316,0.017658506595071,7.505380882030629,9.999678995908047e-07,0.0004705439227162431,0.0004705438243557286,9.99967899590805e-06,0.9999999999999967
0.116718,5.8359000000000005,0.0,0.0,1000553.8837408738,10.005538837408738,473.15,0.1,2.2626185644286014,0.23,0.020952421543483774,0.013353362310686453,2.30127393260401,0.71,0.01578776491490916,0.01030531221802976,7.103932574560203,0.06,1.3286091366594759,1.9288821978337982,0.6003323302445244,1.0
0.116718,5.8359000000000005,0.025,0.025,1000539.3656695094,10.005393656695095,487.87014887180953,0.09830809200786414,2.093690711120285,0.24183932750986467,0.02269015142251062,0.01937336346915293,2.4196976734066076,0.7458313447489398,0.017125556757561184,0.014936840377956026,7.462336205715414,0.012329327741194558,0.4179009890575733,0.7505036107391844,0.12335977757306289,0.999999999999999
0.116718,5.8359000000000005,0.05,0.05,1000525.4012783126,10.005254012783125,477.1148976604888,0.09513845600721699,2.11733429498796,0.24464442144932036,0.02331066047495548,0.022405916047439217,2.4477295794108187,0.7540948906246466,0.017601711728096582,0.017266065899891003,7.544910930441499,0.0012606879260309077,0.06267731034404353,0.13843243005147995,0.012613502930787977,0.9999999999999979
0.116718,5.8359000000000005,0.075,0.075,1000511.5613270163,10.005115613270164,473.68528355833945,0.09434852809115207,2.130408375890699,0.2449966702064076,0.023405247178153656,0.023012459331373265,2.4512200102813297,0.7549362845114573,0.01767243095822493,0.017727731289634868,7.553224807189748,6.704528213207903e-05,0.005418582726399035,0.01357760007088316,0.0006707957990557672,0.999999999999997
0.116718,5.8359000000000005,0.1,0.1,1000497.7364117773,10.004977364117773,473.195175561648,0.09424634893020896,2.1326920632550483,0.2450498136437349,0.023414516628524944,0.023074537191314668,2.4517178385868466,0.7549472381176865,0.01767740086012356,0.01777195610190604,7.553230028470685,2.948238574776682e-06,0.0006796706517613689,0.0011180352698396724,2.9497060204659555e-05,0.9999999999999962
0.116718,5.8359000000000005,0.125,0.125,1000483.9124444607,10.004839124444606,473.15164150636593,0.09423852933789714,2.1329783603591306,0.24506899127960388,0.023416841903935733,0.02307892362048071,2.4518758321423553,0.7549299601625225,0.017677022223602956,0.0177735367481939,7.552952801649414,1.0485578690276298e-06,0.0004760293746215146,0.0004890227821559889,1.0490652792291896e-05,0.9999999999999953
0.116718,5.8359000000000005,0.15,0.15,1000470.0883885766,10.004700883885766,473.1488409950384,0.09423899788495313,2.132978646297816,0.2450716104713121,0.02341888139770243,0.02307895036505667,2.4518681578976445,0.7549273890344098,0.01767641756139762,0.01777330685839118,7.552822716342135,1.0004942727953893e-06,0.0004706745241666899,0.00047100326374614895,1.0009645935358681e-05,0.9999999999999947
0.116718,5.8359000000000005,0.175,0.175,1000456.264321756,10.00456264321756,473.1487168375903,0.09424004346722464,2.1328767742297394,0.2450605759115438,0.023420925784022977,0.023077625090406086,2.4517238830900117,0.7549384247723024,0.017675803806647527,0.017773346312878153,7.552828762406486,9.993161477622036e-07,0.0004705469172849319,0.0004705549764855766,9.997721000665822e-06,0.9999999999999939
0.116718,5.8359000000000005,0.2,0.2,1000442.4403674982,10.004424403674982,473.14873485339945,0.09424116199489421,2.13269957482512,0.24503824369519625,0.02342298802569708,0.02307524620194023,2.451466585057879,0.7549607570062169,0.017675185183911268,0.017773659611264127,7.552947821209934,9.992985803417632e-07,0.0004705439200171714,0.00047054403435170934,9.997407103728901e-06,0.9999999999999934
0.116718,5.8359000000000005,0.225,0.225,1000428.6166260957,10.004286166260957,473.14875962085904,0.09424232869697,2.1324623510894845,0.245006836311316,0.023425072788338823,0.02307202257890554,2.4511185031486615,0.754992164379857,0.017674560651334086,0.01777419410588942,7.553157665740823,9.993088199887467e-07,0.00047054385001336213,0.0004705437672424707,9.997371403635981e-06,0.999999999999993
0.116718,5.8359000000000005,0.25,0.25,1000414.793172485,10.00414793172485,473.1487849788887,0.09424354405517206,2.132178978995396,0.24496844803225673,0.02342718354166157,0.023068149234305557,2.450700592719748,0.755030552648404,0.01767392930429794,0.01777489877253513,7.553437341666602,9.993193317336805e-07,0.00047054384811499156,0.00047054375725485645,9.997338425696158e-06,0.9999999999999925
0.116718,5.8359000000000005,0.275,0.275,1000400.9700577479,10.004009700577479,473.14881070022153,0.09424480927551541,2.1318624340743946,0.2449250410834586,0.023429322789528438,0.0230638088339125,2.450232486913258,0.755073959586969,0.017673290487039212,0.017775725771385167,7.553767216361486,9.993295643932261e-07,0.0004705438478088402,0.00047054375332113634,9.997302656263701e-06,0.999999999999992
0.116718,5.8359000000000005,0.3,0.3,1000387.1473108109,10.00387147310811,473.1488367943586,0.09424612518552919,2.131524797696097,0.2448784427140589,0.02343149213872958,0.023059171471018432,2.4497324674463123,0.755120557946323,0.01767264377864821,0.01777663055390675,7.554129008396701,9.993396096243136e-07,0.0004705438475622611,0.0004705437494914989,9.997265012667665e-06,0.9999999999999916
0.116718,5.8359000000000005,0.325,0.325,1000373.3249401654,10.003733249401654,473.14886327047304,0.0942474922172372,2.1311772460778347,0.24483034336323328,0.023433692364882148,0.02305439449812049,2.449217446365201,0.7551686572871913,0.017671988975903833,0.017777571908116425,7.554505805809878,9.993495665599738e-07,0.0004705438473407634,0.0004705437456561284,9.997226486771143e-06,0.9999999999999911
0.116718,5.8359000000000005,0.35,0.35,1000359.5029355927,10.003595029355926,473.1488901286681,0.094248910435837,2.1308300451361197,0.244782295865404,0.023435923478675538,0.023049622453904104,2.4487029581934876,0.7552167047750601,0.017671326075927113,0.01777851197775998,7.554882073974355,9.993595266145034e-07,0.0004705438471435574,0.00047054374184011936,9.99718799298034e-06,0.9999999999999907
0.116718,5.8359000000000005,0.375,0.375,1000345.6812698813,10.003456812698813,473.14891736041375,0.09425037957032753,2.1304925517214,0.24473571562722585,0.023438184792088698,0.023044987080396057,2.448203161801892,0.7552632850031915,0.017670655258839773,0.017779416257849,7.555243653746462,9.993695731349277e-07,0.0004705438469700845,0.0004705437380688663,9.997150364780497e-06,0.9999999999999905
0.116718,5.8359000000000005,0.4,0.4,1000331.8599005247,10.003318599005247,473.1489449493443,0.09425189904412228,2.1301732208102973,0.24469188170603398,0.02344047498415345,0.023040607423827377,2.447730851295562,0.7553071189141747,0.017669976870541598,0.017780253568271998,7.5555777505952335,9.993797814546942e-07,0.0004705438468193071,0.0004705437343649727,9.997114355295543e-06,0.9999999999999901
0.116718,5.8359000000000005,0.425,0.425,1000318.0387713911,10.003180387713911,473.14897287206117,0.09425346800538116,2.1298796181777404,0.24465193871735494,0.023442792165869315,0.023036590012522184,2.447297475193631,0.755347061892416,0.017669291405709806,0.017780996007231365,7.555872915439542,9.993902190043848e-07,0.00047054384668974194,0.00047054373074825127,9.997080638417773e-06,0.9999999999999899
0.116718,5.8359000000000005,0.45,0.45,1000304.2178143554,10.003042178143554,473.14900109892267,0.09425508535687638,2.12961843806219,0.24461689949790993,0.023445133943908972,0.023033029105012395,2.446913163164296,0.7553821011011342,0.01766859949111509,0.017781618886286817,7.556119017929344,9.994009454671106e-07,0.0004705438465795101,0.0004705437272358073,9.997049810384054e-06,0.9999999999999897
0.116718,5.8359000000000005,0.475,0.475,1000290.3969508846,10.002903969508846,473.1490295948133,0.09425674978522709,2.1293955253347447,0.2445876484501755,0.02344749748278785,0.023030007001537442,2.4465867595750947,0.755411352137801,0.017667901869339774,0.017782100648797032,7.556307212911254,9.994120129740962e-07,0.00047054384648638427,0.0004705437238421365,9.997022391753412e-06,0.9999999999999893
0.116718,5.8359000000000005,0.5,0.5,1000276.576093572,10.00276576093572,473.1490583198907,0.09425845978935475,2.1292159016853116,0.24456494549492344,0.023449879565205594,0.023027594412114494,2.446325863121731,0.7554340550815994,0.01766719938297461,0.01778242277354414,7.556429900815052,9.99423466336089e-07,0.0004705438464078384,0.00047054372057923324,9.996998829742325e-06,0.9999999999999892
0.116718,5.8359000000000005,0.525,0.525,1000262.7551476103,10.002627551476102,473.14908723030794,0.09426021370802722,2.129083795345635,0.24454943055915238,0.02345227665030107,0.023025850874449798,2.4461368718087697,0.7554495700054933,0.017666492959362,0.017782569665303505,7.556480682687724,9.994353433063317e-07,0.0004705438463410902,0.00047054371745670486,9.996979500874892e-06,0.9999999999999889
0.116718,5.8359000000000005,0.55,0.55,1000248.9340122017,10.002489340122017,473.1491162789058,0.09426200974637544,2.1290026738792474,0.24454162852836725,0.023454684929595526,0.02302482521509894,2.4460250325710717,0.7554573720239468,0.0176657835959445,0.01778252853408514,7.556454310586122,9.994476748709344e-07,0.0004705438462831486,0.0004705437144818981,9.996964713906257e-06,0.9999999999999889
0.116718,5.8359000000000005,0.575,0.575,1000235.1125818981,10.002351125818981,473.1491454158737,0.09426384600128315,2.1289752795818084,0.24454195459418757,0.023457100380430754,0.023024556047466047,2.4459944948451464,0.7554570459453157,0.017665072346269392,0.017782289264725706,7.556346634019011,9.994604855625517e-07,0.00047054384623085223,0.00047054371166002466,9.996954712978178e-06,0.9999999999999889
0.116718,5.8359000000000005,0.6,0.6,1000221.2907478688,10.002212907478688,473.14917458937987,0.09426572048556481,2.1290036670514496,0.24455071993069574,0.023459518816740084,0.023025072300452417,2.446048367424011,0.7554482805954991,0.0176643603066916,0.01778184427845199,7.556154543104884,9.99473793793491e-07,0.0004705438461809119,0.00047054370899429835,9.99694968096795e-06,0.9999999999999887
0.116718,5.8359000000000005,0.625,0.625,1000207.4683990929,10.002074683990928,473.149203746164,0.09426763115086143,2.129089242507123,0.24456813763571375,0.02346193593701988,0.02302639377181886,2.4461887779569818,0.7554308628766626,0.017663648603809826,0.017781188387970534,7.55587590908409,9.994876122044489e-07,0.0004705438461299464,0.00047054370648606927,9.996949742992661e-06,0.9999999999999886
0.116718,5.8359000000000005,0.65,0.65,1000193.6454234727,10.001936454234727,473.1492328320961,0.09426957590919889,2.1292328044532125,0.24459432887625365,0.023464347369397558,0.02302853170060581,2.4464169344864795,0.7554046716217868,0.017662938382662953,0.017780318647564634,7.555509522793162,9.995019480253504e-07,0.0004705438460745197,0.0004705437041349649,9.996954970033377e-06,0.9999999999999885
0.116718,5.8359000000000005,0.675,0.675,1000179.8217088695,10.001798217088695,473.1492617926966,0.09427155265316566,2.12943458531044,0.2446293291806734,0.023466748713718875,0.023031489353257908,2.446733188446863,0.7553696713025115,0.017662230795707112,0.017779234199600796,7.555055031676334,9.995168034448668e-07,0.00047054384601117233,0.00047054370193902847,9.99696538264506e-06,0.9999999999999883
0.116718,5.8359000000000005,0.7,0.7,1000165.9971440568,10.001659971440569,473.14929057362116,0.09427355927468091,2.129694293655989,0.2446730948235307,0.023469135580603036,0.02303526261841906,2.4471370985849896,0.7553259056442816,0.017661526992586767,0.01777793611876316,7.554512875874508,9.995321759854596e-07,0.00047054384593645286,0.00047054369989485943,9.996980954720662e-06,0.9999999999999883
0.116718,5.8359000000000005,0.725,0.725,1000152.1716195951,10.00152171619595,473.149319121105,0.09427559368233414,2.1300111567395894,0.24472550925271724,0.023471503627437423,0.023039840605695635,2.447627495298165,0.7552734911992122,0.017660828110707297,0.0177764272552473,7.553884223896052,9.995480588809795e-07,0.00047054384584694676,0.000470543697997753,9.997001617279626e-06,0.9999999999999883
0.116718,5.8359000000000005,0.75,0.75,1000138.3450286258,10.001383450286259,473.1493473823716,0.09427765381728988,2.130383962966553,0.2447863895121317,0.023473848591306423,0.023045206244026527,2.4482025449219598,0.7552126109234151,0.017660135266610474,0.017774712078055824,7.553170908336918,9.995644414540577e-07,0.0004705438457393009,0.00047054369624183553,9.99702726225324e-06,0.9999999999999882
0.116718,5.8359000000000005,0.775,0.775,1000124.5172675846,10.001245172675846,473.1493753060018,0.09427973766776078,2.130811104063499,0.24485549261687334,0.02347616631886905,0.02305133687564419,2.448859813537671,0.7551435078018054,0.017659449548149055,0.017772796519447485,7.552375362080312,9.995813094907753e-07,0.00047054384561024873,0.00047054369462020085,9.997057746241617e-06,0.9999999999999882
0.116718,5.8359000000000005,0.8,0.8,1000110.6882368395,10.001106882368395,473.1494028422671,0.0942818432820618,2.1312906166671244,0.24493252184167197,0.023478452793218984,0.02305820484195822,2.449596329906593,0.7550664785596705,0.017658772007451595,0.017770687821500618,7.551500555368789,9.995986456102785e-07,0.00047054384545662975,0.0004705436931250392,9.997092894219084e-06,0.999999999999988
0.116718,5.8359000000000005,0.825,0.825,1000096.8578412489,10.000968578412488,473.1494299434243,0.09428396878026635,2.1318202231010304,0.24501713288698837,0.023480704157778132,0.023065778058039152,2.4504086471754882,0.7549818674965701,0.017658103654664192,0.01776839438566113,7.550549934104379,9.996164296272655e-07,0.0004705438452754102,0.00047054369174776614,9.997132503167163e-06,0.9999999999999881
0.116718,5.8359000000000005,0.85,0.85,1000083.0259906491,10.000830259906492,473.14945656397606,0.0942861123644941,2.132397371129862,0.2451089398908844,0.023482916737289982,0.023074020572721957,2.451292903034358,0.7548900604744648,0.01765744545245176,0.017765925626055588,7.549527359695669,9.996346389054494e-07,0.00047054384506369754,0.00047054369047914323,9.99717634561632e-06,0.9999999999999881
0.116718,5.8359000000000005,0.875,0.875,1000069.1926002677,10.000691926002677,473.14948266089635,0.09428827232786621,2.1330192725038017,0.24520752125836287,0.023485087055993583,0.023082893111684846,2.4522448780436394,0.7547914790883765,0.017656798311237707,0.017763291827262103,7.548437050734746,9.996532487003382e-07,0.0004705438448187565,0.00047054368930939653,9.99722417307982e-06,0.9999999999999881
0.116718,5.8359000000000005,0.9,0.9,1000055.3575910679,10.00055357591068,473.14950819382034,0.09429044706216937,2.1336829401296744,0.24531242528337788,0.023487211853070747,0.023092353601185823,2.453260051883006,0.7546865750443777,0.01765616308515769,0.017760504007146082,7.547283526751835,9.996722324898747e-07,0.00047054384453802005,0.0004705436882283283,9.99727571936523e-06,0.9999999999999881
0.116718,5.8359000000000005,0.925,0.925,1000041.5208900283,10.000415208900284,473.1495331252046,0.0942926350642773,2.1343852237272976,0.24542317554210938,0.023489288095470514,0.023102357670456833,2.4543336573079144,0.7545758247663163,0.017655540568700293,0.017757573785284555,7.5460715542615455,9.996915622916614e-07,0.0004705438442191008,0.0004705436872254239,9.997330703750818e-06,0.999999999999988
0.116718,5.8359000000000005,0.95,0.95,1000027.682430358,10.00027682430358,473.1495574204529,0.0942948349413806,2.1351228438513568,0.24553927603935966,0.023491312988223868,0.023112859131060606,2.455460731632688,0.7544597242494194,0.01765493149400507,0.017754513257423242,7.54480609528194,9.9971120896571e-07,0.0004705438438597976,0.00047054368628995013,9.997388834016306e-06,0.999999999999988
0.116718,5.8359000000000005,0.975,0.975,1000013.842151654,10.000138421516539,473.1495810480163,0.0942970454150817,2.135892424179673,0.2456602160930517,0.023493283982369682,0.023123810431807314,2.456636165590182,0.7543387841757938,0.017654336528786056,0.017751334876333718,7.543492258476429,9.997311425018344e-07,0.0004705438434581029,0.00047054368541105194,9.997449809319221e-06,0.999999999999988
0.116718,5.8359000000000005,1.0,1.0,1000000.0,10.0,473.1496039794619,0.09429926532441352,2.1366905219884376,0.24578547494478034,0.023495198780619547,0.023135163088106547,2.4578547494478036,0.7542135253038753,0.0176537562748476,0.017748051339365245,7.5421352530387535,9.99751332290957e-07,0.00047054384301220743,0.00047054368457783856,9.997513322909572e-06,0.9999999999999879
0.172048,8.602400000000001,0.0,0.0,1000554.083149806,10.00554083149806,473.15,0.1,2.2626190153651873,0.23,0.019970742652357428,0.013353364060268247,2.3012743912445544,0.71,0.015079518289276414,0.010305313568250495,7.103933990363624,0.06,1.583772456159383,1.9288823736747651,0.6003324498898837,1.0
0.172048,8.602400000000001,0.025,0.025,1000539.3419626531,10.00539341962653,492.93680091832465,0.09963322884022106,2.0793136888865003,0.24068207559093327,0.02220922769559435,0.018589291967519173,2.408118855339579,0.74303607259593,0.01680323495687004,0.014347261280229758,7.43436823129646,0.016281851813132155,0.5953169497219121,0.9038686199088579,0.16290633299044677,0.9999999999999953
0.172048,8.602400000000001,0.05,0.05,1000525.2796130738,10.005252796130739,480.35696123076866,0.09580380800167523,2.1027879727570724,0.24410364691192743,0.023170452175177637,0.022040021307947032,2.4423186958112724,0.7537672748696134,0.017542098381753402,0.017014336952279777,7.5416321345210475,0.0021290782184500362,0.11051933058164705,0.20754650616070608,0.021301965798328278,0.9999999999999908
0.172048,8.602400000000001,0.075,0.075,1000511.4313468477,10.005114313468477,474.4470571687068,0.09445134507588736,2.1243903377978235,0.24455851551466273,0.02334902259044331,0.02291956146152012,2.446835904056355,0.7552977858283293,0.017677559100536526,0.017696269937290884,7.556840687922064,0.00014369865699447281,0.011363690303168372,0.02492936836093427,0.001437721489921597,0.9999999999999865
0.172048,8.602400000000001,0.1,0.1,1000497.6189109304,10.004976189109303,473.29900697551795,0.09421431632386933,2.1291429848057306,0.24458188445032544,0.023368090322117514,0.023026967863815438,2.4470359302129894,0.7554120541133312,0.01769002144507337,0.017780189580577237,7.557879614370028,6.061436325561245e-06,0.0010489446329811157,0.001989755429137796,6.064452610904245e-05,0.9999999999999822
0.172048,8.602400000000001,0.125,0.125,1000483.8099193955,10.004838099193956,473.16113528746746,0.09418977015418263,2.129782625743829,0.24459208485638323,0.023371033675080664,0.023034375656759122,2.447104209332424,0.7554067778301762,0.017690045327665996,0.017785043518905343,7.55772251122469,1.1373134187174046e-06,0.000488208761755737,0.0005218746099799107,1.1378636622308418e-05,0.9999999999999781
0.172048,8.602400000000001,0.15,0.15,1000470.0004280664,10.004700004280664,473.1490476227501,0.0941905672913218,2.1299750675981284,0.24461748624439103,0.023373124383922705,0.023036670985976043,2.447324565676384,0.755381510864999,0.01768941639473316,0.017784373882925426,7.557365404984591,1.0028905842449148e-06,0.0004709966042652884,0.00047191551321457327,1.0033619432488137e-05,0.9999999999999744
0.172048,8.602400000000001,0.175,0.175,1000456.1899529395,10.004561899529396,473.14820829191325,0.09419357194302042,2.130205704315555,0.24465624822132018,0.023375178245516458,0.02303998605793828,2.447678579436826,0.7553427524219999,0.01768877079016161,0.017783202566141375,7.556873321966806,9.993566504459336e-07,0.0004705551235306542,0.0004705791653655091,9.998125469092704e-06,0.9999999999999705
0.172048,8.602400000000001,0.2,0.2,1000442.3783506631,10.004423783506631,473.14818002846835,0.09419670105637411,2.1305022430346403,0.2447055298405312,0.02337721478168226,0.02304427424021723,2.448137822692202,0.7552934708792455,0.01768812904735243,0.017781770079051146,7.556275963591597,9.992801902163007e-07,0.0004705440466246342,0.0004705444572860319,9.99722250138699e-06,0.9999999999999669
0.172048,8.602400000000001,0.225,0.225,1000428.5655331187,10.004285655331186,473.148201155888,0.0941998014606186,2.1308501228024714,0.24476261245361824,0.02337923065985777,0.023049288253360348,2.4486750927311194,0.7552363882523636,0.017687492690621375,0.017780147300431967,7.555600565377257,9.992939815745249e-07,0.00047054377177901485,0.00047054357123218365,9.997222445324806e-06,0.9999999999999634
0.172048,8.602400000000001,0.25,0.25,1000414.7514442886,10.004147514442886,473.1482246405847,0.09420286252932168,2.131232792160156,0.24482496087823477,0.023381223182261074,0.02305479222624468,2.4492650238435694,0.7551740398113423,0.01768686244280392,0.017778396165213206,7.554872493350434,9.993103831631974e-07,0.00047054376463543323,0.00047054355113260854,9.99724848587907e-06,0.9999999999999603
0.172048,8.602400000000001,0.275,0.275,1000400.936056369,10.004009360563689,473.148247941552,0.09420588300655248,2.131634873367496,0.24489024756910785,0.02338319078618767,0.02306056948419859,2.449884328992115,0.755108753103832,0.017686238713640105,0.01777657342618704,7.554115034294312,9.993270173308769e-07,0.00047054376403413205,0.0004705435529519653,9.997276835642285e-06,0.9999999999999571
0.172048,8.602400000000001,0.3,0.3,1000387.1193669174,10.003871193669173,473.1482709326019,0.09420886260854505,2.132042459056331,0.24495636889943576,0.02338513295109758,0.023066424207554212,2.450511962538865,0.7550426317568147,0.017685621639528817,0.0177747303704939,7.553349233824162,9.993437036030035e-07,0.0004705437635720125,0.0004705435553177602,9.997305689048752e-06,0.999999999999954
0.172048,8.602400000000001,0.325,0.325,1000373.3013959564,10.003733013959565,473.1482936137028,0.0942118015171471,2.1324431889596465,0.24502145522616992,0.023387050085635425,0.023072182370520975,2.4511292207744515,0.754977545413451,0.017685011113495856,0.01777291257754206,7.5525937958506955,9.993603304832213e-07,0.0004705437630939984,0.0004705435576631297,9.997333930896541e-06,0.9999999999999514
0.172048,8.602400000000001,0.35,0.35,1000359.4821830322,10.003594821830323,473.1483159997794,0.09421470030368666,2.132826281505524,0.24508387561056078,0.023388943411477195,0.02307769217851122,2.451719788971913,0.754915125012586,0.017684406815623173,0.01777115980451721,7.551865035497295,9.993768018902807e-07,0.00047054376259731225,0.00047054355994580915,9.997360600446961e-06,0.9999999999999486
0.172048,8.602400000000001,0.375,0.375,1000345.6617842809,10.00345661784281,473.14833811456623,0.09421755987333817,2.1331825347446007,0.24514223797174542,0.023390814846662833,0.023082824080019538,2.4522697427512536,0.7548567626351649,0.017683808243603952,0.017769505983225194,7.55117687770614,9.993930358238903e-07,0.0004705437620833727,0.0004705435621411618,9.997384878038512e-06,0.999999999999946
0.172048,8.602400000000001,0.4,0.4,1000331.8402695484,10.003318402695484,473.1483599889987,0.09422038141097067,2.1335043017387183,0.24519538538014407,0.023392666890382306,0.02308747041910125,2.4527675108292066,0.7548036152108355,0.01768321474291702,0.017767979311063782,7.5505408944596315,9.994089641157801e-07,0.0004705437615541426,0.0004705435642295081,9.997406082558214e-06,0.9999999999999437
0.172048,8.602400000000001,0.425,0.425,1000318.0177196031,10.00318017719603,473.1483816598194,0.09422316632838534,2.1337854446665747,0.24524238913112392,0.023394502510854814,0.023091544788206745,2.453203805564655,0.7547566114442855,0.017682625536191376,0.01776660242047549,7.549966374207125,9.994245320236222e-07,0.0004705437610119559,0.00047054356619562616,9.997423667342119e-06,0.9999999999999415
0.172048,8.602400000000001,0.45,0.45,1000304.1942234733,10.003041942234733,473.1484031682448,0.09422591621354462,2.134021271471796,0.24528253917719262,0.023396325037651013,0.02309498113530564,2.453571527087292,0.754716461383049,0.01768203975140727,0.017765392612756017,7.549460417709621,9.994396976701193e-07,0.000470543760459431,0.00047054356802850577,9.997437214528607e-06,0.9999999999999394
0.172048,8.602400000000001,0.475,0.475,1000290.3698759322,10.002903698759322,473.1484245587006,0.09422863278230638,2.1342084584928505,0.24531533243876774,0.023398138059546648,0.023097732673785447,2.453865646214123,0.7546836681067381,0.017681456448648696,0.01776436214352018,7.549028055098144,9.994544313570933e-07,0.0004705437598993893,0.0004705435697210729,9.997446428163264e-06,0.9999999999999373
0.172048,8.602400000000001,0.5,0.5,1000276.5447751522,10.002765447751523,473.14844587763565,0.09423131783307111,2.134344962154324,0.24534045945918578,0.02339994532876145,0.0230997706385196,2.4540830708138266,0.7546585410720348,0.017680874645183805,0.01776351854846005,7.548672379485923,9.99468714781945e-07,0.00047054375933478187,0.0004705435712698913,9.99745112632946e-06,0.9999999999999354
0.172048,8.602400000000001,0.525,0.525,1000262.7190205434,10.002627190205434,473.1484671724249,0.09423397320465247,2.1344299224637124,0.2453577898189308,0.02340175067222801,0.023101082926757388,2.454222499771548,0.7546412106984626,0.0176802933387042,0.017762864999272095,7.548394692981991,9.994825401808908e-07,0.00047054375876861714,0.00047054357267484117,9.997451232548974e-06,0.9999999999999335
0.172048,8.602400000000001,0.55,0.55,1000248.892710783,10.00248892710783,473.14848849036224,0.09423660073759592,2.1344635607460916,0.24536735667693613,0.023403557910349565,0.023101672658080635,2.454284268234771,0.7546316438270863,0.017679711528603013,0.01776240068078433,7.548194661425612,9.99495909420637e-07,0.0004705437582038998,0.0004705435739387907,9.997446766669491e-06,0.9999999999999317
0.172048,8.602400000000001,0.575,0.575,1000235.0659420446,10.002350659420445,473.148509877751,0.09423920223909468,2.1344470737597265,0.2453693407630918,0.023405370783542014,0.023101556683586474,2.4542701873832717,0.7546296597280054,0.01767912823521442,0.017762121181384732,7.548070474598641,9.995088330575528e-07,0.00047054375764357025,0.00047054357506725827,9.997437835429773e-06,0.9999999999999303
0.172048,8.602400000000001,0.6,0.6,1000221.2388064292,10.002212388064292,473.148531379094,0.09424177945158593,2.1343825260680775,0.24536405410563897,0.023407192886712395,0.023100764070676967,2.4541833815610996,0.7546349463729604,0.017678542516974507,0.017762018889841413,7.548019009077858,9.995213293810652e-07,0.0004705437570904555,0.00047054357606807814,9.997424622869778e-06,0.9999999999999287
0.172048,8.602400000000001,0.625,0.625,1000207.411390597,10.00207411390597,473.1485530363794,0.09424433402505064,2.1342727422966963,0.24535192373979584,0.023409027611701713,0.023099334586353153,2.454028125234844,0.754647076726708,0.01767795348549651,0.017762083392517662,7.54803599126302,9.995334234557483e-07,0.0004705437565472222,0.0004705435769510671,9.997407380730557e-06,0.9999999999999274
0.172048,8.602400000000001,0.65,0.65,1000193.5837745974,10.001935837745974,473.1485748884671,0.09424686749299234,2.1341212006761467,0.24533347560960003,0.023410878097613254,0.023097317198706915,2.453809681898437,0.7546655248451799,0.017677360318580717,0.017762301865823806,7.548116158460379,9.995451461746262e-07,0.00047054375601633924,0.0004705435777277029,9.997386418969033e-06,0.9999999999999262
0.172048,8.602400000000001,0.675,0.675,1000179.7560308913,10.001797560308914,473.14859697056767,0.09424938125202452,2.1339319290635843,0.24530931884341853,0.02341274718885625,0.02309476861336715,2.4535341467291447,0.754689681599973,0.017676762271203843,0.017762659459517226,7.54825341621692,9.995565333342933e-07,0.0004705437555000433,0.00047054357841081005,9.997362096493771e-06,0.9999999999999248
0.172048,8.602400000000001,0.7,0.7,1000165.9282235611,10.001659282235611,473.1486193138173,0.09425187654496345,2.1337094044447755,0.24528013055473238,0.023414637400658977,0.023091751858972127,2.4532082945107017,0.7547188698775665,0.01767615868455211,0.01776313966716493,7.5484409903893335,9.995676247407943e-07,0.00047054375500031213,0.00047054357901426267,9.997334812210967e-06,0.9999999999999237
0.172048,8.602400000000001,0.725,0.725,1000152.1004076966,10.001521004076965,473.1486419449375,0.09425435444728829,2.133458456744475,0.24524664129350454,0.023416550891741498,0.023088334933293878,2.4528394340763153,0.7547523591279547,0.017675548993179243,0.01776372468072355,7.548671572694881,9.995784633536596e-07,0.0004705437545188445,0.0004705435795527032,9.997304996454605e-06,0.9999999999999225
0.172048,8.602400000000001,0.75,0.75,1000138.2726289495,10.001382726289496,473.14866488598244,0.09425681585681069,2.1331841776150235,0.24520962124954868,0.02341848944378795,0.02308458951942077,2.452435270285226,0.7547893791612784,0.01767493273038361,0.017764395726773127,7.548937458730383,9.995890944740602e-07,0.0004705437540570415,0.000470543580041276,9.997273102860225e-06,0.9999999999999216
0.172048,8.602400000000001,0.775,0.775,1000124.4449232458,10.001244449232457,473.148688154163,0.09425926148637144,2.1328918347301467,0.24516986728770285,0.023420454447317267,0.023080589779396997,2.452003774330197,0.7548291331126529,0.017674309531909675,0.017765133382466894,7.549230677661868,9.995995649818057e-07,0.0004705437536159983,0.00047054358049538426,9.997239600729464e-06,0.9999999999999207
0.172048,8.602400000000001,0.8,0.8,1000110.6173166439,10.00110617316644,473.14871176174665,0.09426169185937026,2.132586791982148,0.24512819087513696,0.023422446893521114,0.02307641123091015,2.451553062978454,0.7548708095148603,0.017673679138086498,0.01776591786973227,7.549543112982217,9.996099226247295e-07,0.00047054375319649484,0.00047054358093046223,9.997204967920611e-06,0.9999999999999198
0.172048,8.602400000000001,0.825,0.825,1000096.7898253276,10.000967898253275,473.14873571602396,0.09426410730792087,2.1322744358652597,0.24508540694366615,0.023424467371615878,0.02307212971099848,2.451091287173946,0.7549135934360375,0.017673041394522165,0.017766729326682943,7.549866613908836,9.996202153630253e-07,0.0004705437527989963,0.0004705435813617722,9.997169684290645e-06,0.9999999999999191
0.172048,8.602400000000001,0.85,0.85,1000082.9624557203,10.000829624557204,473.1487600193379,0.09426650797341715,2.1319601082250004,0.24504232371437112,0.023426516071241115,0.023067820429305375,2.4506265302730195,0.7549566766550564,0.017672396251476406,0.017767548055579674,7.550193097149142,9.996304907701198e-07,0.0004705437524236535,0.00047054358180421805,9.997134225704471e-06,0.9999999999999182
0.172048,8.602400000000001,0.875,0.875,1000069.1352047118,10.000691352047118,473.1487846691714,0.09426889380929232,2.1316490454621366,0.24499973349802673,0.023428592789430203,0.02306355711212903,2.4501667160475646,0.7549992668610955,0.017671743762035848,0.017768354747013094,7.550514638899673,9.996407954909037e-07,0.00047054375207030856,0.0004705435822721815,9.997099058619383e-06,0.9999999999999177
0.172048,8.602400000000001,0.9,0.9,1000055.3080599811,10.000553080599811,473.14880965828354,0.09427126458574933,2.131346324199567,0.24495840447269068,0.02343069694167678,0.023059411237388583,2.4497195264681815,0.7550405958760517,0.017671084079216384,0.01776913068027622,7.550823557066165,9.996511747574176e-07,0.0004705437517385035,0.00047054358277937844,9.997064635245514e-06,0.9999999999999171
0.172048,8.602400000000001,0.925,0.925,1000041.4810004066,10.000414810004065,473.1488349748918,0.09427361989624435,2.131056813350312,0.2449190734291924,0.023432827576625303,0.023055451359644076,2.449292329173769,0.7550799269090521,0.017670417452116387,0.0177698579001527,7.5511124837980725,9.996616719614458e-07,0.000470543751427493,0.00047054358333873563,9.997031389276668e-06,0.9999999999999165
0.172048,8.602400000000001,0.95,0.95,1000027.6539965504,10.000276539965503,473.14886060289246,0.09427595916550625,2.130785132464091,0.24488243946607854,0.023434983393922026,0.023051742523455942,2.448892114442148,0.7551165608615092,0.017669744221242234,0.017770519370569518,7.551374428522785,9.996723282829297e-07,0.00047054375113625625,0.00047054358396228345,9.996999732180475e-06,0.9999999999999161
0.172048,8.602400000000001,0.975,0.975,1000013.8270112064,10.000138270112064,473.14888652211596,0.09427828165888152,2.130535616178065,0.24484915860771334,0.023437162764775157,0.023048345762640324,2.448525441397733,0.7551498417090199,0.017669064813124066,0.017771099105753984,7.551602831743438,9.996831823726995e-07,0.00047054375086351446,0.0004705435846610719,9.996970050032651e-06,0.9999999999999155
0.172048,8.602400000000001,1.0,1.0,1000000.0,10.0,473.14891270860943,0.09428058649279954,2.1303122845534617,0.2448198393125914,0.023439363754788608,0.023045317682360122,2.448198393125914,0.7551791609930536,0.017668379734336187,0.01777158227969642,7.551791609930537,9.996942700875537e-07,0.00047054375060774943,0.0004705435854451014,9.996942700875538e-06,0.9999999999999152
0.2,10.0,0.0,0.0,1000554.0128328694,10.005540128328695,473.15,0.1,2.2626188563528546,0.23,0.01952410791914278,0.013353363443318814,2.3012742295156,0.71,0.01475728711858621,0.010305313092126477,7.103933491113374,0.06,1.6678998102804257,1.9288823116685285,0.6003324076997217,1.0
0.2,10.0,0.025,0.025,1000539.1581895208,10.005391581895209,495.07471372963784,0.10026313206192759,2.076077368592763,0.24046078761434506,0.021953139838964086,0.01825999765753581,2.4059043401724596,0.7413005209212398,0.016628011353142055,0.014073132162052766,7.417001991679904,0.018238691464409807,0.6795740668786987,0.9731383319930791,0.18248525004278984,0.9999999999999947
0.2,10.0,0.05,0.05,1000525.0232174495,10.005250232174495,482.2214709387788,0.09623337209091619,2.098440500838449,0.24438139033453432,0.02308847977748095,0.02188887140239225,2.4450969623837255,0.752960647172674,0.017501404878507234,0.016860386499216645,7.533559689942655,0.0026579624927807674,0.13903979118553342,0.2458774670096972,0.026593579848005873,0.999999999999989
0.2,10.0,0.075,0.075,1000511.1511390287,10.005111511390288,474.99074700593087,0.09457088571268467,2.1251319112823457,0.24500802460556956,0.02331960370889963,0.022926793026272808,2.451332607364179,0.7547922116898349,0.017677712024517712,0.017657549016113074,7.551780245885702,0.00019976370457909303,0.015600213521567301,0.03239678292315956,0.0019986581402422522,0.9999999999999836
0.2,10.0,0.1,0.1,1000497.3300769198,10.004973300769198,473.38932178251804,0.09423524331547703,2.1317221640838544,0.24503218631372953,0.023345625485903472,0.023065746062088357,2.451540481897968,0.7549590714263087,0.017695853650013825,0.017766741678676302,7.553345352793724,8.74225993971919e-06,0.0013609881145879687,0.0026666754414236002,8.746607728527464e-05,0.999999999999978
0.2,10.0,0.125,0.125,1000483.5162665563,10.004835162665563,473.1713782441233,0.09419090272449056,2.1323142815013862,0.24498203265964524,0.023348783388371774,0.0230705326529576,2.4510048545745025,0.7550167489918904,0.017696328775806267,0.017775424560774935,7.5538181187155065,1.2183484368454323e-06,0.0004999611507224747,0.000551402350459004,1.2189375281329805e-05,0.9999999999999725
0.2,10.0,0.15,0.15,1000469.7040370911,10.00469704037091,473.14973187560287,0.09418623719117203,2.131927033510015,0.24491328213150249,0.023350648818616464,0.023064195649106653,2.4502831888885686,0.7550857126598137,0.017695764148611695,0.01777715407782592,7.554403794673999,1.0052086508206531e-06,0.000471323890513365,0.0004727811633236808,1.0056808013820625e-05,0.999999999999967
0.2,10.0,0.175,0.175,1000455.8928725917,10.004558928725917,473.1480047045172,0.09418563231392271,2.131404091752448,0.2448374637986006,0.02335251605512372,0.023056848337644657,2.4494908345328987,0.7551615367694013,0.017695154366396706,0.017778779392639537,7.5550580953167,9.99431959729229e-07,0.0004705638550738007,0.0004706034127608798,9.998875936363102e-06,0.9999999999999617
0.2,10.0,0.2,0.2,1000442.0827015497,10.004420827015498,473.1479068201584,0.0941854443516558,2.13087740833347,0.24476218429303953,0.023354426988897153,0.023049541562809757,2.4487038942070902,0.7552368164209027,0.017694531959050463,0.01778038388582966,7.55570693553016,9.992860141674847e-07,0.0004705442357813333,0.00047054529268224595,9.997277812282488e-06,0.9999999999999564
0.2,10.0,0.225,0.225,1000428.2734287822,10.004282734287822,473.14792257012624,0.09418537103246487,2.130391208677176,0.24469310317531728,0.023356379712859445,0.02304281165468126,2.4479789872961355,0.7553058975339714,0.01769389856834756,0.017781837036570897,7.556293749804877,9.992906624679426e-07,0.00047054373568420575,0.0004705437592065786,9.997186321063082e-06,0.9999999999999512
0.2,10.0,0.25,0.25,1000414.464913934,10.00414464913934,473.1479456288911,0.09418538893874417,2.129972744076199,0.24463427036580287,0.023358369232678214,0.023037035838068844,2.4473566268761537,0.7553647303342814,0.017693255531489316,0.01778304030901282,7.5567780251222825,9.992998617089693e-07,0.00047054372267668474,0.0004705437130043398,9.997140364401467e-06,0.999999999999946
0.2,10.0,0.275,0.275,1000400.6569849323,10.004006569849322,473.14796943286007,0.09418549378792584,2.129639893019822,0.24458838618413176,0.023360389180432907,0.023032465450801252,2.4468638222948975,0.7554106145058839,0.017692604516955167,0.01778392787901729,7.557132750450776,9.993099254250945e-07,0.0004705437219544304,0.00047054370560690567,9.997103059268282e-06,0.9999999999999412
0.2,10.0,0.3,0.3,1000386.8494513512,10.003868494513512,473.1479935424622,0.09418568212223476,2.129403102342002,0.24455703114464045,0.02336243239292056,0.023029247576795926,2.4465163789796285,0.7554419695344486,0.01769194740081314,0.017784461220439963,7.557342118458907,9.99320847100194e-07,0.00047054372155583984,0.00047054369947691494,9.997074338216187e-06,0.9999999999999362
0.2,10.0,0.325,0.325,1000373.042115457,10.00373042115457,473.1480178476979,0.09418595037463189,2.12926675697577,0.24454086912504136,0.023364491364301177,0.02302744396653683,2.446320931681755,0.7554581315422266,0.017691286148870385,0.01778462415648198,7.557399492417564,9.993326634314668e-07,0.00047054372117718397,0.00047054369366002696,9.997054566022788e-06,0.9999999999999314
0.2,10.0,0.35,0.35,1000359.2347810803,10.003592347810804,473.14804225514087,0.09418629498036572,2.1292303639821952,0.2445398261910801,0.023366558610487104,0.023027047685906552,2.446276734020073,0.7554591744634767,0.017690622721253588,0.017784418499517823,7.5573056167463015,9.993453701705634e-07,0.0004705437208052336,0.0004705436881260775,9.997043697858402e-06,0.9999999999999268
0.2,10.0,0.375,0.375,1000345.427260578,10.003454272605781,473.14806667591796,0.09418671251208778,2.1292895881561504,0.24455324718983074,0.023368626956759272,0.023027997695906164,2.44637722548073,0.7554457534511628,0.017689958997079255,0.01778386023264678,7.557067050082928,9.99358928909768e-07,0.00047054372043416986,0.00047054368285820447,9.997041347269158e-06,0.9999999999999225
0.2,10.0,0.4,0.4,1000331.6193801365,10.003316193801364,473.14809102774996,0.0941871997862479,2.1294371536015295,0.24458003209119403,0.02337068975850149,0.023030191547415726,2.446611395698299,0.755418968535449,0.017689296716640185,0.017782976184903553,7.556694801055381,9.993732750421615e-07,0.00047054372005876524,0.0004705436778323153,9.997046865881562e-06,0.9999999999999181
0.2,10.0,0.425,0.425,1000317.8109836415,10.003178109836416,473.14811523693965,0.09418775394214976,2.1296636235999054,0.24461875393023932,0.023372741064027876,0.023033496363150916,2.446964964570431,0.75538024668135,0.01768863743875799,0.01778180115504635,7.556203148205712,9.993883246997467e-07,0.0004705437196743416,0.00047054367301876135,9.997059412862594e-06,0.999999999999914
0.2,10.0,0.45,0.45,1000304.0019353194,10.003040019353193,473.1481392397702,0.09418837249735378,2.1299580702296046,0.24466776008133065,0.023374775727638082,0.023037758267672567,2.447421395539057,0.7553312405145987,0.017687982511171128,0.017780375441795244,7.555608626735223,9.99403980712875e-07,0.0004705437192768533,0.0004705436683842407,9.997078014571778e-06,0.99999999999991
0.2,10.0,0.475,0.475,1000290.1921213357,10.002901921213356,473.1481629833804,0.0941890533828727,2.13030864441756,0.24472525847840243,0.02337678948025066,0.023042810415521035,2.4479627582030474,0.7552737421013659,0.017687333052033537,0.017778742741218524,7.554929165907755,9.99420137684403e-07,0.00047054371886294364,0.0004705436638934187,9.997101615342633e-06,0.999999999999906
0.2,10.0,0.5,0.5,1000276.3814505164,10.002763814505164,473.1481864261946,0.0941897949612724,2.1307030563678278,0.2447893902842312,0.02337877896423503,0.023048479757244354,2.44857045530989,0.7552096102789849,0.017686689940789885,0.017776948374662534,7.554183362065178,9.994366862668865e-07,0.000470543718429972,0.00047054365951027704,9.997129120279363e-06,0.9999999999999024
0.2,10.0,0.525,0.525,1000262.5698543409,10.002625698543408,473.14820953798545,0.09419059603047691,2.1311289756054292,0.244858290405027,0.023380741738383892,0.023054592673248994,2.449225828106728,0.7551407101413551,0.017686053816871276,0.01777503781319743,7.553389873276238,9.994535167249008e-07,0.0004705437179760175,0.0004705436551992231,9.99715943089208e-06,0.9999999999998989
0.2,10.0,0.55,0.55,1000248.7572863396,10.002487572863396,473.1482322996309,0.09419145581578296,2.1315743592016374,0.24493013714508347,0.023382676258338585,0.023060979596011513,2.449910653013425,0.7550688633842901,0.017685425084820107,0.017773055467011,7.552566922657451,9.994705218586022e-07,0.0004705437174998644,0.0004705436509259882,9.997191474333963e-06,0.9999999999998955
0.2,10.0,0.575,0.575,1000234.9437210147,10.002349437210146,473.1482547026254,0.09419237395231883,2.1320277161066046,0.24500319219950362,0.023384581837196817,0.02306747873223737,2.450607541611394,0.7549958083127891,0.01768480392460545,0.017771043710526513,7.551731898373447,9.994875993589348e-07,0.00047054371700096963,0.00047054364665833275,9.997224226946363e-06,0.9999999999998921
0.2,10.0,0.6,0.6,1000221.1291523862,10.002211291523862,473.1482767484007,0.09419335045993242,2.1324783149066273,0.24507583209108905,0.02338645859049398,0.023073938988031853,2.4513002550210974,0.7549231684041463,0.017684190306031106,0.01776904211625272,7.5509010392449225,9.995046536595413e-07,0.00047054371647942166,0.0004705436423665921,9.997256732764111e-06,0.9999999999998891
0.2,10.0,0.625,0.625,1000207.3135922584,10.002073135922585,473.1482984474941,0.09419438571225898,2.132916341746067,0.24514657207025228,0.02338830736925318,0.02308022219204965,2.45197394286738,0.7548524284080363,0.01768358400626887,0.017767086872494613,7.550089195765947,9.995215973452305e-07,0.00047054371593588596,0.0004705436380240709,9.997288117581159e-06,0.999999999999886
0.2,10.0,0.65,0.65,1000193.4970682837,10.001934970682838,473.1483198186142,0.09419548040150946,2.1333330146069893,0.2452140834141913,0.02339012968434296,0.023086204703907716,2.4526153162043385,0.7547849170473397,0.01768298462966841,0.017765210362065652,7.549309657159732,9.995383521720774e-07,0.00047054371537154767,0.00047054363360731714,9.997317599128599e-06,0.9999999999998832
0.2,10.0,0.675,0.675,1000179.6796218953,10.001796796218953,473.1483408876289,0.0941966355003205,2.1337206596226808,0.2452772049834473,0.02339192762496327,0.023091778487871636,2.4532127629889824,0.7547217954615834,0.017682391629105187,0.017763440881047,7.548574035884281,9.99554849749576e-07,0.0004705437147880458,0.0004705436290962833,9.997344493870426e-06,0.9999999999998804
0.2,10.0,0.7,0.7,1000165.8613061677,10.001658613061677,473.1483616865163,0.09419785222183182,2.1340727546131193,0.2453349498202333,0.023393703773698288,0.02309685172495279,2.453756413954591,0.7546640506086126,0.01768180432822778,0.017761802478439496,7.547892201737644,9.995710319309832e-07,0.0004705437141874068,0.0004705436244743973,9.997368220879466e-06,0.9999999999998779
0.2,10.0,0.725,0.725,1000152.042183657,10.00152042183657,473.14838225229374,0.09419913197898828,2.1343839445708794,0.2453865075034562,0.023395461120225457,0.023101349030070908,2.4542381660389703,0.7546124929095682,0.017681221944057246,0.01776031489925165,7.547272258408051,9.995868509538848e-07,0.0004705437135719784,0.00047054361972855555,9.997388303214587e-06,0.9999999999998753
0.2,10.0,0.75,0.75,1000138.2223242638,10.001382223242638,473.1484026259562,0.09420047634391926,2.1346500333935676,0.24543124291002888,0.023397202975453623,0.023105211334836926,2.4546516698687086,0.7545677574875749,0.01768064360947431,0.01775899361516453,7.546720555968292,9.996022693691702e-07,0.0004705437129443593,0.0004705436148490476,9.997404367181818e-06,0.9999999999998732
0.2,10.0,0.775,0.775,1000124.4018031536,10.001244018031535,473.1484228514359,0.09420188700810893,2.1348679557531955,0.2454686919707481,0.02339893288757563,0.02310839549078217,2.4549922871864704,0.7545303084118629,0.017680068395205348,0.017757849928414678,7.546241733427635,9.99617259793034e-07,0.0004705437123073371,0.000470543609829432,9.997416139826155e-06,0.9999999999998707
0.2,10.0,0.8,0.8,1000110.5806987667,10.001105806987667,473.14844297460235,0.09420336574395069,2.135035732612745,0.2454985549515659,0.02340065456126185,0.02311087364249152,2.455257023533187,0.7545004454164983,0.017679495330985773,0.017756891135942147,7.545838786029725,9.99631804513197e-07,0.0004705437116638202,0.00047054360466636144,9.997423444966497e-06,0.9999999999998688
0.2,10.0,0.825,0.825,1000096.7590909387,10.000967590909386,473.14846304231264,0.09420491436816798,2.1351524135447657,0.24552068773736466,0.02340237178098788,0.02311263241507876,2.455444440959168,0.7544783126166072,0.01767892342564099,0.017756120742165385,7.545513152522691,9.996458949774506e-07,0.0004705437110167816,0.00047054359935938273,9.997426198055093e-06,0.9999999999998669
0.2,10.0,0.85,0.85,1000082.9370591514,10.000829370591514,473.1484831015226,0.09420653470748451,2.135218008675279,0.2455350915452232,0.023404088339280583,0.023113671955759037,2.4555545550363442,0.7544639087951106,0.017678351685879157,0.01775553870997096,7.54526481812942,9.99659531189599e-07,0.0004705437103692003,0.0004705435939107037,9.997424400112685e-06,0.999999999999865
0.2,10.0,0.875,0.875,1000069.1146809267,10.000691146809267,473.1485031984672,0.09420822856683929,2.135233412767387,0.2455419014474859,0.0234058079704814,0.023114004864914266,2.4555887199765856,0.7544570988796564,0.0176777791336392,0.01775514174064815,7.545092429413184,9.996727210352137e-07,0.0004705437097240094,0.0004705435883249449,9.997418130963592e-06,0.9999999999998633
0.2,10.0,0.9,0.9,1000055.292030377,10.00055292030377,473.1485233779147,0.09420999770036298,2.135200323672234,0.24554137404158405,0.023407534290459855,0.023113655047998734,2.455549505226964,0.7544576262727981,0.01767720482188051,0.017754923574558268,7.544993417667881,9.996854795570075e-07,0.00047054370908404915,0.00047054358260887897,9.997407541969106e-06,0.9999999999998617
0.2,10.0,0.925,0.925,1000041.4691769115,10.000414691769116,473.14854368249604,0.09421184378526183,2.1351211571090105,0.24553387456336268,0.02340927074256537,0.023112656515881954,2.4554405665104473,0.7544651257386692,0.01767662784873882,0.017754875305311044,7.5449641278644215,9.996978281973132e-07,0.0004705437084520257,0.0004705435767711646,9.997392848434089e-06,0.99999999999986
0.2,10.0,0.95,0.95,1000027.6461841073,10.000276461841073,473.1485641521159,0.09421376839869665,2.1349989594898475,0.2455198637034985,0.023411020549977974,0.0231110521577602,2.4552665139085246,0.7544791365865662,0.017676047370006453,0.017754985701127966,7.544999950556814,9.997097940229164e-07,0.00047054370783047064,0.0004705435708220748,9.997374321839361e-06,0.9999999999998588
0.2,10.0,0.975,0.975,1000013.8231087446,10.000138231087446,473.14858482344226,0.09421577299768903,2.1348373202787774,0.24549988435231682,0.023412786674507347,0.023108892507573777,2.45503277923915,0.7544991159261316,0.017675462609923552,0.017755241527908968,7.545095454494588,9.99721408945545e-07,0.0004705437072217105,0.00047054356477323217,9.997352282032951e-06,0.9999999999998574
0.2,10.0,1.0,1.0,1000000.0,10.0,473.14860572947595,0.09421785890204283,2.1346402851653887,0.2454745484667909,0.02341457178179466,0.023106234521931824,2.4547454846679093,0.7545244518003563,0.01767487287029262,0.017755627869287707,7.545244518003563,9.997327089494028e-07,0.0004705437066278405,0.0004705435586373491,9.997327089494029e-06,0.9999999999998562
0.211421,10.57105,0.0,0.0,1000554.138734252,10.00554138734252,473.15,0.1,2.262619141061965,0.23,0.01935041186016734,0.013353364547957169,2.3012745190887802,0.71,0.014631971553010907,0.010305313944619117,7.103934385013188,0.06,1.696058270153197,1.9288824226897285,0.6003324832405512,1.0
0.211421,10.57105,0.025,0.025,1000539.247457871,10.00539247457871,495.87079653558965,0.10048137987458779,2.0736439237481314,0.24010708327578315,0.021846719591582183,0.01810180357736959,2.4023656041005643,0.7407949704431298,0.016554490326621304,0.013962233915713614,7.41194442247745,0.019097946281086565,0.7129362220263418,1.0023730655818073,0.19108244800069196,0.9999999999999994
0.211421,10.57105,0.05,0.05,1000525.0905883592,10.005250905883592,483.0181418035287,0.0963922575685003,2.094225872164509,0.24412560800363828,0.023053095586887038,0.021789279735703916,2.4425379606277846,0.7529750337245863,0.017482571106291905,0.01680157991002483,7.533704138280646,0.002899358271773821,0.15150348226375915,0.2626609141372491,0.029008806975146115,0.9999999999999983
0.211421,10.57105,0.075,0.075,1000511.2162962683,10.005112162962682,475.24547103509406,0.09460518775565757,2.1228261353315587,0.24481502681379486,0.0233079062119758,0.02289299811592881,2.4494018024507347,0.7549579688044898,0.0176770715812684,0.017649295860617434,7.553439156211404,0.00022700438171215938,0.017602639647820186,0.035860604425239924,0.0022712043005141493,0.9999999999999969
0.211421,10.57105,0.1,0.1,1000497.3985418653,10.004973985418653,473.43535176975143,0.09422835851081657,2.130615926617427,0.24489530819389713,0.023337463432005417,0.023051465199706675,2.4501711876310246,0.7550945529899081,0.0176979007700325,0.017768853902412878,7.554701359195358,1.0138816189521642e-05,0.0015200781617410004,0.0030021658587555023,0.0001014385922191055,0.9999999999999948
0.211421,10.57105,0.125,0.125,1000483.5879287841,10.00483587928784,473.17708588223155,0.09417833062648155,2.13185482608776,0.24491637904699673,0.023340878228743818,0.023064350667436808,2.4503481765146535,0.7550823592629442,0.017698573288366104,0.01777696982190624,7.5544750797712155,1.2616900513844582e-06,0.0005063546946302903,0.0005670398171572875,1.2623001894631749e-05,0.9999999999999923
0.211421,10.57105,0.15,0.15,1000469.7776677186,10.004697776677187,473.1502074987229,0.09417495915915934,2.132009431789602,0.24492604461332299,0.023342710348091194,0.023065383094889508,2.4504110539932498,0.7550729489261971,0.017698022507534328,0.017776842453674398,7.55427665335101,1.0064604693428432e-06,0.000471507084909137,0.00047325181718864336,1.0069332819947821e-05,0.9999999999999895
0.211421,10.57105,0.175,0.175,1000455.9671495721,10.004559671495722,473.14795405087403,0.09417649659326491,2.1319920133950765,0.24492632967816433,0.023344496762774454,0.023065122050522118,2.450380080385629,0.7550726708497582,0.017697428906851626,0.01777661402619308,7.5541695918320535,9.994720637350216e-07,0.0004705688555954696,0.0004706165750071685,9.99927790163e-06,0.9999999999999862
0.211421,10.57105,0.2,0.2,1000442.1564138483,10.004421564138482,473.14781108256994,0.0941784608408039,2.1319088052785915,0.24491809832690356,0.023346293278370105,0.023064056432593415,2.4502639043494634,0.755080902377403,0.017696831194554355,0.01777658395048563,7.5541476624136354,9.99295676131915e-07,0.0004705443545980615,0.0004705455033322944,9.997375211244478e-06,0.9999999999999827
0.211421,10.57105,0.225,0.225,1000428.3455401979,10.004283455401978,473.147821909931,0.09418046524056864,2.1317776690046033,0.24490272207694808,0.02334810479014911,0.023062325440437705,2.450076250657321,0.755096278620487,0.017696229508981517,0.017776727805150286,7.554197207438543,9.993025438102325e-07,0.00047054372300319564,0.0004705436154177739,9.997305905981823e-06,0.9999999999999789
0.211421,10.57105,0.25,0.25,1000414.5345915963,10.004145345915964,473.14784272923987,0.09418248260354196,2.131610585099679,0.24488191485558314,0.023349934017043453,0.023060088945031837,2.449834268801472,0.755117085830422,0.017695623174737232,0.01777700404441052,7.554301079832043,9.993139696849573e-07,0.0004705437063763502,0.00047054356459146524,9.997282198932571e-06,0.9999999999999748
0.211421,10.57105,0.275,0.275,1000400.7236084967,10.004007236084966,473.1478643483261,0.09418451199619894,2.131420034416945,0.24485755802018835,0.023351782721531916,0.023057522091313093,2.449556782244059,0.7551414426544676,0.017695011731095722,0.017777366805475373,7.554440456582935,9.993253147746527e-07,0.00047054370542049185,0.00047054356183418434,9.997257680208515e-06,0.9999999999999707
0.211421,10.57105,0.3,0.3,1000386.9126083092,10.003869126083092,473.1478862487199,0.09418655375704137,2.131218651853093,0.24483156224984928,0.02335365172652101,0.02305480273709242,2.449262906681958,0.75516743841355,0.01769439496249686,0.01777776950621744,7.554596222168568,9.99336567088567e-07,0.00047054370487488385,0.00047054356030360253,9.99723223006318e-06,0.9999999999999664
0.211421,10.57105,0.325,0.325,1000373.101586378,10.00373101586378,473.1479084009325,0.0941886078896733,2.1310185666866754,0.2448057621877119,0.023355540951333263,0.023052101654557372,2.448970996059386,0.7551932384644187,0.017693772890015093,0.017778167419694426,7.554750022597117,9.993478314132812e-07,0.00047054370435496966,0.00047054355882004435,9.997206896745248e-06,0.9999999999999619
0.211421,10.57105,0.35,0.35,1000359.290517901,10.00359290517901,473.14793079208295,0.09419067400317863,2.1308308921139325,0.24478183889702518,0.023357449485282067,0.02304957531333918,2.4486978669069526,0.7552171617437257,0.017693145752113854,0.017778519564579723,7.554885041088962,9.99359206649964e-07,0.00047054370385044003,0.00047054355738267845,9.997182669368905e-06,0.9999999999999575
0.211421,10.57105,0.375,0.375,1000345.479360492,10.00345479360492,473.1479534017423,0.09419275135433282,2.130665367454064,0.24476126571006762,0.02335937568818718,0.023047360840934835,2.4484582567561834,0.7552377349191057,0.017692513978321663,0.017778790025123403,7.5549865396878495,9.993707795662372e-07,0.0004705437033597703,0.0004705435560167067,9.99716041544056e-06,0.9999999999999529
0.211421,10.57105,0.4,0.4,1000331.668057151,10.00331668057151,473.1479762020075,0.09419483890307198,2.1305301290420067,0.24474527355561806,0.0233613173082913,0.023045572796278644,2.4482644774499516,0.7552537270617076,0.01769187815835001,0.017778948796232857,7.5550422059801825,9.993826226742304e-07,0.00047054370288118644,0.00047054355474330476,9.997140859670434e-06,0.9999999999999483
0.211421,10.57105,0.425,0.425,1000317.8565394448,10.003178565394448,473.1479991589902,0.09419693537295278,2.1304315870847437,0.24473483231385185,0.023363271609699848,0.02304430143522899,2.4481262288073276,0.7552641682912986,0.01769123900871673,0.01777897223780997,7.555042339461985,9.993947931283087e-07,0.00047054370241254027,0.0004705435535786097,9.997124572987918e-06,0.9999999999999436
0.211421,10.57105,0.45,0.45,1000304.0447307483,10.003040447307482,473.14802223442655,0.09419903931329737,2.1303743884519935,0.2447306451694747,0.023365235502943102,0.023043612186019347,2.4480505423259116,0.7552683554231319,0.017690597338551283,0.01777884321218846,7.554979907868993,9.994073323898614e-07,0.00047054370195140523,0.00047054355253367265,9.997111969231458e-06,0.9999999999999389
0.211421,10.57105,0.475,0.475,1000290.2325494154,10.002902325494155,473.1480453872694,0.09420114916055565,2.13036144790367,0.24473315331731313,0.02336720567355106,0.02304354608840626,2.448041828443269,0.7552658472623548,0.01768995401592035,0.017778550969169065,7.554850499946922,9.99420266501637e-07,0.0004705437014951776,0.0004705435516146208,9.99710330793521e-06,0.9999999999999345
0.211421,10.57105,0.5,0.5,1000276.4199117868,10.002764199117868,473.1480685752046,0.09420326329696375,2.130394032555371,0.24474254872210277,0.023369178704654072,0.023044120982580966,2.4481020043583106,0.7552564518442203,0.017689309935717847,0.017778090834682545,7.554652197660155,9.994336068363316e-07,0.00047054370104117343,0.000470543550822963,9.997098701857701e-06,0.99999999999993
0.211421,10.57105,0.525,0.525,1000262.6067349616,10.002626067349617,473.14809175605916,0.09420538010504141,2.1304718864614207,0.24475879294837294,0.02337115119059191,0.02304533326313663,2.4482306825584232,0.7552402076042012,0.01768866598990966,0.017777463751456016,7.55438538769232,9.99447351202717e-07,0.00047054370058671643,0.00047054355015600005,9.997098128083825e-06,0.9999999999999253
0.211421,10.57105,0.55,0.55,1000248.7929392812,10.002487929392812,473.1481148890691,0.09420749801686498,2.1305933840682543,0.24478164035949812,0.02337311983934724,0.023047160039726525,2.4484254030328527,0.7552173601789376,0.017688023040705218,0.017776675713159124,7.554052529257728,9.994614852091992e-07,0.00047054370012922047,0.00047054354960731113,9.99710144169803e-06,0.999999999999921
0.211421,10.57105,0.575,0.575,1000234.9784504899,10.002349784504899,473.1481379359899,0.09420961555739334,2.1307557029741293,0.2448106642394396,0.02337508156232762,0.02304956156972252,2.4486818946998596,0.7551883362844932,0.017687381897042397,0.017775737127305943,7.553657892695815,9.994759837996948e-07,0.0004705436996662572,0.0004705435491672811,9.997108391176698e-06,0.9999999999999165
0.211421,10.57105,0.6,0.6,1000221.1632015561,10.00221163201556,473.1481608620422,0.0942117313814097,2.1309550079384536,0.24484528461858357,0.023377033550619285,0.02305248384939137,2.4489943538561576,0.7551537158905158,0.017686743294615382,0.017774662136634763,7.553207281039893,9.994908128901141e-07,0.0004705436991956194,0.00047054354882365907,9.997118634782188e-06,0.9999999999999123
0.211421,10.57105,0.625,0.625,1000207.3471341432,10.002073471341433,473.14818363668184,0.0942138443038792,2.1311866394290235,0.24488479678842454,0.023378973337335112,0.023055861269034472,2.449355729492339,0.7551142037055527,0.017686107879544524,0.01777346792372985,7.552707744716421,9.995059310456838e-07,0.0004705436987153669,0.0004705435485621121,9.997131757360453e-06,0.9999999999999083
0.211421,10.57105,0.65,0.65,1000193.5301997369,10.001935301997369,473.1482062342018,0.09421595332372341,2.1314453011907575,0.24492839967057511,0.023380898846091378,0.023059619254367218,2.4497580071268463,0.7550706008080381,0.01768547619567906,0.01777217401924199,7.55216729772228,9.995212911499945e-07,0.00047054369822386785,0.00047054354836677687,9.99714728705112e-06,0.9999999999999044
0.211421,10.57105,0.675,0.675,1000179.7123604354,10.001797123604353,473.1482286341623,0.09421805764116949,2.131725242377346,0.24497522336552865,0.023382808425981234,0.0230636768313122,2.4501924844116783,0.7550237770975298,0.01768484867543633,0.01777080163016239,7.551594642026969,9.995368420260481e-07,0.0004705436977198237,0.0004705435482207813,9.997164711512707e-06,0.9999999999999005
0.211421,10.57105,0.7,0.7,1000165.8935894244,10.001658935894245,473.1482508216677,0.09422015666896343,2.132020430718728,0.2450243553474674,0.02338470087367894,0.02306794906450672,2.450650033172724,0.7549746450998994,0.01768422563401164,0.017769373001166974,7.5509989055369955,9.995525299778741e-07,0.000470543697202287,0.0004705435481067376,9.997183493348905e-06,0.9999999999998967
0.211421,10.57105,0.725,0.725,1000152.0738711568,10.001520738711568,473.1482727874878,0.09422225003783193,2.1323247140135555,0.24507486489483027,0.023386575443513056,0.023072349331326902,2.4511213437825807,0.7549241355367627,0.017683607266738934,0.0177679108190356,7.550389397724836,9.995683002285627e-07,0.0004705436966706715,0.00047054354800719596,9.997203084494641e-06,0.9999999999998933
0.211421,10.57105,0.75,0.75,1000138.2532012622,10.001382532012622,473.14829452804815,0.09422433759665602,2.132631967946393,0.24512582545384098,0.023388431846499958,0.02307679140325088,2.4515971488392205,0.7548731749619506,0.01768299364934304,0.017766437667526554,7.549775385949362,9.995840982368336e-07,0.000470543696124748,0.0004705435479050512,9.997222939383459e-06,0.9999999999998899
0.211421,10.57105,0.775,0.775,1000124.4315862174,10.001244315862174,473.1483160452933,0.0942264194078674,2.132936228844347,0.24517633472518716,0.02339027023943535,0.02308119131505127,2.4520684240542,0.7548226656748286,0.017682384740795698,0.017764975537816356,7.549165894564314,9.99599870879807e-07,0.00047054369556464,0.00047054354778390653,9.997242526773234e-06,0.9999999999998866
0.211421,10.57105,0.8,0.8,1000110.6090428028,10.001106090428028,473.14833734644367,0.09422849573861655,2.1332318105154586,0.2452255323438704,0.023392091205209475,0.02308546900974919,2.4525265650527377,0.7547734680404455,0.017681780388470243,0.017763545397666013,7.548569528112786,9.996155674942583e-07,0.00047054369499080354,0.00047054354762838104,9.997261340153497e-06,0.9999999999998835
0.211421,10.57105,0.825,0.825,1000096.785597382,10.000967855973819,473.14835844365774,0.09423056704827543,2.1335134047603264,0.24527261509017104,0.023393895725545486,0.02308954975359242,2.45296353946744,0.7547263852785687,0.01768118033528079,0.017762166820816848,7.547994319226278,9.996311407727145e-07,0.00047054369440401,0.00047054354742437604,9.997278906698358e-06,0.9999999999998805
0.211421,10.57105,0.85,0.85,1000082.9612850267,10.000829612850268,473.14837935361504,0.09423263397284463,2.133776165526293,0.24531684962685615,0.023395685147366365,0.02309336532064825,2.4533720142793993,0.754682150726474,0.017680584228490157,0.0177608576767234,7.547447601274851,9.99646547514043e-07,0.00047054369380531715,0.00047054354715928524,9.997294794761975e-06,0.9999999999998778
0.211421,10.57105,0.875,0.875,1000069.1361485242,10.000691361485242,473.14840009703573,0.09423469730682633,2.1340157769877868,0.24535758280529713,0.02339746114397834,0.023096854951029446,2.453745458835835,0.7546414175328288,0.017679991629875543,0.017759633879571603,7.546935905339539,9.996617492310443e-07,0.0004705436931960394,0.00047054354682216114,9.997308619942132e-06,0.9999999999998751
0.211421,10.57105,0.9,0.9,1000055.3102372901,10.000553102372901,473.1484206981509,0.09423675798310834,2.1342285060934127,0.2453942496220625,0.023399225672220962,0.02309996609039154,2.4540782243623878,0.7546047507010974,0.017679402026950584,0.017758509194581926,7.546464880689191,9.996767126198028e-07,0.00047054369257771374,0.0004705435464038349,9.997320049759914e-06,0.9999999999998725
0.211421,10.57105,0.925,0.925,1000041.4836062191,10.000414836062191,473.148441184134,0.09423881705137964,2.1344112403265627,0.24542637893875352,0.023400980926681643,0.023102654921241944,2.454365601100132,0.7545726213697068,0.017678814844956328,0.017757495098837384,7.5460392376319545,9.996914098974323e-07,0.00047054369195206577,0.0004705435458969956,9.99732880702221e-06,0.9999999999998702
0.211421,10.57105,0.95,0.95,1000027.6563144919,10.000276563144919,473.14846158451155,0.09424087565557067,2.1345615115872345,0.24545359710221779,0.023402729292007454,0.02310488669886474,2.4546038544409243,0.7545454031918313,0.01767822945935077,0.01775660069328329,7.545662711368004,9.997058190162302e-07,0.000470543691320969,0.00047054354529622524,9.997334671947603e-06,0.9999999999998681
0.211421,10.57105,0.975,0.975,1000013.8284243713,10.000138284243713,473.14848193056,0.09424293501077355,2.134677507223891,0.24547562962061698,0.023404473294272202,0.023106635906366378,2.454790241617962,0.7545233706593253,0.017677645208545714,0.017755832662100107,7.54533804528693,9.997199237634108e-07,0.0004705436906864082,0.0004705435445980025,9.997337483147691e-06,0.999999999999866
0.211421,10.57105,1.0,1.0,1000000.0,10.0,473.1485022547043,0.09424499638006284,2.1347580693302524,0.24549230106386852,0.023406215552276108,0.023107886244554666,2.4549230106386855,0.7545066992022819,0.01767706140666152,0.01775519527533448,7.545066992022819,9.99733713756295e-07,0.00047054369005044276,0.0004705435438006729,9.997337137562951e-06,0.9999999999998641
0.255369,12.768450000000001,0.0,0.0,1000554.3052365627,10.005543052365628,473.15,0.1,2.2626195175846346,0.23,0.018726425686734098,0.013353366008821371,2.301274902044095,0.71,0.014181787593412102,0.010305315072025187,7.103935567179596,0.06,1.7788735223197594,1.9288825695132472,0.6003325831419377,1.0
0.255369,12.768450000000001,0.025,0.025,1000539.2651304203,10.005392651304204,498.5388596817592,0.10131037487317684,2.0690153997808416,0.23931387987862882,0.021429282260853433,0.01758544572117029,2.39442933509273,0.7384297984487393,0.016263456669975036,0.013565465933380929,7.388280078903062,0.02225632167263184,0.8355809101650474,1.1042601027513592,0.22268323730841313,1.0
0.255369,12.768450000000001,0.05,0.05,1000524.9959259552,10.005249959259553,486.23270721702573,0.09711063576135757,2.0822646828502545,0.24382827863582723,0.022904076251682434,0.021456060890982138,2.4395628748874376,0.7522504562999531,0.017398535003259392,0.016548871695628343,7.526453847248085,0.0039212650642197954,0.20367147342414785,0.3297093750572455,0.03923323712403102,1.0000000000000002
0.255369,12.768450000000001,0.075,0.075,1000511.0887668581,10.00511088766858,476.4074836790205,0.09483298330198277,2.117434018720266,0.24470767626403775,0.023260435649400377,0.02281208500052535,2.448327436085403,0.7549358792190672,0.017671416696699378,0.017594116487900508,7.553217184666344,0.00035644451689534644,0.02693437162187313,0.051290456210191744,0.003566266916839398,1.0000000000000004
0.255369,12.768450000000001,0.1,0.1,1000497.2679089957,10.004972679089958,473.67056615368335,0.09426121255798862,2.1289325097423175,0.2447963621146174,0.023306641581748135,0.023034618106451302,2.4491809148973593,0.7551860630567571,0.017705161228936846,0.017765197174051596,7.555615928512361,1.7574828626200074e-05,0.00234489798824559,0.004660320219553562,0.00017583568024481984,1.0000000000000007
0.255369,12.768450000000001,0.125,0.125,1000483.4603500976,10.004834603500976,473.2098840128856,0.09417037359013525,2.1309971881228225,0.24480889809617382,0.02331135429265458,0.02305394768219517,2.4492725349175446,0.7551895973396401,0.017706907011457298,0.017779277635127554,7.5555470156676,1.5045641870652177e-06,0.000542947716909704,0.0006527918172824701,1.5052915841938407e-05,1.0000000000000009
0.255369,12.768450000000001,0.15,0.15,1000469.6539873072,10.004696539873072,473.153509988522,0.09416108986388065,2.1312980925677136,0.244820739793611,0.023313155737842838,0.02305556545890811,2.449357208302306,0.7551782465773917,0.017706405927019105,0.017779398011567967,7.555329190520246,1.0136289984695723e-06,0.000472592864196584,0.0004759485562644379,1.0141050533703539e-05,1.000000000000001
0.255369,12.768450000000001,0.175,0.175,1000455.8473038094,10.004558473038093,473.14793002061407,0.09416191706834305,2.1313890413520635,0.24483515105287293,0.023314847627427242,0.023056631644208368,2.449467584963582,0.7551638492734103,0.017705819888497024,0.01777883468615933,7.555080886780359,9.996737182707646e-07,0.0004705991629501418,0.0004706945070021141,1.0001294168399275e-05,1.0000000000000016
0.255369,12.768450000000001,0.2,0.2,1000442.0401261144,10.004420401261143,473.14747507297875,0.09416376284169738,2.1314702046133656,0.24485156670657204,0.023316535851223088,0.02305786082376416,2.4495980092399834,0.7551474339958465,0.017705231625451075,0.01777820402448696,7.554812394628051,9.99297583064204e-07,0.0004705451273246485,0.0004705476551282689,9.997393126938476e-06,1.0000000000000016
0.255369,12.768450000000001,0.225,0.225,1000428.2324265826,10.004282324265827,473.14745939719575,0.09416569720734552,2.131557410330469,0.24486919602381835,0.023318222755204978,0.02305920226390003,2.44974056953827,0.7551298046754941,0.017704643614722966,0.017777543260094068,7.55453175744135,9.993006893386285e-07,0.0004705436842187105,0.0004705436202518326,9.997286222977098e-06,1.0000000000000018
0.255369,12.768450000000001,0.25,0.25,1000414.4241992541,10.004144241992542,473.1474765361241,0.09416763949392354,2.131647066467164,0.24488721899863788,0.023319908181646126,0.023060580271682864,2.44988706188279,0.7551117816871243,0.01770405598060987,0.017776872887541602,7.554247182825974,9.99314239534008e-07,0.0004705436455165551,0.0004705435102273309,9.997283795375303e-06,1.0000000000000018
0.255369,12.768450000000001,0.275,0.275,1000400.6154484268,10.004006154484268,473.1474958298031,0.0941695837116102,2.1317341505664604,0.2449048550619426,0.023321592284565554,0.023061922207113304,2.4500296773027515,0.755094145610009,0.0177034686849635,0.017776211950453466,7.5539664798975705,9.993280500101631e-07,0.00047054364382547505,0.00047054350649778525,9.997283962650434e-06,1.0000000000000016
0.255369,12.768450000000001,0.3,0.3,1000386.8061867639,10.003868061867639,473.14751524080646,0.09417152970788105,2.1318140791995184,0.24492140950514063,0.02332327556417837,0.023063163409321068,2.4501614662160813,0.7550775911530554,0.017702881596823206,0.01777557738486918,7.553696598368003,9.99341805180184e-07,0.0004705436430974706,0.00047054350558914826,9.997283567731195e-06,1.000000000000001
0.255369,12.768450000000001,0.325,0.325,1000372.9964338144,10.003729964338143,473.1475346578531,0.0941734778500071,2.1318830292880424,0.24493630390536522,0.023324958811890364,0.023064250044497893,2.450276642732336,0.7550626967391719,0.017702294508904978,0.017774983290751452,7.55344332432362,9.993554636323033e-07,0.000470543642394219,0.0004705435047251743,9.997282196563513e-06,1.0000000000000009
0.255369,12.768450000000001,0.35,0.35,1000359.1862143822,10.003591862143821,473.14755408719435,0.09417542863575122,2.1319380617492287,0.2449490936050519,0.023326643044421905,0.02306514073241394,2.4503707594270026,0.7550499070259493,0.017701707154909048,0.01777444050643182,7.553211105437235,9.993689989747745e-07,0.0004705436416923324,0.0004705435038252736,9.997279585422872e-06,1.0000000000000002
0.255369,12.768450000000001,0.375,0.375,1000345.3755568176,10.003453755568176,473.1475735430485,0.09417738263891659,2.1319771690105846,0.24495947483458463,0.02332832943412664,0.023065807208380324,2.4504407784960343,0.7550395257830214,0.017701119227771216,0.017773956435220988,7.553002979796581,9.993823932956212e-07,0.0004705436409921168,0.0004705435028826727,9.997275555461794e-06,0.9999999999999993
0.255369,12.768450000000001,0.4,0.4,1000331.564491329,10.00331564491329,473.1475930409731,0.09417934047535269,2.131999268386347,0.2449672837161225,0.023330019239605107,0.02306623422951533,2.450485061689401,0.755031716888239,0.017700530397835635,0.01777353506993127,7.552820585953865,9.993956369214884e-07,0.00047054364029454587,0.0004705435018950634,9.997270010274807e-06,0.9999999999999984
0.255369,12.768450000000001,0.425,0.425,1000317.7530483841,10.00317753048384,473.14761259678613,0.09418130277158476,2.1320041544785675,0.24497248907264155,0.02333171373971511,0.02306641890448986,2.4505032982781465,0.7550265115186278,0.017699940330138133,0.017773177168396267,7.552664234942738,9.994087279908976e-07,0.0004705436396006262,0.0004705435008626258,9.997262931607985e-06,0.9999999999999973
0.255369,12.768450000000001,0.45,0.45,1000303.9412572592,10.003039412572592,473.1476322258107,0.0941832701361162,2.1319924214844703,0.24497518068412757,0.0233334141732652,0.02306636959963137,2.45049638748542,0.7550238198941966,0.01769934870020109,0.017772880539948348,7.55253302783276,9.994216717640157e-07,0.0004705436389113322,0.0004705434997877285,9.99725437243464e-06,0.999999999999996
0.255369,12.768450000000001,0.475,0.475,1000290.1291447721,10.00290129144772,473.14765194221974,0.09418524313412206,2.131965364598414,0.2449755543802962,0.02333512168598832,0.02306610455073366,2.4504662892837867,0.7550234461852185,0.017698755207921746,0.017772640408977306,7.5524250049194315,9.994344797461663e-07,0.0004705436382275655,0.00047054349867462457,9.99724444817031e-06,0.9999999999999944
0.255369,12.768450000000001,0.5,0.5,1000276.3167342216,10.002763167342216,473.1476717584806,0.0941872222660249,2.131924868205483,0.24497389513392762,0.02333683728581298,0.023065650288931885,2.450415855206006,0.7550251054188964,0.01769815958928739,0.01777244982719007,7.552337314902813,9.994471686934596e-07,0.0004705436375501192,0.0004705434975291164,9.997233326711402e-06,0.9999999999999928
0.255369,12.768450000000001,0.525,0.525,1000262.5040445472,10.002625040445473,473.14769168491165,0.09418920795022095,2.131873287239743,0.2449705591187418,0.023338561806968777,0.023065039970358237,2.450348648813055,0.7550284414214895,0.017697561625776785,0.01777230011107445,7.552266394411109,9.994597595572741e-07,0.0004705436368796496,0.00047054349635820543,9.997221217865203e-06,0.9999999999999908
0.255369,12.768450000000001,0.55,0.55,1000248.6910897073,10.002486910897073,473.1477117293496,0.0941912005100381,2.1318133269090263,0.24496595551867506,0.0233402958830708,0.023064311682804203,2.4502687636909424,0.7550330450090372,0.01769696115141003,0.017772181285388437,7.552208149997656,9.994722764139195e-07,0.00047054363621665615,0.0004705434951697454,9.997208362634734e-06,0.9999999999999887
0.255369,12.768450000000001,0.575,0.575,1000234.8778782765,10.002348778782766,473.147731896923,0.09419320016485667,2.1317479249572955,0.24496052871954171,0.023342039929011307,0.02306350678810192,2.4501806452878885,0.7550384717956994,0.017696358057491784,0.01777208251729764,7.55215813629972,9.994847454166116e-07,0.0004705436355614647,0.0004705434939721036,9.99719502272985e-06,0.9999999999999865
0.255369,12.768450000000001,0.6,0.6,1000221.0644132446,10.002210644132447,473.147752189935,0.09419520702520918,2.131680139732748,0.2449547413775652,0.023343794131240436,0.02306266834623012,2.4500889215373935,0.755044259125225,0.01769575229515723,0.01777199252911148,7.552111725413424,9.994971937989183e-07,0.00047054363491422306,0.0004705434927738482,9.997181470596053e-06,0.999999999999984
0.255369,12.768450000000001,0.625,0.625,1000207.250692006,10.00207250692006,473.1477726078358,0.09419722109158025,2.1316130465443344,0.24494905874044925,0.023345558445829095,0.023061839656091772,2.4499982460237946,0.7550499417498833,0.01769514387588,0.017771899980464998,7.5520642637281,9.9950964895175e-07,0.0004705436342748962,0.00047054349158345783,9.997167980181618e-06,0.9999999999999815
0.255369,12.768450000000001,0.65,0.65,1000193.4367065176,10.001934367065175,473.1477931472892,0.09419924225656659,2.1315496441098642,0.24494393449393098,0.023347332603570477,0.0230610629383505,2.4499131564190098,0.75505506598391,0.017694532870136462,0.017771793813296865,7.552011213491135,9.99522137590042e-07,0.000470543633643274,0.00047054349040906863,9.99715481860429e-06,0.9999999999999786
0.255369,12.768450000000001,0.675,0.675,1000179.6224436074,10.001796224436074,473.14781380230914,0.09420127031000619,2.1314927723163493,0.24493979831862778,0.023349116121283205,0.023060378177512074,2.449837950037385,0.7550592021466629,0.0176939194044458,0.017771663555122223,7.551948277256208,9.995346850199655e-07,0.00047054363301897683,0.00047054348925825085,9.997142238825593e-06,0.9999999999999757
0.255369,12.768450000000001,0.7,0.7,1000165.8078854076,10.001658078854076,473.1478345644682,0.09420330494666228,2.1314450420176447,0.24493704526705018,0.02335090831842401,0.023059822133464594,2.4497765776058396,0.7550619551856079,0.017693303657019464,0.017771499577924815,7.551871504117491,9.995473145132001e-07,0.0004705436324014695,0.0004705434881378245,9.997130473397846e-06,0.9999999999999726
0.255369,12.768450000000001,0.725,0.725,1000151.9930098917,10.001519930098917,473.14785542315485,0.09420534577602965,2.1314087771777386,0.24493602700760547,0.023352708338092484,0.023059427526824997,2.449732555715813,0.7550629734323172,0.017692685852260186,0.017771293311529532,7.55177737726307,9.995600467910234e-07,0.0004705436317900795,0.0004705434870537138,9.997119729311026e-06,0.9999999999999695
0.255369,12.768450000000001,0.75,0.75,1000138.1777914931,10.001381777914931,473.1478763658792,0.09420739233383438,2.1313859693217956,0.24493704493004084,0.023354515171512817,0.023059222397565984,2.4497088978996415,0.7550619554970257,0.017692066254350398,0.017771037411592812,7.551662882904767,9.995728996179056e-07,0.0004705436311840131,0.000470543486010832,9.997110183936115e-06,0.9999999999999661
0.255369,12.768450000000001,0.775,0.775,1000124.3622017822,10.001243622017821,473.14789737860593,0.094209444094803,2.131378243973951,0.24494034506393672,0.023356327685099407,0.02305922963241163,2.449708063845542,0.7550586553501385,0.017691445160163802,0.017770725883392124,7.5515255610699255,9.995858875018e-07,0.000470543630582381,0.00047054348501300905,9.997101982036403e-06,0.9999999999999627
0.255369,12.768450000000001,0.8,0.8,1000110.5462101804,10.001105462101805,473.1479184461113,0.09421150048629764,2.1313868385338846,0.24494611472751554,0.023358144649253475,0.023059466653293705,2.4497319259219705,0.7550528856734221,0.01769082289172349,0.017770354163433092,7.551363539084192,9.99599021496241e-07,0.00047054362998421537,0.00047054348406294166,9.997095233797676e-06,0.999999999999959
0.255369,12.768450000000001,0.825,0.825,1000096.7297846945,10.000967297846945,473.1479395523523,0.09421356090243628,2.1314125908669244,0.24495448079719997,0.023359964768090262,0.02305994525666376,2.449781751913875,0.7550445195904465,0.017690199788416388,0.01776991916154684,7.551175548842612,9.99612309097859e-07,0.00047054362938849843,0.00047054348316218406,9.99709001381296e-06,0.9999999999999556
0.255369,12.768450000000001,0.85,0.85,1000082.9128926488,10.000829128926489,473.1479606808347,0.09421562471834505,2.1314559377489783,0.24496550946814444,0.023361786709359456,0.023060671591574565,2.4498582026713365,0.7550334909060532,0.01768957619915686,0.01776941926664253,7.550960929168311,9.996257542316478e-07,0.0004705436287941828,0.0004705434823111583,9.997086360944975e-06,0.9999999999999519
0.255369,12.768450000000001,0.875,0.875,1000069.095501404,10.00069095501404,473.14798181497935,0.09421769130422458,2.131516922212325,0.24497920736154427,0.023363609133891967,0.023061646263102593,2.449961343227105,0.7550197929990465,0.017688952474674537,0.01776885431963216,7.550719614702137,9.996393573155402e-07,0.00047054362820021545,0.0004705434815091929,9.997084278981573e-06,0.999999999999948
0.255369,12.768450000000001,0.9,0.9,1000055.2775790433,10.000552775790434,473.1480029384735,0.09421976003894428,2.1315952087764427,0.24499552382514134,0.02336543072397983,0.02306286454680899,2.4500906658457486,0.7550034765216876,0.017688328960081285,0.017768225557273115,7.550452112860392,9.996531153952396e-07,0.00047054362760556005,0.0004705434807545811,9.997083737993416e-06,0.9999999999999444
0.255369,12.768450000000001,0.925,0.925,1000041.4590950183,10.000414590950184,473.14802403560174,0.09422183032291631,2.1316901055147315,0.2450143542682934,0.0233672502101744,0.023064316699466562,2.4502451234168787,0.7549846460646249,0.0176877059878525,0.017767535530797445,7.550159470448035,9.996670223400028e-07,0.0004705436270092193,0.00047054348004465954,9.997084676300686e-06,0.9999999999999407
0.255369,12.768450000000001,0.95,0.95,1000027.6400207413,10.000276400207413,473.14804509155294,0.09422390159003746,2.131800591899217,0.2450355443716253,0.02336906639606545,0.023065988351154545,2.450423171591541,0.7549634559472425,0.017687083871337224,0.017766788003229565,7.549843231528238,9.996810690899341e-07,0.00047054362641025204,0.00047054347937589745,9.997087002954184e-06,0.9999999999999368
0.255369,12.768450000000001,0.975,0.975,1000013.8203301157,10.000138203301157,473.1480660926977,0.09422597331852336,2.131925351377136,0.24505889501305392,0.023370878180680985,0.023067860963988614,2.4506228180788083,0.7549401052916351,0.01768646289889117,0.017765987829250905,7.54950538813108,9.9969524394552e-07,0.0004705436258077919,0.0004705434787440006,9.997090600638067e-06,0.9999999999999329
0.255369,12.768450000000001,1.0,1.0,1000000.0,10.0,473.14808702683297,0.09422804504049542,2.132062807662321,0.24508416775634928,0.023372684578223325,0.02306991234316106,2.450841677563493,0.7549148325340471,0.017685843328707568,0.017765140821363188,7.549148325340471,9.997095328903311e-07,0.00047054362520106423,0.00047054347814402494,9.997095328903311e-06,0.9999999999999294
0.316718,15.8359,0.0,0.0,1000554.6784494459,10.00554678449446,473.15,0.1,2.262620361555571,0.23,0.017962425916617123,0.013353369283329997,2.301275760433726,0.71,0.013630588792316758,0.010305317599091627,7.103938216991066,0.06,1.8476442430519637,1.9288828986162787,0.6003328070696675,1.0
0.316718,15.8359,0.025,0.025,1000539.4562905196,10.005394562905195,501.2924521107768,0.10228547814829547,2.066672418515403,0.23826462709909402,0.020834758000848275,0.01694121407179006,2.3839316045099093,0.7351592662223195,0.01584277779094483,0.013067918072405064,7.35555852513017,0.026576106678585305,0.991545919176146,1.2314058314000784,0.2659044332651059,0.9999999999999989
0.316718,15.8359,0.05,0.05,1000525.012969975,10.00525012969975,490.9758879499126,0.0982035456077254,2.0659304169265713,0.2434317216314097,0.02266237488032326,0.020957894037507956,2.435595264425695,0.7509326993285749,0.017249944307354163,0.01616261002916623,7.513269487353008,0.005635579040013149,0.28678184146073055,0.4311672045370418,0.05638537792102476,0.9999999999999977
0.316718,15.8359,0.075,0.075,1000511.0402536959,10.005110402536959,478.5206790537765,0.09526655621520784,2.108857922687121,0.24467553609502946,0.02318758632845342,0.022681039495582384,2.4480057514306863,0.7547071621810036,0.0176531787621375,0.017490043371538755,7.550928479206307,0.0006173017239634109,0.04484367624837425,0.0791399962675597,0.0061761718999303215,0.9999999999999966
0.316718,15.8359,0.1,0.1,1000497.2054169024,10.004972054169023,474.18543838790856,0.0943555326312497,2.126886227744582,0.24482611521885345,0.023267065893542997,0.023021011887386308,2.4494784408953945,0.7551381577477482,0.017712764172765266,0.01775141970719716,7.555136165302902,3.5727033393731985e-05,0.004241567170494268,0.008214687763108101,0.00035744797068265204,0.9999999999999953
0.316718,15.8359,0.125,0.125,1000483.3967410491,10.004833967410491,473.29613458921483,0.09417806661421821,2.1308170569562694,0.24484003924945127,0.02327488751235054,0.023055831400684727,2.449583941265028,0.7551577976617847,0.017717093027068018,0.017777720218039784,7.555228384801524,2.163088758204095e-06,0.0006433473663622699,0.0008727419397556151,2.1641343882604113e-05,0.9999999999999942
0.316718,15.8359,0.15,0.15,1000469.5915711516,10.004695915711515,473.16449009156304,0.09415371589352507,2.1314035795842834,0.2448441844802827,0.02327665623623859,0.02305771148819692,2.4495916124556016,0.7551547816187704,0.017716748887948594,0.017778797891869223,7.555093959391335,1.0339009402234896e-06,0.0004758291018771896,0.00048354709385995634,1.0343864513904245e-05,0.9999999999999932
0.316718,15.8359,0.175,0.175,1000455.7865380791,10.004557865380791,473.148740203862,0.09415243248577443,2.131460880974223,0.24484658820598876,0.023278160340415716,0.023057693912644155,2.4495818598478767,0.7551524115117533,0.017716194235522415,0.01777855400152072,7.554965998151184,1.0002822502571062e-06,0.00047069367751889624,0.00047092341758894437,1.0007381654410531e-05,0.9999999999999923
0.316718,15.8359,0.2,0.2,1000441.9812415917,10.004419812415918,473.14714486611655,0.09415396127784444,2.1314478652933264,0.2448479817662885,0.02327966301619291,0.02305752581130446,2.4495619998127083,0.7551510189185757,0.017715631517053704,0.017778290415691362,7.554847815035067,9.993151272424128e-07,0.0004705477541764883,0.0004705543223321877,9.99756805783093e-06,0.9999999999999915
0.316718,15.8359,0.225,0.225,1000428.1756438462,10.004281756438461,473.14701749649515,0.09415578592451383,2.131425106962488,0.24484890153380334,0.023281172413017946,0.023057311944741695,2.449537398698626,0.7551500991663205,0.017715066792893055,0.01777803707971368,7.554734360462315,9.992998669684238e-07,0.00047054367853377905,0.00047054374033013544,9.997277428323586e-06,0.9999999999999908
0.316718,15.8359,0.25,0.25,1000414.369739399,10.004143697393989,473.147023102243,0.09415764184387748,2.131402112753681,0.24484987633961167,0.023282688711699136,0.02305710314455129,2.449513347190624,0.7551491243484707,0.017714500246221183,0.01777778235986334,7.554620352943345,9.993119078222234e-07,0.00047054356546420505,0.00047054344031174954,9.997259924370462e-06,0.9999999999999901
0.316718,15.8359,0.275,0.275,1000400.5635205255,10.004005635205255,473.1470394793546,0.09415950471126427,2.1313826496967643,0.24485139273498002,0.023284211637924566,0.02305694474528832,2.4494947127085953,0.7551476079402574,0.01771393195523826,0.01777751443062113,7.554500925246102,9.993247523416155e-07,0.00047054356155858525,0.00047054343076325446,9.997250453825616e-06,0.9999999999999898
0.316718,15.8359,0.3,0.3,1000386.7569748265,10.003867569748264,473.1470567067833,0.09416137235232566,2.131369512463648,0.24485386671483078,0.023285740707577204,0.023056875466902337,2.44948565655596,0.7551451339474831,0.017713362046889006,0.01777722315198566,7.554371915950436,9.99337675382095e-07,0.00047054356062661466,0.0004705434293281197,9.997241761982559e-06,0.9999999999999892
0.316718,15.8359,0.325,0.325,1000372.9500860341,10.003729500860342,473.1470740532581,0.09416324433480211,2.1313648727907353,0.2448576263320867,0.023287275275437717,0.02305692584040146,2.449489460048934,0.7551413743172269,0.017712790690144347,0.01777690052732649,7.5542300435774665,9.993506753762125e-07,0.0004705435597787182,0.00047054342814221013,9.997233832965722e-06,0.9999999999999889
0.316718,15.8359,0.35,0.35,1000359.1428351606,10.003591428351607,473.1470914613686,0.09416512030352366,2.1313702618344728,0.24486290321965254,0.023288814582425234,0.02305711742049665,2.4495084397694056,0.7551360974165708,0.01771221808379382,0.017776540910905986,7.554072991355292,9.99363765401391e-07,0.0004705435589366195,0.00047054342699277005,9.997226797374539e-06,0.9999999999999888
0.316718,15.8359,0.375,0.375,1000345.3352016804,10.003453352016804,473.14710891795124,0.09416699987850911,2.1313865633661306,0.24486983112492489,0.023290357803476807,0.023057462649823612,2.449543932974419,0.7551291694981105,0.017711644443910123,0.017776141043496167,7.553899421821541,9.993769533332673e-07,0.0004705435580976057,0.0004705434258758746,9.997220733750017e-06,0.9999999999999887
0.316718,15.8359,0.4,0.4,1000331.5271646618,10.003315271646619,473.14712641235934,0.09416888266874913,2.131414039828051,0.24487844981576146,0.023291904093585968,0.02305796522310664,2.4495963367391567,0.7551205507939858,0.017711069991791294,0.01777569995702024,7.553708937691685,9.993902415305808e-07,0.0004705435572609585,0.0004705434247915968,9.997215665437461e-06,0.9999999999999888
0.316718,15.8359,0.425,0.425,1000317.7187038001,10.003177187038002,473.14714393438044,0.09417076829210139,2.131452384424972,0.2448887129522212,0.023293452630058192,0.02305862082041909,2.4496651867667567,0.7551102876441403,0.01771049494289364,0.017775218782521977,7.5535020030595685,9.994036272828874e-07,0.00047054355642603147,0.0004705434237386046,9.997211565079211e-06,0.9999999999999888
0.316718,15.8359,0.45,0.45,1000303.9098003203,10.003039098003203,473.14716147454806,0.0941726563932508,2.1315007915295903,0.24490049873111178,0.023295002649616838,0.023059418098472333,2.449749263927795,0.7550985018517739,0.017709919497113168,0.017774700490552867,7.553279836866938,9.994171034360117e-07,0.0004705435555922258,0.00047054342271422395,9.997208360883537e-06,0.999999999999989
0.316718,15.8359,0.475,0.475,1000290.1004377273,10.002901004377273,473.14717902451963,0.09417454665884192,2.1315580387896755,0.2449136223016897,0.023296553479480384,0.023060339846678757,2.449846718507248,0.7550853782676406,0.017709343830646047,0.017774149588401275,7.553044288663974,9.994306591222898e-07,0.00047054355475901344,0.00047054342171468143,9.997205943939795e-06,0.9999999999999893
0.316718,15.8359,0.5,0.5,1000276.2906023932,10.002762906023932,473.14719657737845,0.09417643882951718,2.131622575446959,0.24492784912210214,0.0232981045619362,0.023061364230680167,2.4499552038507892,0.7550711514336069,0.01770876808955226,0.017773571794411084,7.552797704968863,9.994442805463354e-07,0.0004705435539259567,0.0004705434207353624,9.997204176086663e-06,0.9999999999999897
0.316718,15.8359,0.525,0.525,1000262.4802839797,10.002624802839797,473.14721412785696,0.0941783327087819,2.13169261238612,0.24494290857866868,0.023299655472266464,0.023062466060235178,2.4500720126287123,0.7550560919633695,0.017708192385060346,0.017772973705918002,7.552542793008087,9.994579517864288e-07,0.0004705435530927224,0.00047054341977107063,9.997202897934393e-06,0.99999999999999
0.316718,15.8359,0.55,0.55,1000248.669475699,10.002486694756989,473.1472316724774,0.09418022816874504,2.1317662103255515,0.24495850732517152,0.02330120593014796,0.023063618030937434,2.450194210287561,0.7550404932031632,0.017707616790581415,0.017772362474037393,7.552282487267397,9.994716555795557e-07,0.00047054355225909097,0.0004705434188162799,9.997201936721249e-06,0.9999999999999903
0.316718,15.8359,0.575,0.575,1000234.8581744223,10.002348581744222,473.147249209615,0.09418212515288554,2.131841363347801,0.244974341918213,0.02330275580485519,0.023064791900308093,2.450318761449362,0.7550246585964038,0.017707041340346133,0.017771745495637672,7.552019823093656,9.994853740651407e-07,0.00047054355142495943,0.0004705434178653663,9.997201113754554e-06,0.9999999999999908
0.316718,15.8359,0.6,0.6,1000221.0463806479,10.00221046380648,473.14726673949366,0.09418402367607372,2.1319160756548747,0.24499011042862817,0.023304305114755224,0.023065959568484614,2.45044264605833,0.7550088900722737,0.017706466029536613,0.017771130130298605,7.551757820547812,9.994990894686247e-07,0.00047054355059034266,0.00047054341691282173,9.997200251248127e-06,0.9999999999999913
0.316718,15.8359,0.625,0.625,1000207.2340983466,10.002072340983466,473.1472842641134,0.09418592382212872,2.1319884300297693,0.2450055227990944,0.023305854021696677,0.023067094042123034,2.450562962977016,0.7549934776881126,0.017705890815755795,0.0177705234478551,7.551499380807189,9.99512784711336e-07,0.0004705435497553674,0.00047054341595343903,9.997199178420616e-06,0.9999999999999918
0.316718,15.8359,0.65,0.65,1000193.421334699,10.00193421334699,473.1473017871289,0.0941878257392356,2.1320566469979414,0.245020309795584,0.02330740282097296,0.02306817026734796,2.4506770195093304,0.7549786906779642,0.01770531562165579,0.017769932010236765,7.551247196639845,9.995264439376826e-07,0.0004705435489202664,0.00047054341498247153,9.997197736765361e-06,0.9999999999999921
0.316718,15.8359,0.675,0.675,1000179.6080997457,10.001796080997456,473.14731931367686,0.0941897296335635,2.132119134118655,0.2450342304662664,0.02330895192758403,0.023069165823725517,2.4507824059877312,0.7549647699936732,0.017704740338535807,0.01776936168970537,7.551003677813869,9.995400529545491e-07,0.00047054354808536585,0.00047054341399575947,9.997195784440802e-06,0.9999999999999926
0.316718,15.8359,0.7,0.7,1000165.7944059656,10.001657944059655,473.14733685017063,0.09419163576143874,2.132174525202534,0.2450470780769088,0.023310501859539586,0.02307006147639603,2.4508770551165218,0.7549519223694846,0.01770416483071499,0.01776881752424024,7.550770891749865,9.995535995810674e-07,0.00047054354725107223,0.0004705434129898287,9.997193199763409e-06,0.999999999999993
0.316718,15.8359,0.725,0.725,1000151.9802678045,10.001519802678045,473.1473544040645,0.09419354442042334,2.132221709555368,0.24505868453775992,0.023312053218940792,0.02307084158777832,2.450959286222638,0.7549403158951595,0.017703588940487017,0.017768303609702135,7.550550519265457,9.995670739096372e-07,0.00047054354641785955,0.000470543411961963,9.997189883812186e-06,0.9999999999999933
0.316718,15.8359,0.75,0.75,1000138.1657011682,10.001381657011683,473.14737198360206,0.09419545593963946,2.1322598515950837,0.24506892337426311,0.023313606671554764,0.023071494393734168,2.451027834938957,0.754930077045262,0.017703012493469606,0.01776782302749552,7.550343824886901,9.995804684812371e-07,0.0004705435455862499,0.0004705434109102423,9.997185762175391e-06,0.9999999999999937
0.316718,15.8359,0.775,0.775,1000124.3507229,10.001243507229,473.14738959755215,0.09419737066966229,2.1322884013850163,0.24507771132363096,0.023315162925557353,0.023072012151842826,2.4510818691420075,0.7549212890825845,0.01770243530417185,0.01776737780572582,7.550151640906145,9.995937783798763e-07,0.00047054354475680143,0.000470543409833565,9.997180785888243e-06,0.9999999999999939
0.316718,15.8359,0.8,0.8,1000110.5353502537,10.001105353502536,473.14740725494244,0.09419928897228101,2.132307096777552,0.24508500866216715,0.02331672271007006,0.023072391171560402,2.4511209921944155,0.7549139917308256,0.017701857181615432,0.017766968911291908,7.549974364133131,9.996070012523023e-07,0.0004705435439300858,0.00047054340873163434,9.997174931623018e-06,0.9999999999999941
0.316718,15.8359,0.825,0.825,1000096.7196003807,10.000967196003808,473.14742496479994,0.09420121121040034,2.132315957973238,0.245090818385031,0.023318286754058178,0.023072631737601202,2.451145234710422,0.7549081819948258,0.01770127793486148,0.017766596269944597,7.549811964125126,9.996201372601708e-07,0.00047054354310667674,0.0004705434076049374,9.997168201203794e-06,0.999999999999994
0.316718,15.8359,0.85,0.85,1000082.9034898395,10.000829034898395,473.1474427358978,0.09420313773832367,2.1323152753764885,0.2450951843716475,0.023319855766092967,0.023072737938946503,2.4511550361777483,0.7549038159951574,0.017700697378310884,0.01776625881106237,7.549664001559967,9.996331889724574e-07,0.00047054354228713124,0.00047054340645469577,9.997160620523827e-06,0.9999999999999939
0.316718,15.8359,0.875,0.875,1000069.0870341397,10.000690870341396,473.1474605765227,0.09420506889262896,2.132305591674352,0.2450981886768601,0.02332143041541257,0.023072717416525616,2.451151217837888,0.7549008116769724,0.01770011533666478,0.017765954533727868,7.5495296553512095,9.99646161206385e-07,0.000470543541471975,0.000470543405282806,9.99715223794852e-06,0.9999999999999937
0.316718,15.8359,0.9,0.9,1000055.2702473291,10.000552702473291,473.14747849426027,0.09420700498381367,2.1322876790841385,0.24509994809084365,0.02332301131464617,0.023072581042883497,2.4511349482559504,0.7548990522500889,0.017699531649449242,0.017765680590618203,7.549407757074155,9.996590608252655e-07,0.0004705435406616893,0.0004705434040917664,9.997143122288022e-06,0.9999999999999934
0.316718,15.8359,0.925,0.925,1000041.4531416307,10.000414531416308,473.14749649580574,0.09420894628885287,2.1322625127124715,0.24510061011033485,0.02332459900449645,0.02307234254710415,2.4511077030063957,0.7548983902177616,0.017698946175027208,0.017765433386233827,7.549296831276482,9.996718965016411e-07,0.0004705435398567,0.00047054340288459534,9.99713336042351e-06,0.999999999999993
0.316718,15.8359,0.95,0.95,1000027.6357271337,10.000276357271337,473.14751458680047,0.09421089304478272,2.132231240946425,0.24510034846043344,0.023326193940606785,0.02307201809795026,2.451071219867839,0.7548986518548805,0.01769835879403829,0.017765208686071784,7.549195140280368,9.996846784539176e-07,0.000470543539057365,0.0004705434016647399,9.99712305466911e-06,0.9999999999999923
0.316718,15.8359,0.975,0.975,1000013.8180115451,10.000138180115451,473.1475327716989,0.09421284544338952,2.132195153760013,0.24509935830058668,0.02332779648277393,0.0230716258576525,2.451027450863494,0.7548996420019869,0.017697769412224142,0.01776500173348676,7.5491007321395545,9.996974181643632e-07,0.0004705435382639668,0.0004705434004359823,9.99711231994829e-06,0.9999999999999918
0.316718,15.8359,1.0,1.0,1000000.0,10.0,473.14755105366606,0.09421480362705612,2.1321556497694174,0.24509785124083414,0.0233294068866048,0.023071185518080104,2.450978512408341,0.7549011490490287,0.017697177962613886,0.017764807371167545,7.5490114904902885,9.997101280858835e-07,0.00047054353747670737,0.00047054339920234595,9.997101280858836e-06,0.999999999999991
0.372048,18.6024,0.0,0.0,1000555.045111692,10.005550451116921,473.15,0.1,2.262621190713119,0.23,0.017367008488690817,0.013353372500363706,2.3012766037568917,0.71,0.013201016207329832,0.010305320081802426,7.103940820293014,0.06,1.8821771400535698,1.9288832219427825,0.6003330270670152,1.0
0.372048,18.6024,0.025,0.025,1000539.6848381658,10.005396848381658,502.9159793807982,0.10299156747362108,2.0676896289886684,0.23734364456093038,0.020297272109551588,0.016429615566042676,2.3747173532733488,0.7323455619664451,0.01545772463867864,0.012673771049215212,7.327407977625365,0.03031079347262026,1.1172309733167856,1.331836090979222,0.30327151748290215,0.9999999999999957
0.372048,18.6024,0.05,0.05,1000525.0744683128,10.005250744683128,495.3337311774121,0.09924046173750133,2.051545653139301,0.24297366447991478,0.022410516564165275,0.0204745062761359,2.4310124374760558,0.7495584053820007,0.01708510012603087,0.01579063960303486,7.49951979363176,0.007467930138076018,0.37058240665401726,0.5286142184025127,0.07471851357522666,0.9999999999999915
0.372048,18.6024,0.075,0.075,1000511.0257747212,10.005110257747212,480.91091073793405,0.09576896705678564,2.099011595692286,0.24458007152665354,0.023112222736173124,0.02252510582395646,2.4470505824718685,0.7544682630909161,0.017624516576111693,0.017371077456209985,7.548538158195647,0.0009516653824176576,0.06660593935283943,0.11116263130071609,0.009521517079569832,0.9999999999999872
0.372048,18.6024,0.1,0.1,1000497.1708592911,10.004971708592912,474.87855654085286,0.0944931273995845,2.123736694554997,0.24480303663913475,0.023233781441440136,0.022996575852109874,2.4492474557521775,0.7551331359599998,0.01771667920546635,0.017734130954780856,7.555085661500841,6.38274008488088e-05,0.006990059308253472,0.013055061846514613,0.0006385913397253512,0.9999999999999832
0.372048,18.6024,0.125,0.125,1000483.3588166403,10.004833588166404,473.4330822450382,0.09420291905733479,2.1301026237117844,0.24482454031583617,0.02324642610398607,0.023052738688227336,2.4494287841592772,0.755172135637191,0.01772486320451154,0.01777679831953989,7.555371547470324,3.3240469523524033e-06,0.0008171438557787536,0.0012306351906331886,3.3256536597537496e-05,0.9999999999999796
0.372048,18.6024,0.15,0.15,1000469.5536290213,10.004695536290212,473.1853353837406,0.09415539656771446,2.1312397381857346,0.24483359500742394,0.02324833912871544,0.023056661050082375,2.44948557510466,0.7551653339182942,0.017724769246989482,0.017779005308073047,7.555199245413468,1.07107425769763e-06,0.0004820060328805148,0.0004974051755545321,1.0715771845022834e-05,0.9999999999999759
0.372048,18.6024,0.175,0.175,1000455.7490362561,10.004557490362561,473.1511218457127,0.09415038316136747,2.131430357721877,0.2448436056634554,0.023249697553976743,0.02305741346510709,2.4495519290076997,0.755155392901867,0.0177242452379878,0.017778624519683133,7.554995542444057,1.0014346498962787e-06,0.0004708814579476278,0.0004713574108952823,1.0018910527728423e-05,0.9999999999999722
0.372048,18.6024,0.2,0.2,1000441.9441487715,10.004419441487714,473.14709851583245,0.09415135938530503,2.131491640521307,0.2448545832906334,0.02325103970901424,0.023058139448635828,2.449627953410186,0.7551444173588697,0.01772370679446598,0.017778128803343656,7.55478149015599,9.993504657208453e-07,0.00047055326138518364,0.00047056747388651274,9.997921228117428e-06,0.9999999999999688
0.372048,18.6024,0.225,0.225,1000428.1388559717,10.004281388559717,473.14669585515185,0.09415305510999301,2.131539435783314,0.24486598713203578,0.02325238292091733,0.023058901536192212,2.449708237756329,0.7551330135661454,0.01772316752046758,0.017777619924363688,7.554563153506802,9.99301784246381e-07,0.00047054377102023396,0.0004705440711320714,9.997296241690588e-06,0.9999999999999654
0.372048,18.6024,0.25,0.25,1000414.3331478762,10.004143331478762,473.1466722493218,0.09415482794086373,2.1315847515228694,0.24487727462930758,0.0232537277375138,0.0230596526515539,2.4497873540134814,0.755121726057242,0.01772262780228752,0.017777113800046575,7.55434598019029,9.99313412533877e-07,0.000470543499585842,0.00047054338730260006,9.997274612058073e-06,0.9999999999999621
0.372048,18.6024,0.275,0.275,1000400.5270302874,10.004005270302875,473.1466839081224,0.09415660990361605,2.131625927752561,0.24488796045749991,0.023255074451792267,0.023060347722393015,2.449860447050551,0.7551110402156926,0.01772208757835253,0.017776622341764532,7.554134825981675,9.99326766405924e-07,0.000470543490967395,0.00047054336649195633,9.997270237879594e-06,0.999999999999959
0.372048,18.6024,0.3,0.3,1000386.7205146921,10.003867205146921,473.1466985436542,0.09415839484149201,2.131660474270943,0.24489764591368351,0.023256423543379326,0.023060949643068856,2.4499235285735814,0.7551013547461597,0.01772154672345642,0.017776155271161487,7.553933679307118,9.993401127622595e-07,0.0004705434897438793,0.00047054336474219177,9.997265780850195e-06,0.9999999999999559
0.372048,18.6024,0.325,0.325,1000372.9136161502,10.003729136161502,473.1467134403198,0.09416018252822225,2.1316864500709727,0.2449060354960826,0.023257775641548652,0.02306143091296709,2.4499736429139647,0.7550929651504853,0.017721005072780748,0.017775719791278812,7.553745495986492,9.993533849823683e-07,0.0004705434887280889,0.00047054336351224317,9.997260574669742e-06,0.9999999999999528
0.372048,18.6024,0.35,0.35,1000359.106351894,10.00359106351894,473.14672839868746,0.0941619732816329,2.1317026286376954,0.24491294347909606,0.023259131471294166,0.023061774250565246,2.450008932727605,0.7550860571542831,0.017720462436423775,0.017775320428632,7.553572133536339,9.99366570720054e-07,0.0004705434877208174,0.0004705433622725774,9.9972544960347e-06,0.9999999999999499
0.372048,18.6024,0.375,0.375,1000345.2987400146,10.003452987400145,473.1467434136353,0.09416376747818898,2.1317084999130973,0.24491829263626833,0.023260491799485278,0.023061972473905963,2.4500286261412216,0.7550807079840134,0.01771991861351421,0.01777495906457874,7.553414364010896,9.993796653743788e-07,0.0004705434867171795,0.00047054336100745746,9.997247499136287e-06,0.999999999999947
0.372048,18.6024,0.4,0.4,1000331.4907982446,10.003314907982446,473.14675849358775,0.09416556549334003,2.13170422326247,0.24492210701019645,0.023261857384453494,0.023062027826942357,2.45003296434957,0.7550768935970776,0.017719373405415236,0.017774635111737835,7.553271946392722,9.993926703444531e-07,0.00047054348571762234,0.0004705433597173576,9.997239598185055e-06,0.9999999999999445
0.372048,18.6024,0.425,0.425,1000317.6825428846,10.003176825428847,473.1467736471962,0.09416736767763882,2.131690551316165,0.24492450039014976,0.023263228931177524,0.023061950906459704,2.450023086282485,0.7550745002041996,0.017718826627462166,0.01777434579502073,7.553143741914919,9.9940559231497e-07,0.00047054348472269744,0.00047054335840476216,9.9972308602491e-06,0.9999999999999417
0.372048,18.6024,0.45,0.45,1000303.8739879045,10.003038739879045,473.1467888820391,0.09416917433852884,2.1316687348470884,0.24492566192805895,0.023264607053513044,0.023061759322764858,2.4500008846568924,0.7550733386534378,0.017718278118854888,0.017774086502394395,7.553027858000149,9.994184424091655e-07,0.00047054348373288857,0.00047054335707349027,9.997221396768458e-06,0.9999999999999393
0.372048,18.6024,0.475,0.475,1000290.0651442412,10.002900651442411,473.14680420420297,0.09417098572600101,2.131640416747104,0.24492584010476426,0.0232659922443102,0.023061476206953882,2.4499688455390265,0.7550731604639372,0.017717727750484743,0.0177738511758297,7.5529218086914005,9.994312352455066e-07,0.0004705434827485836,0.0004705433557283742,9.997211354109174e-06,0.9999999999999367
0.372048,18.6024,0.5,0.5,1000276.256019298,10.00276256019298,473.14681961800954,0.09417280202214658,2.1316075217637658,0.24492532605359754,0.0232673848537602,0.023061128658493055,2.4499298814919843,0.7550736745023489,0.017717175430605987,0.01777363271788528,7.5528226814994355,9.994439879563998e-07,0.00047054348177005915,0.0004705433543749432,9.997200903740241e-06,0.9999999999999343
0.372048,18.6024,0.525,0.525,1000262.4466166442,10.002624466166441,473.14683512585015,0.09417462333457725,2.131572147405254,0.24492443705931377,0.023268785075903648,0.02306074620924321,2.4498871664915347,0.755074563483899,0.017716621108369704,0.017773423393987894,7.552727302483994,9.994567192170415e-07,0.00047054348079746816,0.00047054335301911174,9.997190232514822e-06,0.9999999999999319
0.372048,18.6024,0.55,0.55,1000248.6369359026,10.002486369359026,473.14685072811403,0.09417644969353743,2.131536460282402,0.24492350087819684,0.023270192942911137,0.023060359364025805,2.4498439790698576,0.7550754996522846,0.017716064775322136,0.017773215214668563,7.552632393108935,9.99469448322462e-07,0.0004705434798308374,0.00047054335166689165,9.997179533436211e-06,0.9999999999999297
0.372048,18.6024,0.575,0.575,1000234.826972812,10.00234826972812,473.1468664232053,0.09417828105241634,2.1315026011332097,0.24492284137039835,0.023271608326500243,0.023059998263421082,2.449803558598099,0.7550761591473351,0.017715506465033913,0.017773000285787807,7.552534713960301,9.99482194341659e-07,0.00047054347887006613,0.00047054335032412764,9.997168997197356e-06,0.9999999999999277
0.372048,18.6024,0.6,0.6,1000221.0167194377,10.002210167194377,473.14688220763975,0.0941801172912829,2.1314726008676224,0.24492276579831496,0.023273030945676326,0.023059691501713202,2.4497689782452734,0.7550762347066354,0.01771494625107294,0.01777277111812894,7.552431191789557,9.994949753696916e-07,0.0004705434779149343,0.0004705433489962721,9.997158804702423e-06,0.9999999999999257
0.372048,18.6024,0.625,0.625,1000207.2061645157,10.002072061645157,473.1468980762056,0.09418195822300701,2.1314483091767977,0.24492355402478533,0.023274460379866108,0.023059465121725742,2.4497430369501436,0.7550754464673308,0.01771438424356496,0.01777252089066423,7.552319027545134,9.99507807891494e-07,0.00047054347696511126,0.00047054334768819255,9.997149120707708e-06,0.9999999999999241
0.372048,18.6024,0.65,0.65,1000193.3952938966,10.001933952938966,473.1469140221823,0.09418380360149992,2.131431336567611,0.24492544974151878,0.02327589608644715,0.023059341798670446,2.4497281717085433,0.7550735507376972,0.01771382058460267,0.017772243664318527,7.552195784089557,9.99520706265132e-07,0.00047054347602017144,0.00047054334640402517,9.99714008865876e-06,0.9999999999999223
0.372048,18.6024,0.675,0.675,1000179.5840910706,10.001795840910706,473.1469300375973,0.09418565313159048,2.1314230101046348,0.2449286537706486,0.023277337421652798,0.023059340216987377,2.449726390603132,0.7550703466955898,0.017713255442770758,0.017771934545188293,7.552059453174956,9.995336823270118e-07,0.0004705434750796092,0.00047054334514706124,9.997131826748471e-06,0.9999999999999208
0.372048,18.6024,0.7,0.7,1000165.7725377462,10.001657725377463,473.1469461135157,0.09418750648006198,2.1314243426616204,0.2449333194096609,0.023278783663845903,0.02305947463739369,2.449739226275981,0.7550656810435133,0.017712689007050537,0.017771589797944135,7.551908501976251,9.995467451173596e-07,0.00047054347414285695,0.00047054334391967683,9.997124425178939e-06,0.9999999999999194
0.372048,18.6024,0.725,0.725,1000151.9606144585,10.001519606144585,473.1469622403437,0.09418936328738943,2.1314360150956078,0.24493954973110055,0.02328023403819595,0.023059754645882464,2.449767708955829,0.7550594507089168,0.017712121480356884,0.017771206911579896,7.5517419000699935,9.995599007207305e-07,0.0004705434732093065,0.0004705433427232993,9.997117944574323e-06,0.9999999999999181
0.372048,18.6024,0.75,0.75,1000138.1483011865,10.001381483011865,473.1469784081426,0.09419122317974984,2.1314583704512327,0.24494739670222282,0.02328168774185997,0.02306018507210974,2.4498123576895727,0.7550516037245419,0.017711553072943243,0.017770784620797724,7.551559128209048,9.99573152213658e-07,0.0004705434722783259,0.00047054334155840333,9.997112415465482e-06,0.999999999999917
0.372048,18.6024,0.775,0.775,1000124.3355779581,10.001243355779582,473.14699460693464,0.09419308578091325,2.13149141907288,0.24495686195494867,0.023283143968849573,0.023060766061369406,2.4498731880795463,0.7550421384584677,0.017710983995888815,0.017770322887167293,7.551360170591357,9.9958649970946e-07,0.0004705434713492829,0.0004705433404245431,9.997107838746206e-06,0.9999999999999161
0.372048,18.6024,0.8,0.8,1000110.5224254286,10.001105224254285,473.1470108269982,0.09419495072366824,2.1315348533396943,0.24496789901185964,0.023284601933861136,0.02306149328206427,2.4499497345821064,0.7550311013881151,0.017710414454857125,0.017769822844797133,7.551145492567146,9.995999404887811e-07,0.0004705434704215589,0.00047054333932040285,9.997104186986622e-06,0.9999999999999153
0.372048,18.6024,0.825,0.825,1000096.708825412,10.00096708825412,473.14702705914397,0.09419681766048363,2.1315880706353094,0.2449804167583445,0.02328606089444851,0.023062358249128542,2.450041085266982,0.7550185836281009,0.01770984464428886,0.01776928671563681,7.55091600588488,9.996134692035407e-07,0.00047054346949457085,0.00047054333824387765,9.997101406480134e-06,0.9999999999999146
0.372048,18.6024,0.85,0.85,1000082.8947613597,10.000828947613597,473.1470432949596,0.09419868627315617,2.1316502031127724,0.24499428394319653,0.02328752017102404,0.02306334874313121,2.4501459268589847,0.7550047164296394,0.01770927474216322,0.017768717699718817,7.5506730236543325,9.996270781414612e-07,0.0004705434685677845,0.0004705433371921649,9.997099419895525e-06,0.9999999999999141
0.372048,18.6024,0.875,0.875,1000069.0802187712,10.000690802187712,473.14705952702707,0.0942005562812478,2.131720152807771,0.24500933448884182,0.023288979164281028,0.023064449304686745,2.450262597872693,0.7549896658703142,0.017708704905434785,0.01776811984567601,7.550418207216027,9.996407575383194e-07,0.0004705434676407281,0.00047054333616187196,9.997098129405429e-06,0.9999999999999136
0.372048,18.6024,0.9,0.9,1000055.2651855357,10.000552651855356,473.14707574910295,0.09420242744916403,2.1317966306833247,0.24502537339688374,0.02329043736973561,0.02306564178422087,2.450389147696055,0.7549736269485338,0.017708135266224622,0.01776749790676,7.550153507061016,9.996544959253042e-07,0.0004705434667130046,0.00047054333514913313,9.997097420164932e-06,0.9999999999999135
0.372048,18.6024,0.925,0.925,1000041.4496521923,10.000414496521923,473.14709195625943,0.09420429959177241,2.131878198249518,0.24504218304377964,0.023291894389187183,0.023066905927990752,2.450523399570393,0.7549568172878531,0.017707565928818517,0.017766857187363237,7.5498810998535,9.996682804994086e-07,0.0004705434657843014,0.00047054333414973276,9.99709716401943e-06,0.9999999999999133
0.372048,18.6024,0.95,0.95,1000027.6336121166,10.000276336121166,473.14710814498693,0.09420617257850768,2.1319633104868805,0.2450595296743005,0.023293349938991043,0.023068219982455628,2.45066301554289,0.7549394706435152,0.017706996967500156,0.017766203384733684,7.549603323480185,9.996820975055322e-07,0.00047054346485439496,0.0004705433331592267,9.997097223328547e-06,0.9999999999999132
0.372048,18.6024,0.975,0.975,1000013.8170616241,10.00013817061624,473.1471243132559,0.09420804633594904,2.1320503589058077,0.2450771699161147,0.02329480385512453,0.023069561300556273,2.4508055616247417,0.7549218303878659,0.01770642842522389,0.01776554243018851,7.549322611893178,9.996959326198896e-07,0.00047054346392315583,0.00047054333217306523,9.99709745480196e-06,0.9999999999999132
0.372048,18.6024,1.0,1.0,1000000.0,10.0,473.14714046054297,0.09420992084889593,2.132137713692085,0.24509485715662127,0.02329625609510613,0.023070906935119123,2.450948571566213,0.7549041431335207,0.017705860313111953,0.01776488033369859,7.549041431335207,9.99709771325388e-07,0.000470543462990551,0.00047054333118671246,9.997097713253883e-06,0.9999999999999133
0.4,20.0,0.0,0.0,1000555.2535944224,10.005552535944224,473.15,0.1,2.2626216621688835,0.23,0.017096111361358496,0.013353374329556281,2.301277083267172,0.71,0.013005573533398767,0.010305321493461911,7.1039423005204,0.06,1.8935626920279323,1.9288834057849302,0.6003331521566534,1.0
0.4,20.0,0.025,0.025,1000539.8324270652,10.005398324270653,503.4617195714992,0.10328972641490122,2.0692285683162273,0.23690785723728372,0.02002815732184565,0.016196063349034322,2.37035747780847,0.7309735236394322,0.015263590332777962,0.012493141461612017,7.31368126850819,0.032118619123278756,1.1754814151261634,1.3777125741150917,0.3213595779539406,0.9999999999999947
0.4,20.0,0.05,0.05,1000525.1351887377,10.005251351887377,497.51297446246156,0.0997722215054859,2.044815225102253,0.24274004511001013,0.02227129987631091,0.02022403207826457,2.428675164494132,0.7487663722208794,0.01699111006257125,0.0155959795632999,7.49159575791076,0.008493582669099555,0.41557409326101863,0.5793265807722465,0.08498042948237552,0.9999999999999891
0.4,20.0,0.075,0.075,1000511.0416415202,10.005110416415203,482.28528881558515,0.0960615922713698,2.0936360062187545,0.2445516072595793,0.023069574712893635,0.022436046986963686,2.4467658331438966,0.7542856879979912,0.01760503879188045,0.017300222770110486,7.54671159394161,0.0011627047424126093,0.07983561930817522,0.12998014037149766,0.011632989329527754,0.9999999999999832
0.4,20.0,0.1,0.1,1000497.1729973252,10.004971729973253,475.32384419663816,0.09458377953022658,2.1219394463519428,0.24482067372417401,0.0232173084281335,0.022983578612889407,2.4494239195233667,0.7550954506837445,0.017717461245543947,0.017721946626306655,7.554708637522275,8.387559205892491e-05,0.008863569132535106,0.01623322738542685,0.0008391729273843127,0.9999999999999775
0.4,20.0,0.125,0.125,1000483.3578090869,10.004833578090869,473.53049939338814,0.09422284047872365,2.129775678231389,0.24484085569409983,0.023233335702130074,0.023053040949436485,2.4495920143368313,0.7551549061270071,0.017728331298729305,0.01777544123994547,7.555199161479539,4.238178864881115e-06,0.0009503198627931864,0.0014945683763032428,4.240227421731763e-05,0.9999999999999718
0.4,20.0,0.15,0.15,1000469.5519713148,10.004695519713149,473.20176594936015,0.09415915656093232,2.131209003895531,0.24484012301389546,0.023235401549481397,0.023057217295044702,2.449550881763136,0.7551587758119164,0.0177284282293718,0.017778805789489743,7.5551336210375455,1.1011741545128966e-06,0.00048711358108220146,0.0005085554820672952,1.1016912130079091e-05,0.9999999999999664
0.4,20.0,0.175,0.175,1000455.747297015,10.00455747297015,473.15331299640206,0.09415128762513385,2.131381783551592,0.24483775160515783,0.02323669589176099,0.023056866841988762,2.4494933574865914,0.7551612460078005,0.01772792164525698,0.01777876591669511,7.555054087044793,1.0023870024978976e-06,0.0004710408891869073,0.00047171607670941124,1.0028438376648492e-05,0.9999999999999609
0.4,20.0,0.2,0.2,1000441.9425505459,10.004419425505459,473.1472256859563,0.09415182605751742,2.1313658668915045,0.24483564668541033,0.023237972026395087,0.023056376648276092,2.4494384997557104,0.7551633539356706,0.017727392538904065,0.01777859040853648,7.554970927543878,9.993788747817872e-07,0.0004705580683759701,0.000470578593532724,9.998205428306701e-06,0.9999999999999557
0.4,20.0,0.225,0.225,1000428.137557949,10.00428137557949,473.1465664119978,0.09415344485556691,2.131334049309563,0.2448348334498588,0.023239254934053877,0.023056001603879904,2.449396564375529,0.7551641672493199,0.017726860839743973,0.0177783794139516,7.554874813917368,9.993007719675366e-07,0.00047054388109927755,0.00047054437961573965,9.997286101597035e-06,0.9999999999999507
0.4,20.0,0.25,0.25,1000414.3322763403,10.004143322763403,473.1465142959768,0.09415518815892047,2.1313129611046486,0.2448360568345704,0.023240544361678,0.023055815975824675,2.4493750031532886,0.7551629438544456,0.017726327401036215,0.01777811864229849,7.554758322359806,9.993109298467594e-07,0.0004705434693021397,0.0004705433650595635,9.997249766190948e-06,0.9999999999999459
0.4,20.0,0.275,0.275,1000400.5266733037,10.004005266733037,473.1465225551282,0.09415694705499993,2.131308091805085,0.24483977476356542,0.02324183908965769,0.02305586252876771,2.4493783962404394,0.7551592259125292,0.017725792565096925,0.0177777970478684,7.554616873250986,9.993238465272043e-07,0.00047054345650510013,0.0004705433341314136,9.997241023830071e-06,0.9999999999999412
0.4,20.0,0.3,0.3,1000386.720715985,10.00386720715985,473.1465362536509,0.09415871004239935,2.1313208685575993,0.24484616579357307,0.023243137787835783,0.023056157877311873,2.44940852878115,0.755152834869366,0.01772525668094459,0.017777410283123105,7.55444868114345,9.993369975264856e-07,0.00047054345511260323,0.00047054333198219225,9.997234618456796e-06,0.9999999999999366
0.4,20.0,0.325,0.325,1000372.9143726361,10.00372914372636,473.1465504230656,0.09416047553337471,2.1313508451643197,0.24485515916663636,0.02324443915958535,0.02305669542478522,2.449464691747037,0.7551438414829913,0.01772472008817987,0.017776960075330157,7.55425445474888,9.99350304634536e-07,0.0004705434540438849,0.00047054333070994074,9.997229767264325e-06,0.9999999999999323
0.4,20.0,0.35,0.35,1000359.1076149426,10.003591076149426,473.14656464372854,0.094162242903475,2.1313961954340472,0.2448664784728614,0.023245742044149396,0.02305744943304106,2.4495441188992517,0.7551325221633173,0.017724183090802315,0.017776453165020665,7.554036960023171,9.993637494681484e-07,0.0004705434529852704,0.0004705433295044978,9.997226286006801e-06,0.9999999999999281
0.4,20.0,0.375,0.375,1000345.3004198646,10.003453004198645,473.14657887352615,0.09416401170215866,2.1314540636938233,0.24487969181462574,0.02324704549374185,0.023058379693088292,2.4496424887502566,0.7551193088079917,0.017723645937034106,0.017775900082863793,7.55380051822371,9.993773065611246e-07,0.0004705434519272901,0.00047054332833450593,9.997223919646833e-06,0.9999999999999241
0.4,20.0,0.4,0.4,1000331.492770864,10.00331492770864,473.1465931018828,0.09416578160938559,2.131520906336102,0.2448942632256522,0.023248348825322278,0.023059436312037256,2.449754439035376,0.7551047373833235,0.017723108805759637,0.01777531389594477,7.553550491450114,9.993909443743868e-07,0.00047054345086916635,0.00047054332718912147,9.997222352477138e-06,0.9999999999999201
0.4,20.0,0.425,0.425,1000317.6846585405,10.003176846585406,473.14660732380685,0.09416755244417861,2.131592815592797,0.24490960162403538,0.02324965164824205,0.023060564270109565,2.4498740564720065,0.7550893989712527,0.01772257179928422,0.017774709014252554,7.553292792891325,9.994046281197977e-07,0.0004705434498105871,0.0004705433260572937,9.997221236378258e-06,0.9999999999999163
0.4,20.0,0.45,0.45,1000303.8760807406,10.003038760807407,473.14662153812947,0.09416932416764778,2.1316658103663637,0.24492510480254767,0.023250953870177858,0.023061707515341267,2.4499953168347006,0.7550738957790426,0.017722034941779312,0.017774100118241962,7.553033446751615,9.99418322348095e-07,0.00047054344875148066,0.0004705433249279617,9.997220216709105e-06,0.9999999999999126
0.4,20.0,0.475,0.475,1000290.0670422151,10.002900670422152,473.1466357472298,0.0941710968774581,2.131736084120984,0.2449401969279522,0.023252255684525974,0.023062812453774322,2.4501124600639472,0.7550588036399636,0.01772149818258357,0.01777350124471593,7.552778213138341,9.994319931566738e-07,0.00047054344769199917,0.00047054332379071453,9.997218954388241e-06,0.999999999999909
0.4,20.0,0.5,0.5,1000276.2575539158,10.002762575539158,473.14664995668517,0.09417287079510217,2.1318002047203723,0.24495435877403557,0.023253557542818236,0.023063830763040527,2.450220292660115,0.7550446417802598,0.017720961403426747,0.017772925049911712,7.552532285660953,9.994456099699782e-07,0.0004705434466324987,0.0004705433226363292,9.997217143694606e-06,0.9999999999999053
0.4,20.0,0.525,0.525,1000262.4476320219,10.002624476320218,473.1466641747903,0.09417464624769444,2.1318552648792246,0.24496715048593545,0.023254860115825848,0.023064721510575717,2.4503144153450362,0.7550318500548195,0.01772042442861651,0.01777238225470666,7.552300063759676,9.994591468804481e-07,0.00047054344557350656,0.00047054332145716267,9.997214525668496e-06,0.9999999999999019
0.4,20.0,0.55,0.55,1000248.6372967844,10.002486372967844,473.1466784119784,0.09417642364597868,2.1318989846940464,0.2449782270967783,0.02325616424691439,0.023065452597117182,2.450391378209347,0.7550207734305366,0.01771988703725479,0.01777188126653503,7.5520849975465865,9.994725835629625e-07,0.0004705434445156867,0.0004705433202474088,9.997210897243499e-06,0.9999999999998985
0.4,20.0,0.575,0.575,1000234.8265712686,10.002348265712687,473.14669268018895,0.09417820346012806,2.131929769705993,0.2449873473182564,0.0232574709009614,0.023066001574113464,2.450448768570314,0.755011653195733,0.017719348976616464,0.017771427965281104,7.551889499935209,9.994859057934165e-07,0.00047054344345979745,0.000470543319003228,9.997206116417053e-06,0.9999999999998952
0.4,20.0,0.6,0.6,1000221.0154800675,10.002210154800675,473.14670699221693,0.09417998619475274,2.1319467292746537,0.24499437632749055,0.023258781111797775,0.023066355902346968,2.4504852387718836,0.7550046241732958,0.01771880997591469,0.01777102563552274,7.551714918827607,9.994991056138894e-07,0.0004705434424066519,0.00047054331772276853,9.997200103885438e-06,0.999999999999892
0.4,20.0,0.625,0.625,1000207.2040480492,10.002072040480492,473.1467213610744,0.0941817723643376,2.13194966083778,0.24499928339302915,0.02326009593072274,0.02306651273027204,2.4505004823631733,0.7549997170946784,0.0177182697597853,0.01777067502456591,7.551561560923365,9.995121811939682e-07,0.00047054344135707586,0.0004705433164060907,9.997192841639861e-06,0.9999999999998888
0.4,20.0,0.65,0.65,1000193.3922991868,10.001933922991867,473.14673579939335,0.09418356247012609,2.1319390060085937,0.24500213523992334,0.02326141637820281,0.02306647827586937,2.450495167661631,0.7549968652348258,0.017717728060937195,0.017770374504322662,7.551428758144724,9.995251364411693e-07,0.00047054344031187265,0.00047054331505502094,9.997184369054008e-06,0.9999999999998855
0.4,20.0,0.675,0.675,1000179.5802555135,10.001795802555135,473.14675031888646,0.09418535697925404,2.1319157845141157,0.2450030860617424,0.023262743400420442,0.02306626689654049,2.4504708377853897,0.7549959144001597,0.017717184631532813,0.01777012031489579,7.551314967593795,9.995379804138466e-07,0.00047054343927178585,0.00047054331367293954,9.997174776997648e-06,0.9999999999998824
0.4,20.0,0.7,0.7,1000165.7679362303,10.001657679362303,473.14676492988536,0.09418715630673488,2.131881511784044,0.24500236505816417,0.023264077831907374,0.023065899928832012,2.4504297859459143,0.7549966353909888,0.017716639252974974,0.017769906868449134,7.551217896250986,9.995507265883105e-07,0.0004705434382374713,0.0004705433122645329,9.997164200494147e-06,0.9999999999998797
0.4,20.0,0.725,0.725,1000151.9553569856,10.001519553569855,473.14677964096194,0.09418896080070328,2.131838105626715,0.24500026232043465,0.02326542036509325,0.023065404374524593,2.450374914227571,0.7549987381160499,0.017716091743882608,0.01776972709331872,7.55113464218824,9.995633920285417e-07,0.0004705434372094741,0.00047054331083551794,9.99715281040607e-06,0.9999999999998765
0.4,20.0,0.75,0.75,1000138.142529338,10.00138142529338,473.14679445864465,0.09419077073115116,2.1317877869314654,0.2449971138118571,0.023266771527232565,0.023064811502620523,2.450309583328396,0.7550018866120202,0.01771554196613409,0.01776957280015347,7.551061844822917,9.995759965024596e-07,0.00047054343618820814,0.00047054330939235204,9.997140804588821e-06,0.9999999999998738
0.4,20.0,0.775,0.775,1000124.3294604052,10.001243294604052,473.1468093872239,0.09419258628223189,2.1317329787605677,0.24499328610337445,0.023268131664847234,0.02306415542865178,2.4502374598643866,0.755005714307935,0.01771498982894229,0.017769435053998632,7.550995837609978,9.995885615836343e-07,0.00047054343517394703,0.00047054330794194763,9.997128398901231e-06,0.999999999999871
0.4,20.0,0.8,0.8,1000110.5161526902,10.001105161526901,473.1468244286513,0.09419440754807598,2.1316762075751394,0.24498916143077015,0.023269500935542007,0.023063471724021355,2.450162366903423,0.7550098389679885,0.017714435290998462,0.017769304538516068,7.550932797506344,9.996011097717553e-07,0.00047054343416681375,0.0004705433064913904,9.997115818406323e-06,0.9999999999998684
0.4,20.0,0.825,0.825,1000096.7026040809,10.00096702604081,473.14683958252584,0.09419623453194949,2.1316200097074693,0.24498512354444424,0.023270879306816327,0.023062796099194437,2.450088142438521,0.755013876841758,0.017713878360783964,0.017769171900865254,7.550868886497659,9.996136636596373e-07,0.0004705434331667836,0.0004705433050476836,9.997103289039882e-06,0.9999999999998659
0.4,20.0,0.85,0.85,1000082.888808004,10.00082888808004,473.1468548461571,0.09419806714849323,2.1315668455695267,0.2449815447285667,0.023272266561308843,0.02306216319579292,2.450018509567922,0.7550174556450516,0.01771331909519692,0.01776902806806422,7.550800381419723,9.996262451689131e-07,0.0004705434321736861,0.0004705433036175114,9.997091029968248e-06,0.9999999999998636
0.4,20.0,0.875,0.875,1000069.074753716,10.00069074753716,473.1468702147014,0.09419990522871513,2.1315190234916765,0.24497877427630307,0.023273662307767565,0.023061605514261008,2.4499569612480188,0.7550202260846832,0.0177127575966796,0.01776886452784554,7.550723789208507,9.996388748713408e-07,0.0004705434311872134,0.00047054330220703514,9.997079246804276e-06,0.9999999999998612
0.4,20.0,0.9,0.9,1000055.260426714,10.00055260426714,473.1468856813598,0.09420174852735555,2.1314786345293664,0.24497712862367854,0.023275065996936368,0.023061152495941,2.4499066616434146,0.7550218717246091,0.017712194009057824,0.017768673569073204,7.550635945554189,9.996515714076424e-07,0.0004705434302069335,0.00047054330082172183,9.997068125800438e-06,0.9999999999998591
0.4,20.0,0.925,0.925,1000041.4458092382,10.000414458092383,473.14690123762324,0.09420359673221322,2.1314474990679924,0.24497688326785677,0.023276476941484575,0.02306082977125253,2.4498703653302853,0.7550221170676492,0.01771162851232162,0.01776844847865723,7.55053409570284,9.99664351011322e-07,0.0004705434292323072,0.00047054329946620994,9.997057829093164e-06,0.9999999999998569
0.4,20.0,0.95,0.95,1000027.6308808512,10.000276308808512,473.1469168735591,0.09420544947500582,2.1314271256027397,0.24497826652702473,0.023277894339075938,0.02306065857928672,2.449850354923183,0.7550207337956032,0.01771106131658363,0.017768183693574923,7.550415956835389,9.99677227140816e-07,0.00047054342826270343,0.0004705432981442063,9.997048491031688e-06,0.999999999999855
0.4,20.0,0.975,0.975,1000013.815619065,10.00013815619065,473.14693257812326,0.09420730634333485,2.131418681674276,0.24498145513916933,0.02327931729767257,0.02306065535855189,2.449848397096315,0.7550175451704738,0.01771049265545193,0.017767874908067235,7.550279762052654,9.996902102198656e-07,0.00047054342729742067,0.00047054329685842177,9.997040215589931e-06,0.9999999999998533
0.4,20.0,1.0,1.0,1000000.0,10.0,473.1469483394924,0.09420916689333785,2.131422976603655,0.24498657164595433,0.023280744862194096,0.023060831503854587,2.4498657164595437,0.7550124286505899,0.017709922779048037,0.017767519137323717,7.550124286505899,9.997033074829536e-07,0.00047054342633570917,0.00047054329561053976,9.997033074829536e-06,0.9999999999998517
0.411421,20.57105,0.0,0.0,1000555.3405945281,10.005553405945282,473.15,0.1,2.2626218589079667,0.23,0.016990759613906233,0.013353375092880574,2.3012772833674147,0.71,0.012929565984248116,0.01030532208254914,7.10394291822115,0.06,1.897373589799969,1.9288834825024799,0.600333204356717,1.0
0.411421,20.57105,0.025,0.025,1000539.8963983969,10.00539896398397,503.6361294627717,0.10340046703459445,2.06997473860136,0.23672628489605435,0.019918985452120418,0.0161045166668696,2.3685409256467564,0.7304330149691953,0.01518460884188881,0.012422860719468087,7.308273731232475,0.032840700134749816,1.1982953222298478,1.3955784697085107,0.3285843071047341,0.9999999999999994
0.411421,20.57105,0.05,0.05,1000525.1636919938,10.005251636919938,498.39324169574036,0.09998940407909969,2.0420687844659757,0.24262500244850557,0.02221218443556311,0.020119266380096163,2.4275242029056145,0.7484435948579231,0.016950709338895593,0.015515853584194446,7.488366502594479,0.008931402693569873,0.43439770753737333,0.6002562986932184,0.08936093141983112,0.9999999999999986
0.411421,20.57105,0.075,0.075,1000511.050963722,10.00511050963722,482.87755684774834,0.09618800892063709,2.0912185538507653,0.24451985370446455,0.02305116255790791,0.022395435370960875,2.4464481581134945,0.7542222505124797,0.01759603202530045,0.01726969754274854,7.546076965204647,0.0012578957830526052,0.08569655052429076,0.13819322042540647,0.012585386319047964,0.9999999999999968
0.411421,20.57105,0.1,0.1,1000497.1763051045,10.004971763051046,475.52560481217586,0.09462479679193979,2.1210197184589394,0.244812197690919,0.023210619462579574,0.022976071071054784,2.4493391251481147,0.7550943613175427,0.017717516093654823,0.017716745606042292,7.554697763421079,9.344099153303114e-05,0.009738342272161945,0.017692919226208262,0.0009348744817994683,0.9999999999999948
0.411421,20.57105,0.125,0.125,1000483.359754968,10.00483359754968,473.5767029813449,0.09423218312855741,2.129560159109544,0.24483941995528258,0.023228252269439625,0.02305231803202059,2.449577654773187,0.7551558836341488,0.017729650956340857,0.01777501106282777,7.555208955970249,4.69641056090759e-06,0.0010159781189275682,0.0016224605125668662,4.69868061676554e-05,0.9999999999999922
0.411421,20.57105,0.15,0.15,1000469.5535966125,10.004695535966125,473.2099192222284,0.0941609069527906,2.131204549322474,0.2448449944532378,0.023230400928517497,0.023057644768679372,2.449599623009959,0.7551538890648709,0.017729841973429805,0.01777866661990305,7.555084742894773,1.1164818806650845e-06,0.0004897331337702874,0.0005142026217929846,1.1170061287477036e-05,0.9999999999999893
0.411421,20.57105,0.175,0.175,1000455.7487316238,10.004557487316237,473.1544662412163,0.0941516355197392,2.1314507429697316,0.2448489670135404,0.023231664132476196,0.02305791002381799,2.4496055661969622,0.7551500301092987,0.01772934492401714,0.01777849184042172,7.554941887777068,1.002877146889014e-06,0.00047112385176289166,0.0004719003283062672,1.0033342068766833e-05,0.999999999999986
0.411421,20.57105,0.2,0.2,1000441.9437633803,10.004419437633803,473.1473184858252,0.09415194817840132,2.131475245609747,0.2448522534784404,0.02323290210123663,0.023057922491937385,2.449604644048148,0.7551467471263582,0.01772882275711823,0.017778185536294618,7.554804795216877,9.993951839179037e-07,0.0004705606017353989,0.00047058436900027805,9.998368603865885e-06,0.9999999999999826
0.411421,20.57105,0.225,0.225,1000428.1385124527,10.004281385124527,473.146521380434,0.09415352307069585,2.1314680672068724,0.24485507344259597,0.023234144841513846,0.0230578856399723,2.449599053295062,0.7551439272549805,0.017728298382794237,0.017777885987368562,7.554672334526832,9.993024022306303e-07,0.00047054394410383664,0.0004705445455818679,9.997302420746119e-06,0.9999999999999787
0.411421,20.57105,0.25,0.25,1000414.3329594624,10.004143329594624,473.14645316115144,0.09415524614214331,2.1314562420804872,0.2448576873331474,0.0232353933386053,0.02305782941423007,2.449591399433873,0.7551413133546452,0.01772777246461652,0.01777759131907387,7.554541932898198,9.99312182154559e-07,0.00047054345765895655,0.00047054335776345924,9.997262301284179e-06,0.9999999999999747
0.411421,20.57105,0.275,0.275,1000400.5271005483,10.004005271005482,473.1464593158066,0.09415698770078305,2.1314446306847086,0.2448603844004892,0.023236647571026135,0.02305778091195453,2.4495845762029225,0.7551386162744564,0.01772724503519315,0.017777294615096317,7.55441069754945,9.993250249286175e-07,0.0004705434426065743,0.00047054332152623513,9.997252816833574e-06,0.9999999999999706
0.411421,20.57105,0.3,0.3,1000386.7209303863,10.003867209303863,473.1464723573455,0.09415873430243422,2.131435426058656,0.24486345038813437,0.023237907352574146,0.02305776673490918,2.4495814420948614,0.755135550273852,0.017726716144048235,0.017776988913466178,7.554275769964217,9.99337979908358e-07,0.00047054344111460494,0.0004705433191373549,9.997244448217186e-06,0.9999999999999664
0.411421,20.57105,0.325,0.325,1000372.914440793,10.003729144407929,473.14648603309115,0.09416048457494093,2.1314303421826284,0.2448671403170875,0.02323917237169695,0.02305781061877973,2.4495845480978744,0.7551318603318996,0.017726185872779323,0.01777666799758507,7.554134599073203,9.993509748803024e-07,0.0004705434400116623,0.0004705433177440857,9.997236472902558e-06,0.999999999999962
0.411421,20.57105,0.35,0.35,1000359.1076211821,10.003591076211821,473.14649981226034,0.0941622382308539,2.131430729760593,0.2448716581708439,0.023240442216951453,0.023057931547342266,2.4495959344950453,0.7551273424650943,0.017725654329125644,0.017776326895228844,7.553985144487366,9.993640193314655e-07,0.00047054343892325746,0.000470543316396824,9.997228985671429e-06,0.9999999999999575
0.411421,20.57105,0.375,0.375,1000345.3004593287,10.003453004593286,473.14651364827375,0.09416399504457916,2.131437512633325,0.24487714370379463,0.023241716408331062,0.023058142525097296,2.4496169989399466,0.755121856919037,0.017725121638784407,0.01777596220016825,7.553826008430804,9.99377121427109e-07,0.0004705434378385093,0.00047054331507053967,9.997222068061804e-06,0.999999999999953
0.411421,20.57105,0.4,0.4,1000331.4929422211,10.003314929422212,473.14652753182776,0.09416575478036318,2.1314511470859117,0.2448836659763831,0.023242994431839643,0.023058449975962177,2.4496484318331957,0.7551153346332803,0.017724587936356177,0.01777557222967522,7.553656500372742,9.993902852419424e-07,0.0004705434367567222,0.0004705433137654197,9.997215760680246e-06,0.9999999999999486
0.411421,20.57105,0.425,0.425,1000317.6850569169,10.003176850569169,473.14654145635086,0.09416751720219882,2.1314716185952087,0.24489122283438014,0.02324427577441203,0.0230588536952575,2.449690211164447,0.7551077777620534,0.017724053356198952,0.01777515703711223,7.553476642194102,9.994035106602968e-07,0.0004705434356774865,0.00047054331248110265,9.99721006221464e-06,0.9999999999999442
0.411421,20.57105,0.45,0.45,1000303.8767913432,10.003038767913432,473.1465554158772,0.0941692820891988,2.131498471090608,0.24489974532866168,0.023245559956746834,0.023059347261530853,2.4497416467747297,0.7550992552544845,0.0177235180238288,0.01777471830408501,7.553287123933169,9.994167936336814e-07,0.00047054343460042674,0.00047054331121604585,9.997204932021456e-06,0.9999999999999398
0.411421,20.57105,0.475,0.475,1000290.0681349947,10.002900681349947,473.14656940523116,0.09417104924955737,2.1315308615869526,0.2449091059751763,0.023246846562151487,0.02305991880576518,2.4498014630278977,0.7550898945946325,0.017722982048365043,0.017774259138991454,7.553089221121111,9.994301266663768e-07,0.0004705434335252156,0.00047054330996767286,9.997200294992766e-06,0.9999999999999354
0.411421,20.57105,0.5,0.5,1000276.2590794985,10.002762590794985,473.1465834203062,0.09417281853200483,2.1315676328888005,0.24491912974951413,0.02324813526003881,0.023060552035037544,2.4498679088285034,0.7550798708069175,0.017722445516376077,0.0177737838089257,7.552884684769745,9.994434994621973e-07,0.0004705434324515946,0.00047054330873258976,9.997196048033696e-06,0.9999999999999312
0.411421,20.57105,0.525,0.525,1000262.4496190229,10.00262449619023,473.14659745827925,0.0941745898343102,2.1316073974499377,0.24492960676997302,0.023249425823226193,0.02306122741323992,2.449938884519572,0.7550693937730542,0.017721908487348344,0.01777329743044392,7.552675614477859,9.994568996707611e-07,0.00047054343137938536,0.00047054330750682515,9.997192067533096e-06,0.9999999999999268
0.411421,20.57105,0.55,0.55,1000248.6397505268,10.002486397505267,473.1466115177419,0.09417636310863632,2.131648626152173,0.2449403057258735,0.0232507181386525,0.02306192341105752,2.4500120762238313,0.7550586948037354,0.017721370990879254,0.017772805642188583,7.552464324092447,9.994703136777916e-07,0.00047054343030850023,0.00047054330628608343,9.997188217272435e-06,0.9999999999999225
0.411421,20.57105,0.575,0.575,1000234.8294738443,10.002348294738443,473.1466255987519,0.0941781383637482,2.1316897366226586,0.2449509872371734,0.023252012211528013,0.023062617749443386,2.4500850894862394,0.7550480132790177,0.017720833025590067,0.0177723142792135,7.552253208067033,9.994837273915076e-07,0.00047054342923894335,0.00047054330506599067,9.99718435629327e-06,0.9999999999999185
0.411421,20.57105,0.6,0.6,1000221.0187916216,10.002210187916216,473.1466397028082,0.09417991566423266,2.131729176651997,0.24496141647400022,0.023253308163265884,0.023063288574106576,2.450155575502632,0.7550375840287873,0.017720294559667345,0.017771829065374896,7.552044615232383,9.994971269855674e-07,0.0004705434281708106,0.0004705433038423244,9.99718034632803e-06,0.9999999999999144
0.411421,20.57105,0.625,0.625,1000207.2077091156,10.002072077091157,473.14665383275394,0.09418169512701409,2.1317654992395956,0.24497137451051673,0.023254606223804014,0.02306391551210741,2.4502213446782797,0.7550276259788942,0.017719755532873773,0.017771355336597364,7.551840735235923,9.99510499567636e-07,0.0004705434271042821,0.00047054330261121655,9.997176058484885e-06,0.9999999999999105
0.411421,20.57105,0.65,0.65,1000193.3962338766,10.001933962338766,473.1466679926233,0.09418347691554539,2.1317974267289186,0.24498066802912763,0.023255906719118445,0.023064480574837558,2.4502804636769704,0.7550183324469452,0.017719215859818227,0.017770897804371154,7.551643501489482,9.995238337509354e-07,0.00047054342603961523,0.0004705433013693251,9.997171378960528e-06,0.9999999999999065
0.411421,20.57105,0.675,0.675,1000179.5843753411,10.001795843753412,473.1466821874373,0.09418526123211204,2.131823902368722,0.24498913712311765,0.023257210054856446,0.02306496888395938,2.450331333442733,0.755009863339665,0.017718675434242263,0.017770460365616508,7.551454513143493,9.995371201139193e-07,0.0004705434249771287,0.00047054330011396485,9.997166213632653e-06,0.9999999999999027
0.411421,20.57105,0.7,0.7,1000165.7721443536,10.001657721443536,473.1466964229664,0.09418704830872421,2.1318441284230842,0.24499666106483226,0.023258516697085944,0.023065369207957737,2.450372746866965,0.7550023393847153,0.017718134134061855,0.017770045962148828,7.551274977415071,9.995503515402536e-07,0.00047054342391718843,0.0004705432988432022,9.99716049145418e-06,0.9999999999998991
0.411421,20.57105,0.725,0.725,1000151.9595526491,10.00151959552649,473.14671070546734,0.09418883839707902,2.131857590639222,0.24500316201029784,0.023259827151174993,0.023065674306617392,2.4504039258119454,0.7549958384260742,0.017717591826898936,0.017769656490449093,7.551105672559335,9.995635234373539e-07,0.00047054342286019247,0.0004705432975559125,9.997154166632198e-06,0.9999999999998954
0.411421,20.57105,0.75,0.75,1000138.146612314,10.00138146612314,473.1467250414125,0.09419063175806573,2.131864069460343,0.24500860669868,0.02326114193978887,0.02306588108888129,2.4504245380768324,0.754990393724578,0.017717048375844074,0.017769292760310824,7.550946930898008,9.99576633836885e-07,0.0004705434218065507,0.0004705432962517943,9.99714721962598e-06,0.9999999999998918
0.411421,20.57105,0.775,0.775,1000124.3333352526,10.001243333352527,473.14673943721635,0.09419242865125613,2.1318636388401773,0.2450130062759907,0.023262461580930753,0.02306599059615163,2.450434695602413,0.7549859941342143,0.017716503645207826,0.01776895449920494,7.550798640609342,9.995896833848484e-07,0.00047054342075667155,0.0004705432949313577,9.997139657040678e-06,0.9999999999998884
0.411421,20.57105,0.8,0.8,1000110.5197326783,10.001105197326783,473.1467538989745,0.09419422932478297,2.1318566538790362,0.2450164144274347,0.023263786566862937,0.023066007828209483,2.4504349357605903,0.7549825859697752,0.017715957506041397,0.017768640397864265,7.550660264433533,9.996026752320688e-07,0.0004705434197109407,0.0004705432935958733,9.9971315105252e-06,0.9999999999998851
0.411421,20.57105,0.825,0.825,1000096.7058146454,10.000967058146454,473.146768432224,0.09419603400595779,2.1318437287646312,0.24501892404265632,0.023265117344636464,0.023065941432635968,2.450426187973094,0.7549800763416108,0.01771540984123625,0.017768348191618554,7.550530873049344,9.996156148382844e-07,0.00047054341866971047,0.0004705432922473034,9.997122834806497e-06,0.999999999999882
0.411421,20.57105,0.85,0.85,1000082.8915896378,10.000828915896378,473.14678304172764,0.09419784289291962,2.131825706672834,0.2450206626641798,0.023266454298834643,0.02306580328103691,2.4504097281640216,0.7549783377071895,0.017714860550043725,0.01776807477137734,7.550409190617442,9.996285097045564e-07,0.0004705434176332831,0.0004705432908882073,9.997113705007733e-06,0.999999999999879
0.411421,20.57105,0.875,0.875,1000069.0770642251,10.000690770642251,473.14679773129404,0.09419965614754873,2.1318036233735755,0.2450217869829992,0.023267797737006917,0.023065607956641494,2.450387123687152,0.7549772133755076,0.01771430955189029,0.017767816317825445,7.550293649849645,9.996413690495207e-07,0.0004705434166019003,0.0004705432895216307,9.997104213405727e-06,0.9999999999998759
0.411421,20.57105,0.9,0.9,1000055.2622427947,10.000552622427948,473.14681250363606,0.09420147388981433,2.1317786663061487,0.24502247664817764,0.02326914787813793,0.02306537217811244,2.4503601713977234,0.7549765236974919,0.01771375678939763,0.017767568452326406,7.550182453934489,9.99654203445199e-07,0.0004705434155757336,0.00047054328815098736,9.997094465785007e-06,0.999999999999873
0.411421,20.57105,0.925,0.925,1000041.4471273627,10.000414471273627,473.1468273602669,0.09420329619366441,2.131752130846837,0.24502292765109046,0.02327050484436879,0.023065114183823232,2.450330831475796,0.7549760726817554,0.017713202230551162,0.017767326398180863,7.550073642711957,9.996670244277029e-07,0.00047054341455488014,0.0004705432867799341,9.997084577541845e-06,0.9999999999998702
0.411421,20.57105,0.95,0.95,1000027.6317174687,10.000276317174688,473.1468423014398,0.09420512308451008,2.131725375400939,0.24502334553123548,0.02327186865606536,0.023064853099580174,2.4503011594709245,0.7549756547887881,0.01771264586999192,0.01776708514622222,7.549965160627771,9.996798440973504e-07,0.0004705434135393555,0.0004705432854122407,9.997074669683618e-06,0.9999999999998678
0.411421,20.57105,0.975,0.975,1000013.8160101511,10.00013816010151,473.1468573261269,0.09420695453829932,2.1316997768213213,0.24502393863088692,0.023273239230216493,0.023064608310936693,2.450273238841103,0.7549750616763036,0.017712087729436228,0.017766839619210745,7.549854924194196,9.996926747216035e-07,0.0004705434125290943,0.00047054328405166806,9.997064864857456e-06,0.9999999999998652
0.411421,20.57105,1.0,1.0,1000000.0,10.0,473.1468724320418,0.09420879048213114,2.1316766874961326,0.24502491160177398,0.023274616382044127,0.023064398859003958,2.4502491160177398,0.7549740886925606,0.01771152785725424,0.01776658483007507,7.549740886925607,9.997055283527683e-07,0.00047054341152395226,0.00047054328270185034,9.997055283527684e-06,0.9999999999998629
0.455369,22.76845,0.0,0.0,1000555.675162458,10.00555675162458,473.15,0.1,2.2626226154885183,0.23,0.016612293871996416,0.013353378028322961,2.3012780528736534,0.71,0.012656516384691827,0.010305324347944895,7.103945293653451,0.06,1.9085816708924546,1.9288837775277172,0.6003334050974748,1.0
0.455369,22.76845,0.025,0.025,1000540.1510397492,10.005401510397492,504.0651396101659,0.10377088538480994,2.073725189636548,0.23606829047110328,0.019504411343471507,0.015776658080773463,2.3619580300365306,0.7284140599224606,0.014883622425492203,0.012170143162483951,7.288075135342956,0.03551764960643613,1.2808961037459865,1.4596738684828574,0.355368345018005,0.9999999999999999
0.455369,22.76845,0.05,0.05,1000525.2810095589,10.00525281009559,501.7006205519812,0.10082126244219267,2.0322983828889094,0.2421882680347503,0.02197300899279388,0.019714256606667733,2.4231548493268695,0.747099133773834,0.016784909179462713,0.01520356885301648,7.4749157076106325,0.010712598191415859,0.5088567777909389,0.6815026474019992,0.10718225315808846,1.0
0.455369,22.76845,0.075,0.075,1000511.0881052875,10.005110881052875,485.3136036122414,0.09671188833540453,2.081617440376696,0.24441702706014506,0.02297424587227074,0.022227806601800064,2.4454194569540526,0.7539064294871163,0.01755538498089657,0.01714046532687919,7.542917420957271,0.0016765434527389925,0.11080876993476253,0.1726722811525146,0.016774003141556852,1.0000000000000004
0.455369,22.76845,0.1,0.1,1000497.1863159566,10.004971863159566,476.4153253843362,0.09480719153048923,2.1171488776877956,0.24479961426029195,0.02318460508440001,0.022944578391013916,2.449213252786537,0.7550613698076629,0.017716210356256513,0.01769259812962502,7.554367759884388,0.00013901593204580757,0.013776576535143331,0.024279953095418614,0.0013908504886492074,1.0000000000000007
0.455369,22.76845,0.125,0.125,1000483.3630947133,10.004833630947132,473.79386894381736,0.09427727008725653,2.1285748305362637,0.2448366598812863,0.023209781578811775,0.02304918906530463,2.449550048869058,0.7551562878865502,0.017734263159722936,0.017772808269184658,7.555213025668554,7.052232164522157e-06,0.0013439657334089153,0.0022457867500010873,7.055640953285838e-05,1.000000000000001
0.455369,22.76845,0.15,0.15,1000469.5554365376,10.004695554365377,473.25074224066543,0.09417080072200835,2.1310076749119573,0.244842975380606,0.023212403169456997,0.023057321024512443,2.4495794273079405,0.75515582757408,0.01773492110797179,0.017778609242148306,7.555104150983506,1.1970453153504193e-06,0.0005036519015117278,0.0005436744198203756,1.1976073944860243e-05,1.0000000000000013
0.455369,22.76845,0.175,0.175,1000455.7500710206,10.004557500710206,473.16070090247126,0.09415462487385842,2.131417293340087,0.24484815369189852,0.023213579194718056,0.023057829819977255,2.449597432553329,0.7551508408227079,0.017734459952835704,0.01777850814224749,7.554950008720442,1.0054853952093722e-06,0.00047157247289272597,0.0004728818407077192,1.005943645249649e-05,1.0000000000000016
0.455369,22.76845,0.2,0.2,1000441.9447482161,10.00441944748216,473.147971362934,0.09415378641344398,2.1314804028024157,0.2448534780188434,0.023214705758943174,0.02305803635591005,2.449616897275363,0.7551455225031362,0.017733956249422065,0.017778155585909217,7.554792551009455,9.994780222952882e-07,0.0004705745092551251,0.0004706155438447246,9.99919736358199e-06,1.0000000000000018
0.455369,22.76845,0.225,0.225,1000428.139142409,10.00428139142409,473.14640221677126,0.09415516244481985,2.1314939382550344,0.2448589051861303,0.023215834872785838,0.023058242322346476,2.449637388678079,0.7551400955087831,0.017733450163721617,0.01777779257847028,7.5546340054167285,9.993050886680624e-07,0.0004705443187969529,0.00047054547278852735,9.9973293029173e-06,1.000000000000002
0.455369,22.76845,0.25,0.25,1000414.3332121741,10.00414333212174,473.14623936746096,0.09415681988681232,2.1315011909550106,0.24486434044104352,0.023216968125716594,0.023058448707711565,2.449657958697654,0.7551346602464353,0.01773294293461996,0.017777429126006203,7.5544753761583925,9.993125232376886e-07,0.00047054341799789267,0.00047054333892290534,9.997265716054077e-06,1.000000000000002
0.455369,22.76845,0.275,0.275,1000400.5269534219,10.004005269534218,473.14623396920234,0.0941585113168189,2.1315071807047836,0.24486969220466195,0.023218105600357145,0.02305864729120663,2.449677691164661,0.7551293084698948,0.017732434590067035,0.017777067699242782,7.554317581112559,9.993254451156939e-07,0.00047054339035175274,0.0004705432735269722,9.997257018917031e-06,1.0000000000000018
0.455369,22.76845,0.3,0.3,1000386.7203670818,10.003867203670818,473.1462444719697,0.09416020873687327,2.131512038993495,0.24487488390990572,0.023219247372875604,0.023058830955547456,2.4496958201490053,0.7551241167515728,0.017731925111557443,0.017776710171956544,7.554161386271953,9.99338523057973e-07,0.00047054338838224485,0.00047054327021299003,9.99724987618449e-06,1.0000000000000016
0.455369,22.76845,0.325,0.325,1000372.9134551404,10.003729134551405,473.1462564786668,0.0941619093560514,2.1315154723183185,0.24487986134245496,0.02322039354707077,0.02305899465544909,2.449711803376425,0.7551191393059522,0.017731414471926485,0.017776357865881078,7.554007333932335,9.993515939281878e-07,0.0004705433871613495,0.000470543268736045,9.997242655839798e-06,1.000000000000001
0.455369,22.76845,0.35,0.35,1000359.1062199454,10.003591062199453,473.1462686626414,0.09416361298005853,2.131517302923086,0.24488459670013693,0.02322154424246457,0.023059135804009527,2.4497253628198075,0.7551144039352121,0.017730902639849725,0.017776011458600683,7.553855702144356,9.993646513494594e-07,0.00047054338596531393,0.0004705432673110159,9.997235294117526e-06,1.0000000000000004
0.455369,22.76845,0.375,0.375,1000345.2986638371,10.003452986638372,473.14628091338284,0.09416531965594767,2.13151752945812,0.2448890896926879,0.02322269958049019,0.02305925437516088,2.449736495681471,0.7551099109296164,0.01773038958350078,0.01777567095698487,7.553706493729107,9.993776951641681e-07,0.00047054338477346897,0.00047054326588576574,9.997227789469771e-06,0.9999999999999994
0.455369,22.76845,0.4,0.4,1000331.4907888352,10.003314907888353,473.1462932235456,0.09416702944542085,2.131516322733277,0.24489336614286336,0.023223859671294353,0.02305935277329836,2.449745460379866,0.7551056344664083,0.017729875274009044,0.017775335731336647,7.553559450288316,9.993907268868085e-07,0.00047054338358531187,0.00047054326445932225,9.99722015707219e-06,0.9999999999999986
0.455369,22.76845,0.425,0.425,1000317.6825963648,10.003176825963648,473.1463055935654,0.09416874240051774,2.1315140039883222,0.2448974746362382,0.023225024602175282,0.02305943552129809,2.449752743018238,0.7551015259600098,0.01772935968848803,0.017775004597099374,7.553414085732959,9.994037493763044e-07,0.00047054338240089694,0.00047054326303258445,9.997212425542232e-06,0.9999999999999974
0.455369,22.76845,0.45,0.45,1000303.8740870438,10.003038740870439,473.1463180240647,0.09417045855778856,2.1315110136403392,0.24490148178995194,0.023226194428356734,0.023059508820022775,2.449759010041466,0.7550975187932775,0.017728842812451764,0.017774675930222663,7.553269733624299,9.994167665538765e-07,0.00047054338122026827,0.0004705432616068027,9.997204634113895e-06,0.999999999999996
0.455369,22.76845,0.475,0.475,1000290.0652605362,10.002900652605362,473.14633051523066,0.09417217793514111,2.131507874494129,0.24490546668817526,0.02322736916652261,0.023059580030309508,2.4497650525617694,0.7550935338820361,0.017728324641508253,0.01777434780283198,7.553125602846708,9.994297830754878e-07,0.00047054338004343907,0.0004705432601834333,9.997196829359031e-06,0.9999999999999944
0.455369,22.76845,0.5,0.5,1000276.2561154759,10.002762561154759,473.1463430667337,0.094173900530174,2.1315051527176787,0.24490951497935942,0.023228548791289477,0.023059657123522197,2.4497717273061075,0.7550894855778293,0.01772780518228346,0.017774018127132547,7.5529808366595175,9.99442803984417e-07,0.000470543378870391,0.0004705432587640288,9.997189061710861e-06,0.9999999999999927
0.455369,22.76845,0.525,0.525,1000262.4466494631,10.002624466494632,473.1463556777201,0.09417562631989101,2.1315034193876996,0.24491371305926685,0.023229733234580874,0.023059748140131904,2.4497798984266685,0.7550852874848896,0.01772728445258521,0.01777368479721171,7.552834570886491,9.994558343688259e-07,0.0004705433777010709,0.00047054325735012946,9.997181382038427e-06,0.9999999999999907
0.455369,22.76845,0.55,0.55,1000248.6368591229,10.00248636859123,473.1463683468344,0.09417735526169367,2.131503214877453,0.24491814268350628,0.023230922387696355,0.023059860688314022,2.4497903836124535,0.7550808578476034,0.017726762480861424,0.017773345820361486,7.552685987804824,9.994688790445505e-07,0.00047054337653539474,0.00047054325594316745,9.997173838474273e-06,0.9999999999999887
0.455369,22.76845,0.575,0.575,1000234.8267402201,10.002348267402201,473.14638107227506,0.09417908729549636,2.1315050178124473,0.2449228762706774,0.023232116105736018,0.023060001506858458,2.449803907113174,0.7550761242473668,0.017726239305041417,0.017772999431557916,7.552534363122418,9.994819422785064e-07,0.00047054337537324857,0.00047054325454438175,9.997166473649206e-06,0.9999999999999866
0.455369,22.76845,0.6,0.6,1000221.0162878215,10.002210162878214,473.14639385187377,0.09418082234676166,2.1315092197908903,0.24492797307725728,0.023233314213951646,0.02306017610924421,2.4498210614865044,0.7550710274276993,0.017725714970872424,0.017772644186683454,7.552379104232229,9.994950275633745e-07,0.000470543374214496,0.00047054325315475386,9.997159322440628e-06,0.9999999999999841
0.455369,22.76845,0.625,0.625,1000207.2054964892,10.002072054964891,473.14640668319015,0.09418256033022802,2.1315161065774553,0.24493347635151427,0.023234516515540656,0.023060388518855328,2.4498422791408854,0.7550655241403298,0.017725189529878484,0.017772279031879154,7.552219778671412,9.995081374498775e-07,0.00047054337305898157,0.00047054325177495795,9.997152410297429e-06,0.9999999999999816
0.455369,22.76845,0.65,0.65,1000193.3943604964,10.001933943604964,473.14641956362044,0.09418430115409164,2.1315258460461672,0.24493941150826853,0.02323572280037771,0.023060641099221672,2.4498678140911756,0.7550595889704368,0.017724663037073485,0.017771903348009484,7.5520561323678255,9.99521273439162e-07,0.0004705433719065414,0.0004705432504053361,9.997145752166415e-06,0.9999999999999788
0.455369,22.76845,0.675,0.675,1000179.5828740526,10.001795828740526,473.1464324905105,0.09418604472440477,2.1315384827793884,0.24494578531052602,0.02323693285418522,0.023060934477975536,2.4498977337863916,0.7550532151550139,0.01772413554855941,0.01777151697058235,7.551888097814541,9.995344359344154e-07,0.0004705433707570071,0.00047054324904588577,9.997139352011351e-06,0.9999999999999758
0.455369,22.76845,0.7,0.7,1000165.7710315257,10.001657710315257,473.14644546126954,0.09418779094946729,2.1315539389286586,0.24495258599843497,0.023238146467672516,0.0230612675589732,2.4499319204129084,0.7550464144539136,0.01772360711913269,0.01777112018657799,7.551715792768874,9.99547624248274e-07,0.0004705433696102138,0.00047054324769626836,9.997133202890049e-06,0.9999999999999728
0.455369,22.76845,0.725,0.725,1000151.9588276508,10.001519588276508,473.1464584734757,0.09418953974400783,2.1315720207092705,0.24495978427062234,0.023239363445219836,0.023061637613738018,2.449970080722617,0.7550392161685108,0.01772307780000973,0.017770713710502768,7.5515395104263,9.995608366604093e-07,0.0004705433684660086,0.00047054324635583344,9.99712728753314e-06,0.9999999999999698
0.455369,22.76845,0.75,0.75,1000138.1462577203,10.001381462577204,473.14647152497537,0.09419129103298048,2.131592429730931,0.24496733499731088,0.023240583612742432,0.023062040440994254,2.450011763179045,0.7550316654285851,0.01772254763676727,0.017770298642609247,7.551359702276245,9.995740705182161e-07,0.0004705433673242536,0.0004705432450236523,9.997121579353726e-06,0.9999999999999666
0.455369,22.76845,0.775,0.775,1000124.3333177428,10.001243333177428,473.146484613965,0.09419304475483294,2.131614778256822,0.24497517952795125,0.0232418068244372,0.023062470581511587,2.450056381047866,0.7550238208846897,0.017722016667575294,0.01776987641262946,7.551176955013152,9.995873223725265e-07,0.0004705433661848354,0.00047054324369856764,9.997116043806908e-06,0.9999999999999633
0.455369,22.76845,0.8,0.8,1000110.5200045701,10.001105200045702,473.1464977390584,0.09419480086413673,2.1316386074264835,0.24498324844748207,0.023243032968186268,0.02306292157467898,2.450103239972201,0.7550157519518896,0.0177214849217817,0.01776944871257858,7.550991962962461,9.99600588139747e-07,0.0004705433650476648,0.00047054324237924295,9.997110640013167e-06,0.9999999999999599
0.455369,22.76845,0.825,0.825,1000096.7063159861,10.00096706315986,473.1465108993353,0.09419655933350503,2.131663407467228,0.24499146463369642,0.023244261969464226,0.023063386243075933,2.450151568556892,0.7550075357523968,0.017720952418888943,0.017769017422225204,7.550805497497211,9.996138632817805e-07,0.0004705433639126837,0.0004705432410642247,9.99710532255907e-06,0.9999999999999565
0.455369,22.76845,0.85,0.85,1000082.892250758,10.00082892250758,473.1465240943699,0.09419832015475599,2.131688638946989,0.24499974647243655,0.02324549379366646,0.023063856991705885,2.450200550528568,0.7549992539003734,0.017720419167944066,0.017768584530721037,7.550618374878499,9.996271429952448e-07,0.0004705433627798649,0.0004705432397519998,9.997100043390465e-06,0.9999999999999528
0.455369,22.76845,0.875,0.875,1000069.0778086474,10.000690778086474,473.1465373242387,0.09420008333931218,2.1317137541811397,0.24500801109635226,0.023246728446842512,0.023064326109396467,2.4502493571285986,0.7549909892631746,0.01771988516734666,0.017768152057662415,7.550431423862616,9.99640422402129e-07,0.0004705433616492129,0.00047054323844105664,9.997094753719439e-06,0.9999999999999494
0.455369,22.76845,0.9,0.9,1000055.2629903838,10.000552629903838,473.14655058951234,0.09420184891785631,2.1317382179899056,0.24501617752566693,0.02324796597487811,0.023064786061055494,2.4502971785232948,0.754982822820582,0.017719350405062877,0.01776772197654614,7.550245454290596,9.996536967347059e-07,0.00047054336052076317,0.00047054323712994044,9.99708940587336e-06,0.9999999999999457
0.455369,22.76845,0.925,0.925,1000041.4477976038,10.000414477976038,473.146563891226,0.09420361693928594,2.1317615271049295,0.24502416960479767,0.02324920646122277,0.023065229760906292,2.450343253169875,0.7549748307281829,0.01771881485922058,0.017767296143206584,7.5500612277216295,9.996669615084686e-07,0.00047054335939458194,0.0004705432358173088,9.997083955023605e-06,0.9999999999999422
0.455369,22.76845,0.95,0.95,1000027.6322327579,10.00027632232758,473.14657723083536,0.09420538746903498,2.1317832276370483,0.24503191864584886,0.023250450023303566,0.023065650818424713,2.4503868942485805,0.7549670816738768,0.01771827849904855,0.01776687623140173,7.549879431000022,9.996802126778177e-07,0.00047054335827076123,0.0004705432345019742,9.997078360741379e-06,0.9999999999999384
0.455369,22.76845,0.975,0.975,1000013.816298991,10.00013816298991,473.14659061015743,0.09420716058684354,2.131802930137208,0.24503936570812285,0.0232516968078019,0.023066043750388076,2.4504275124526402,0.754959634598365,0.0177177412861134,0.017766463677274396,7.549700653464028,9.996934467703626e-07,0.00047054335714941586,0.000470543233182945,9.997072588339224e-06,0.9999999999999346
0.455369,22.76845,1.0,1.0,1000000.0,10.0,473.1466040313024,0.09420893638407413,2.131820321903811,0.24504646346114764,0.023252946984995807,0.02306640415415451,2.450464634611477,0.7549525368321223,0.017717203175801343,0.017766059633967095,7.549525368321223,9.99706660996718e-07,0.00047054335603068076,0.000470543231859457,9.997066609967182e-06,0.9999999999999309
0.516718,25.835900000000002,0.0,0.0,1000556.1548468999,10.005561548468998,473.15,0.1,2.2626237002306206,0.23,0.016148906115925732,0.013353382236992044,2.3012791561478703,0.71,0.01232219859184836,0.010305327595939513,7.10394869941299,0.06,1.9178891418299888,1.9288842005179443,0.60033369290814,1.0
0.516718,25.835900000000002,0.025,0.025,1000540.5419091827,10.005405419091828,504.09593532798505,0.10414889610831836,2.080702890655642,0.23522036361431323,0.018944432803348003,0.015376633961651884,2.3534751007873997,0.7258119468503045,0.014474721852810494,0.011861796806430855,7.262042786257625,0.03896768953538118,1.3830643953219621,1.5377054389662232,0.3898875320467908,0.9999999999999989
0.516718,25.835900000000002,0.05,0.05,1000525.4821385099,10.0052548213851,506.02316368494377,0.10195186718822065,2.0205456298609348,0.24152280317896216,0.021610294533752596,0.019144465469683184,2.4164971909807558,0.7450419924860426,0.01652801317686573,0.01476406214120926,7.454334987455339,0.013435204334993048,0.6168147676647783,0.7954353703235613,0.13442264294898318,0.9999999999999978
0.516718,25.835900000000002,0.075,0.075,1000511.1627265885,10.005111627265885,489.0899658848391,0.09753329609457181,2.0671427196288965,0.2442408489027404,0.022848815739420738,0.021955912186589592,2.443656957210098,0.75334505922488,0.017481478667819406,0.0169303968202399,7.5373014113941545,0.0024140918723762348,0.15293375429586872,0.22848717922290412,0.02415325866159954,0.9999999999999967
0.516718,25.835900000000002,0.1,0.1,1000497.2129100856,10.004972129100855,477.9774366138626,0.0951287670537721,2.110462873492795,0.244781787236094,0.023146491890458906,0.022886999728123615,2.4490349590086162,0.7549866517603924,0.017709746631627814,0.01764773789819477,7.5536204087059,0.00023156100350901282,0.021519722839719334,0.03643081853409347,0.0023167613862942987,0.9999999999999953
0.516718,25.835900000000002,0.125,0.125,1000483.3765210947,10.004833765210947,474.21985449831305,0.09436558710455757,2.1267023046560594,0.24483946626215483,0.02318655692564655,0.023043377245270898,2.4495781591158337,0.7551479684886062,0.01773941411568863,0.017767927470536037,7.555129892865261,1.2565249233260667e-05,0.002067397511585883,0.0035639337344785466,0.00012571322979721731,0.9999999999999942
0.516718,25.835900000000002,0.15,0.15,1000469.5656078166,10.004695656078166,473.3398685153199,0.094191825182992,2.1306267790747366,0.24484593767822424,0.023190349571772646,0.023057269885655342,2.449609089097716,0.7551526668331561,0.017741111260746754,0.017778280302660085,7.555072605541519,1.395488613002144e-06,0.0005382933923932062,0.0006146462633468122,1.3961438864609095e-05,0.9999999999999933
0.516718,25.835900000000002,0.175,0.175,1000455.7591605155,10.004557591605154,473.1760388848126,0.09416095643718254,2.1313583504001965,0.24484968178623095,0.023191440587823037,0.02305796085325229,2.4496127427165435,0.7551493061447243,0.017740720465414812,0.017778462087861338,7.554934723585567,1.0120690371319057e-06,0.0004727360289641116,0.0004753569970709081,1.0125302968666526e-05,0.9999999999999923
0.516718,25.835900000000002,0.2,0.2,1000441.9531715661,10.004419531715662,473.1500502215221,0.09415743554435192,2.1314698968833015,0.24485330261000016,0.023192424472396014,0.023058019839110176,2.449615163036571,0.755145697697914,0.017740242111750435,0.017778159711685733,7.554794367340062,9.996920774794815e-07,0.000470611592012248,0.0004706961736034645,1.0001338945637133e-05,0.9999999999999916
0.516718,25.835900000000002,0.225,0.225,1000428.146990547,10.00428146990547,473.1464402027451,0.09415835253057539,2.1314808274762957,0.24485694545584355,0.023193409552927684,0.023058060062037533,2.4496178022015505,0.755142055232498,0.01773975973864861,0.0177778404779429,7.554653670308815,9.993116492932148e-07,0.00047054541410845944,0.0004705479900853338,9.997395015684782e-06,0.9999999999999909
0.516718,25.835900000000002,0.25,0.25,1000414.3405238972,10.004143405238972,473.1460008293092,0.0941599005296271,2.1314780430377844,0.24486067424169558,0.023194399253637314,0.02305810760733879,2.4496212994174273,0.7551383264459546,0.01773927603329406,0.01777751862721488,7.554512108557491,9.993123401410303e-07,0.00047054338313364663,0.00047054335373255954,9.997263957395815e-06,0.9999999999999902
0.516718,25.835900000000002,0.275,0.275,1000400.5337578089,10.00400533757809,473.1459606067733,0.09416153034462875,2.1314744019005003,0.24486454562229037,0.02319539360968553,0.023058168388819515,2.449626221389026,0.755134455052734,0.01773879109707591,0.01777719328103942,7.554369118936673,9.993249655133125e-07,0.0004705433204055645,0.0004705432092773278,9.997252288970217e-06,0.9999999999999899
0.516718,25.835900000000002,0.3,0.3,1000386.7266882019,10.003867266882018,473.14596564650446,0.09416317182156923,2.1314717992000114,0.24486860512587147,0.023196392531479617,0.023058246663701095,2.4496330235057644,0.7551303955361476,0.01773830495679901,0.017776863345323777,7.55422424613174,9.993379704753108e-07,0.0004705433172409276,0.0004705432033912176,9.99724441139027e-06,0.9999999999999896
0.516718,25.835900000000002,0.325,0.325,1000372.9193118175,10.003729193118176,473.14597539634906,0.09416481688528196,2.1314706170989806,0.24487288293546997,0.02319739591277442,0.023058345241237628,2.44964200762457,0.7551261177135192,0.017737817640368886,0.017776528084882153,7.5540771882567235,9.993510001284028e-07,0.00047054331585869876,0.0004705432017286932,9.99723677415635e-06,0.9999999999999893
0.516718,25.835900000000002,0.35,0.35,1000359.1116253741,10.003591116253741,473.14598563943747,0.09416646465704437,2.1314709586284417,0.24487739177276813,0.023198403642163846,0.02305846530467235,2.4496533009094503,0.7551216088631767,0.017737329176945336,0.017776187189768405,7.553927818114906,9.993640443647355e-07,0.0004705433145323028,0.0004705432001995888,9.997229276110476e-06,0.9999999999999892
0.516718,25.835900000000002,0.375,0.375,1000345.3036256686,10.003453036256687,473.14599597329357,0.09416811501483732,2.131472793047607,0.24488212672401632,0.02319941561168011,0.023058606395726242,2.449666854102356,0.7551168738988702,0.01773683959478508,0.017775840779948655,7.55377618493231,9.993771025714297e-07,0.0004705433132106998,0.00047054319868079705,9.99722191108358e-06,0.999999999999989
0.516718,25.835900000000002,0.4,0.4,1000331.4953097602,10.003314953097602,473.14600636149635,0.09416976791390046,2.131475980789709,0.2448870666624279,0.02320043172461088,0.023058766547118293,2.4496824557644743,0.7551119339473877,0.017736348919197068,0.017775489370614517,7.553622500118354,9.993901734976869e-07,0.00047054331189232633,0.000470543197168222,9.997214666528218e-06,0.9999999999999891
0.516718,25.835900000000002,0.425,0.425,1000317.6866751306,10.003176866751307,473.14601680017745,0.09417142332388875,2.1314802923129705,0.24489217687136686,0.023201451902038372,0.023058942526820368,2.449699758528027,0.7551068237253673,0.017735857170829983,0.017775133808213692,7.553467111015652,9.994032551017468e-07,0.00047054331057707987,0.0004705431956610774,9.99720752198975e-06,0.9999999999999893
0.516718,25.835900000000002,0.45,0.45,1000303.8777198049,10.003038777198048,473.14602728840106,0.09417308122545183,2.131485430872481,0.2448974124679856,0.02320247608771328,0.0230591301567915,2.4497183133527254,0.7551015881156591,0.017735364364395555,0.017774775186972572,7.553310466644768,9.994163447431858e-07,0.00047054330926491616,0.0004705431941585075,9.997200451031622e-06,0.9999999999999895
0.516718,25.835900000000002,0.475,0.475,1000290.0684424248,10.002900684424247,473.1460378257549,0.09417474161130726,2.131491057978397,0.24490272225208506,0.023203504251054462,0.023059324671261802,2.4497376080327435,0.7550962783184653,0.017734870507882982,0.017774414755059663,7.553153079197979,9.99429439409163e-07,0.00047054330795581116,0.00047054319265955793,9.99719342349966e-06,0.9999999999999898
0.516718,25.835900000000002,0.5,0.5,1000276.258842275,10.00276258842275,473.1460484121747,0.09417640448683208,2.1314968194649,0.24490805264922472,0.023204536388226414,0.023059521083758493,2.4497571066431343,0.7550909479082294,0.017734375602276604,0.017774053818458757,7.55299548459311,9.994425359465171e-07,0.00047054330664976333,0.00047054319116324796,9.997186407844182e-06,0.9999999999999901
0.516718,25.835900000000002,0.525,0.525,1000262.448919265,10.00262448919265,473.1460590479232,0.09417806986979836,2.131502370356093,0.24491335147227966,0.023205572521379746,0.023059714537204394,2.4497762871668716,0.7550856490720795,0.017733879641754796,0.01777369364927479,7.552838204846309,9.99455631283224e-07,0.00047054330534679063,0.0004705431896686371,9.997179373335075e-06,0.9999999999999905
0.516718,25.835900000000002,0.55,0.55,1000248.6386738684,10.002486386738683,473.14606973355654,0.09417973778930888,2.131507397102144,0.2449185712854794,0.02320661269624645,0.023059900616991223,2.449794675142496,0.7550804292457889,0.017733382614319722,0.017773335403736372,7.552681714423805,9.994687226264767e-07,0.0004705433040469301,0.0004705431881748859,9.997172292042437e-06,0.9999999999999909
0.516718,25.835900000000002,0.575,0.575,1000234.8281070311,10.002348281070311,473.14608046987826,0.09418140828406003,2.13151163615414,0.24492367221482825,0.023207656978357902,0.02306007561250359,2.4498118717714155,0.7550753283033554,0.0177328845027879,0.01777298005369893,7.552526412133669,9.994818076282158e-07,0.0004705433027502332,0.0004705431866813037,9.997165140491132e-06,0.9999999999999913
0.516718,25.835900000000002,0.6,0.6,1000221.0172200538,10.002210172200538,473.1460912578805,0.09418308140008218,2.131514888220291,0.24492862410540403,0.0232087054482036,0.02306023671783859,2.4498275754901546,0.7550703763997032,0.01773238528605801,0.017772628334072754,7.552372599552402,9.99494884512229e-07,0.00047054330145676436,0.0004705431851873875,9.99715790093062e-06,0.9999999999999918
0.516718,25.835900000000002,0.625,0.625,1000207.2060144552,10.002072060144553,473.14610209867203,0.09418475718812133,2.1315170278838855,0.2449334079771173,0.02320975819567316,0.02306038216722089,2.4498415965239118,0.7550655925149228,0.017731884940566725,0.017772280707354458,7.552220466470001,9.99507952159959e-07,0.00047054330016659327,0.0004705431836928423,9.997150562191423e-06,0.9999999999999922
0.516718,25.835900000000002,0.65,0.65,1000193.3944918293,10.001933944918294,473.1461129934067,0.09418643570082919,2.1315180085556205,0.24493801677472304,0.023210815314127112,0.023060511304728314,2.449853864380069,0.7550609837042593,0.017731383441841456,0.01777193734536296,7.552070083395031,9.995210101547888e-07,0.0004705432988797945,0.0004705431821975953,9.997143120126203e-06,0.9999999999999926
0.516718,25.835900000000002,0.675,0.675,1000179.5826537011,10.00179582653701,473.1461239432083,0.09418811698991938,2.1315178629750338,0.24494245544450677,0.023211876894427243,0.02306062459135129,2.449864428606596,0.7550565450214274,0.017730880766063946,0.017771598127388214,7.551921400794768,9.995340587866732e-07,0.00047054329759643976,0.0004705431807017906,9.997135577654146e-06,0.9999999999999929
0.516718,25.835900000000002,0.7,0.7,1000165.7705013895,10.001657705013896,473.14613494910077,0.0941898011034361,2.1315166996666055,0.24494674039893333,0.023212943019227942,0.023060723555095898,2.4498734534290305,0.7550522600539609,0.017730376891565425,0.017771262653257368,7.551774254456855,9.995470990207423e-07,0.0004705432963165936,0.00047054317920577665,9.997127944445097e-06,0.9999999999999932
0.516718,25.835900000000002,0.725,0.725,1000151.9580358829,10.00151958035883,473.146146011942,0.0941914880832609,2.1315146958968514,0.24495089845186288,0.02321401375778993,0.023060810691822857,2.4498812070927936,0.7550481019879982,0.017729871800184885,0.017770930269303695,7.551628376145734,9.995601324347286e-07,0.0004705432950403113,0.0004705431777100855,9.997120236292002e-06,0.9999999999999936
0.516718,25.835900000000002,0.75,0.75,1000138.1452577341,10.001381452577341,473.14615713237004,0.09419317796296245,2.131512087772887,0.24495496532118446,0.023215089161530936,0.023060889325839867,2.4498880468800204,0.7550440351056481,0.017729365478434535,0.01777060010487677,7.551483408584785,9.995731611309006e-07,0.0004705432937676323,0.0004705431762153993,9.997112474228693e-06,0.9999999999999937
0.516718,25.835900000000002,0.775,0.775,1000124.3321669768,10.001243321669767,473.14616831075887,0.09419487076606887,2.131509158174805,0.24495898380357806,0.023216169260476135,0.023060963439994916,2.449894400848548,0.7550400166102281,0.017728857918429427,0.01777027111684084,7.551338923716475,9.995861876286995e-07,0.00047054329249858153,0.0004705431747225196,9.997104683454875e-06,0.9999999999999938
0.516718,25.835900000000002,0.8,0.8,1000110.5187630673,10.001105187630673,473.1461795471856,0.09419656650481677,2.131506223229124,0.2449630017283838,0.023217254060719412,0.023061037485228326,2.449900747363321,0.7550359986723953,0.01772834911855243,0.017769942139453505,7.551194443170401,9.995992147443218e-07,0.00047054329123316266,0.00047054317323232386,9.997096892130984e-06,0.9999999999999939
0.516718,25.835900000000002,0.825,0.825,1000096.7050448519,10.00096705044852,473.1461908414137,0.09419826517940834,2.131503618014206,0.24496706979509503,0.023218343542954215,0.02306111617931111,2.4499075934656678,0.7550319305926534,0.017727839083839084,0.017769611937076962,7.55104945989366,9.996122454634513e-07,0.0004705432899713614,0.0004705431717457283,9.997089130104834e-06,0.9999999999999938
0.516718,25.835900000000002,0.85,0.85,1000082.8910105613,10.000828910105612,473.14620219288764,0.09419996677778279,2.1315016821466974,0.24497123939267143,0.023219437662084882,0.02306120430390792,2.4499154530626313,0.7550277609820395,0.01772732782607941,0.017769279257328466,7.550903459961491,9.996252828128896e-07,0.0004705432887131419,0.0004705431702636457,9.997081427627646e-06,0.9999999999999937
0.516718,25.835900000000002,0.875,0.875,1000069.0766578296,10.000690766578296,473.1462136007397,0.09420167127588798,2.131500745836392,0.24497556048954514,0.02322053634788518,0.023061306508234528,2.449924825825137,0.7550234398721187,0.017726815363645565,0.017768942882503986,7.55075594367928,9.996383297363231e-07,0.00047054328745844927,0.0004705431687869487,9.997073814111798e-06,0.9999999999999937
0.516718,25.835900000000002,0.9,0.9,1000055.2619837368,10.000552619837368,473.1462250638118,0.09420337863842042,2.131501116920657,0.24498007967167756,0.02322163950663227,0.023061427126507415,2.4499361775685626,0.7550189206769267,0.01772630172106384,0.01776860167739,7.550606445202422,9.99651388978792e-07,0.0004705432862072091,0.0004705431673164332,9.997066316975924e-06,0.9999999999999932
0.516718,25.835900000000002,0.925,0.925,1000041.446984873,10.00041446984873,473.146236580686,0.09420508881998511,2.13150306930396,0.24498483839306046,0.023222747023612437,0.02306157001517592,2.4499499227595147,0.7550141619424693,0.017725786928358495,0.017768254631894437,7.550454550030183,9.996644629836475e-07,0.000470543284959332,0.0004705431658527903,9.997058960615229e-06,0.9999999999999927
0.516718,25.835900000000002,0.95,0.95,1000027.6316574191,10.000276316574192,473.1462481497241,0.09420680176661496,2.1315068331370224,0.24498987148930895,0.023223858766369492,0.023061738414647898,2.4499664096550915,0.7550091288331293,0.01772527102020105,0.01776790089726286,7.550299909867257,9.99677553804975e-07,0.0004705432837147136,0.0004705431643965787,9.997051765526715e-06,0.9999999999999921
0.516718,25.835900000000002,0.975,0.975,1000013.8159972421,10.00013815997242,473.1462597691152,0.09420851741758028,2.131512586978051,0.24499520599105581,0.02322497458854873,0.02306193483892223,2.449985908441461,0.7550037943182726,0.017724754034903496,0.01776753981498592,7.550142254486127,9.996906630376596e-07,0.00047054328247323813,0.00047054316294820595,9.99704474761103e-06,0.9999999999999915
0.516718,25.835900000000002,1.0,1.0,1000000.0,10.0,473.14627143693036,0.09421023570741413,2.131520452088284,0.24500086026021353,0.02322609433417698,0.023062160995272016,2.4500086026021353,0.7549981400359853,0.01772423601329737,0.01776717093783649,7.5499814003598535,9.997037917664556e-07,0.0004705432812347845,0.0004705431615079171,9.997037917664557e-06,0.9999999999999906
0.572048,28.6024,0.0,0.0,1000556.593263898,10.00556593263898,473.15,0.1,2.2626246916519284,0.23,0.015787768645346787,0.013353386083586605,2.3012801645069656,0.71,0.012061650771196782,0.010305330564507054,7.103951812173676,0.06,1.922562996728476,1.9288845871179932,0.6003339559583389,1.0
0.572048,28.6024,0.025,0.025,1000540.9211829996,10.005409211829996,503.6538276179956,0.10436567380768529,2.0883099209115112,0.2345289913376312,0.01846262686873401,0.015067877120414823,2.3465585303707326,0.7236950944896534,0.014121065798786208,0.011623881438093462,7.2408655649629585,0.04177591417271116,1.4630391215550917,1.5977886695418166,0.41798511649626363,0.9999999999999958
0.572048,28.6024,0.05,0.05,1000525.6958525567,10.005256958525568,509.5323212853436,0.10291852452116028,2.0120502590213034,0.24087113743539637,0.021257981943264854,0.018634882999270574,2.409977623933468,0.7430368972968984,0.016274103576527334,0.014371175592781898,7.4342750871210415,0.01609196526769689,0.7163347831610345,0.8969196341157367,0.16100424747097605,0.9999999999999916
0.572048,28.6024,0.075,0.075,1000511.2494469669,10.00511249446967,492.8055204151938,0.09835228598013915,2.0533336305224803,0.2440374863446747,0.022715120825721954,0.02167248547124144,2.4416225037460766,0.7527118478153112,0.01739613078438782,0.016711711825666213,7.530966713312323,0.003250665840001669,0.19822377645957956,0.28638854865840463,0.03252327741114645,0.9999999999999876
0.572048,28.6024,0.1,0.1,1000497.245654854,10.00497245654854,479.7263298682326,0.09548971979281523,2.103044119115882,0.24475390951947829,0.0231085945119734,0.022817925047694847,2.4487561233749537,0.7548932169634848,0.01769834958143384,0.01759430204557694,7.552685843354987,0.00035287351702049854,0.031081565045079973,0.050882517338313976,0.0035304898184355007,0.9999999999999836
0.572048,28.6024,0.125,0.125,1000483.3930314236,10.004833930314236,474.7525853616518,0.09447499461817585,2.124344639126417,0.24483897518659414,0.023167545271937262,0.023035033245779466,2.4495732864102027,0.7551400621570609,0.017742688840188182,0.017761343372466765,7.555050916008565,2.0962656324731396e-05,0.003097208178486616,0.005365292078622246,0.00020972789526718902,0.9999999999999798
0.572048,28.6024,0.15,0.15,1000469.577937154,10.00469577937154,473.46351875153556,0.09421938298207395,2.1300806769849077,0.24484731112028277,0.023173136770628835,0.023056884124862863,2.4496228601555634,0.755150970044686,0.01774588581503917,0.017777843192797654,7.555055722794394,1.718835007303169e-06,0.0005945948209491415,0.0007261425017003445,1.7196421343002063e-05,0.9999999999999761
0.572048,28.6024,0.175,0.175,1000455.7702225266,10.004557702225267,473.19974341696997,0.09416863858843796,2.131261967780413,0.2448512429444363,0.02317420698016737,0.02305808741619143,2.44962838849919,0.7551477340033436,0.017745592328582364,0.017778409304153815,7.554919078541108,1.0230521926445347e-06,0.0004747225781301984,0.00047947903919840634,1.0235184693700329e-05,0.9999999999999725
0.572048,28.6024,0.2,0.2,1000441.9635499103,10.004419635499103,473.1538222220282,0.09416112411388712,2.1314649496940237,0.24485512092912937,0.023175073514271293,0.023058188688439896,2.4496333796758893,0.7551438790134493,0.017745137300694328,0.017778115057528583,7.554776250829113,1.0000573904350492e-06,0.00047067654852148404,0.0004708337224359957,1.00049937934944e-05,0.9999999999999691
0.572048,28.6024,0.225,0.225,1000428.1567886657,10.004281567886657,473.146811137666,0.0941613237677431,2.131493072726954,0.24485904721013932,0.023175937459044692,0.023058255893241515,2.4496388527346857,0.7551399534662542,0.01774467579781557,0.01777778938600146,7.554632717637235,9.993235721344992e-07,0.00047054744242063824,0.0004705524378145822,9.997514393059824e-06,0.9999999999999656
0.572048,28.6024,0.25,0.25,1000414.3497624892,10.004143497624892,473.14586260906253,0.0941627271116284,2.131493841925588,0.24486296678358319,0.023176805516250402,0.02305832120290833,2.4496442569571237,0.7551360339036821,0.01774421298409831,0.017777462891143053,7.554489243399773,9.993126971549491e-07,0.0004705433874782141,0.00047054344063450346,9.997267621336676e-06,0.9999999999999625
0.572048,28.6024,0.275,0.275,1000400.5424473083,10.004005424473084,473.1457533680532,0.09416429914216028,2.1314904276803692,0.24486682566232507,0.023177677928855497,0.02305838080662114,2.4496490521994048,0.7551321750126857,0.017743749014663416,0.017777137841842823,7.554346375021066,9.993249484967706e-07,0.00047054326052084185,0.0004705431553839493,9.997252205572977e-06,0.9999999999999593
0.572048,28.6024,0.3,0.3,1000386.734840864,10.00386734840864,473.14574872696693,0.09416589431538493,2.131485864842735,0.24487058227994823,0.02317855475685297,0.023058430874439675,2.4496528226561853,0.7551284183820839,0.01774328388058182,0.01777681528183926,7.554204528507988,9.993379240212574e-07,0.00047054325524385375,0.00047054314493414923,9.99724402814273e-06,0.999999999999956
0.572048,28.6024,0.325,0.325,1000372.9269438797,10.003729269438796,473.1457559797379,0.09416749430276508,2.131480406154674,0.2448742116899334,0.023179436067790656,0.02305846908599123,2.4496553188133388,0.7551247889591043,0.017742817564348694,0.01777649582015475,7.554063953388987,9.993509153913852e-07,0.0004705432536903953,0.0004705431430367129,9.997236002741254e-06,0.999999999999953
0.572048,28.6024,0.35,0.35,1000359.118757458,10.00359118757458,473.1457645175965,0.09416909704527554,2.1314740557585474,0.2448777072839844,0.023180321933741713,0.023058494826721756,2.4496564746195344,0.7551212933520653,0.017742350047071708,0.017776179617805525,7.553924715726642,9.993639002093586e-07,0.0004705432522527733,0.00047054314140219976,9.997227905314501e-06,0.9999999999999499
0.572048,28.6024,0.375,0.375,1000345.3102825893,10.003453102825892,473.1457732303834,0.09417070236358221,2.1314668940798125,0.24488108046552026,0.023181212422390816,0.023058509158534368,2.449656404206166,0.7551179201575484,0.017741881311001757,0.01777586639668748,7.5537867013994635,9.993768784692299e-07,0.0004705432508220613,0.0004705431397760618,9.997219735815475e-06,0.9999999999999472
0.572048,28.6024,0.4,0.4,1000331.5015199304,10.003315015199304,473.1457820115277,0.09417231027090661,2.131459103074908,0.24488435868121225,0.023182107588883585,0.023058514636495258,2.4496553821832228,0.7551146419288803,0.017741411341673535,0.01777555548761638,7.553649635804016,9.993898517657219e-07,0.00047054324939504826,0.00047054313815109486,9.997211510205852e-06,0.9999999999999444
0.572048,28.6024,0.425,0.425,1000317.6924696492,10.003176924696492,473.1457908518507,0.09417392079037781,2.1314509493862226,0.24488758225641058,0.02318300746922483,0.023058515014194148,2.449653811972041,0.7551114183407087,0.017740940129634893,0.017775245907495244,7.553513115520617,9.99402822472065e-07,0.0004705432479716685,0.00047054313652782753,9.997203252229106e-06,0.9999999999999418
0.572048,28.6024,0.45,0.45,1000303.8831313186,10.003038831313185,473.14579975067966,0.09417553393525015,2.1314427588575415,0.24489080048033654,0.023183912075614745,0.023058514879301845,2.4496521866361762,0.7551082001038091,0.017740467671668307,0.01777493645476342,7.553376647481411,9.994157934902882e-07,0.00047054324655193064,0.0004705431349071631,9.997194990911034e-06,0.999999999999939
0.572048,28.6024,0.475,0.475,1000290.0735038617,10.002900735038617,473.14580870775706,0.09417714970612483,2.1314348884594874,0.2448940673541862,0.023184821393899217,0.023058519257784127,2.449651046343786,0.7551049332169825,0.017739993971458798,0.017774625813055604,7.55323969150744,9.99428768000381e-07,0.00047054324513582296,0.00047054313329008,9.997186758049752e-06,0.9999999999999366
0.572048,28.6024,0.5,0.5,1000276.263585549,10.00276263585549,473.1458177225553,0.09417876809063257,2.131427698330518,0.24489743736139344,0.023185735383130943,0.023058533220210082,2.4496509360553067,0.7551015631967916,0.017739519039708898,0.017774312654313017,7.55310170262094,9.994417492112878e-07,0.0004705432437233151,0.00047054313167755224,9.997178585724723e-06,0.9999999999999343
0.572048,28.6024,0.525,0.525,1000262.4533740415,10.002624533740414,473.14582679424166,0.09418038906416978,2.131421525903716,0.24490096155351088,0.023186653977089314,0.02305856151746665,2.449652366371766,0.7550980389916809,0.01773904289374064,0.017773995734193658,7.552962170197465,9.994547401304433e-07,0.00047054324231435556,0.00047054313007047465,9.997170503991923e-06,0.9999999999999318
0.572048,28.6024,0.55,0.55,1000248.642866475,10.002486428664751,473.1458359217128,0.09418201259145029,2.131416663595561,0.24490468417466577,0.023187577087496258,0.023058608266626476,2.4496557797735212,0.7550943163575208,0.017738565556653343,0.017773673974347492,7.552820651727989,9.994677433649885e-07,0.0004705432409088759,0.0004705431284696054,9.997162538896482e-06,0.99999999999993
0.572048,28.6024,0.575,0.575,1000234.8320595754,10.002348320595754,473.14584510365097,0.09418363862870427,2.131413341068577,0.24490863997769952,0.023188504608586857,0.023058676701213837,2.4496615237803336,0.7550903605414674,0.017738087056126606,0.017773346527825747,7.552676799659989,9.994807609636747e-07,0.00047054323950679333,0.000470543126875518,9.997154710892778e-06,0.9999999999999278
0.572048,28.6024,0.6,0.6,1000221.0209497967,10.002210209497967,473.1458543385943,0.09418526712634186,2.1314117126476804,0.24491285231977233,0.023189436422650006,0.023058768994032152,2.4496698319100947,0.7550861481863593,0.01773760742296911,0.017773012825486104,7.552530380440098,9.994937943046403e-07,0.0004705432381080162,0.00047054312528857105,9.997147033723736e-06,0.999999999999926
0.572048,28.6024,0.625,0.625,1000207.2095334717,10.002072095334718,473.1458636250091,0.09418689803189045,2.131411850085218,0.24491733206700714,0.02319037240613812,0.023058886155298563,2.4496808127312395,0.755081668426073,0.017737126689518556,0.017772672602674493,7.552381285463207,9.995068440307907e-07,0.0004705432367124465,0.00047054312370888946,9.997139513776441e-06,0.9999999999999243
0.572048,28.6024,0.65,0.65,1000193.3978069668,10.001933978069667,473.1458729613694,0.09418853129302115,2.1314137405424605,0.24492207728824758,0.023191312435954365,0.02305902800422424,2.449694446808729,0.755076923191765,0.01773664488799489,0.017772325906670987,7.552229534128016,9.99519910031648e-07,0.0004705432353199888,0.0004705431221363667,9.99713214990268e-06,0.9999999999999226
0.572048,28.6024,0.675,0.675,1000179.5857668285,10.001795857668284,473.14588234623136,0.09419016686049056,2.1314172893907988,0.24492707367797878,0.023192256395555003,0.02305919320845435,2.4497105909432233,0.755071926788951,0.01773616204890208,0.017771973086362563,7.5520752695993405,9.995329914681175e-07,0.0004705432339305517,0.0004705431205706728,9.997124933668607e-06,0.9999999999999212
0.572048,28.6024,0.7,0.7,1000165.7734099203,10.001657734099203,473.14589177830334,0.09419180469084588,2.131422327234859,0.24493229561803934,0.02319320418054852,0.023059379382951137,2.4497289887988356,0.7550667048357936,0.017735678199561674,0.017771614766347088,7.551918748181716,9.995460868348653e-07,0.0004705432325440527,0.0004705431190112773,9.997117849980526e-06,0.9999999999999197
0.572048,28.6024,0.725,0.725,1000151.9607335362,10.001519607335362,473.14590125650403,0.09419344474876654,2.131428620419944,0.24493770776659016,0.023194155703528004,0.02305958323793513,2.4497492868033306,0.7550612926741345,0.017735193362847033,0.01777125180818835,7.55176032342034,9.995591940537736e-07,0.0004705432311604241,0.0004705431174574831,9.997110878021148e-06,0.9999999999999187
0.572048,28.6024,0.75,0.75,1000138.1477354937,10.001381477354938,473.1459107800112,0.09419508700894505,2.131435884202974,0.24494326705020097,0.02319511089793442,0.023059800764327416,2.4497710540786843,0.7550557333774061,0.017734707556171556,0.017770885261848862,7.5516004261714365,9.995723105911209e-07,0.0004705432297796123,0.00047054311590846243,9.997103992422911e-06,0.9999999999999176
0.572048,28.6024,0.775,0.775,1000124.3344141961,10.001243344141962,473.1459203482959,0.0941967314574391,2.1314437977333136,0.2449489249299411,0.02319606972081183,0.0230600274446745,2.449793805110303,0.755050075484542,0.017734220790766985,0.017770516310448202,7.551439541933661,9.995854335909397e-07,0.000470543228401585,0.0004705431143633037,9.997097164602645e-06,0.9999999999999166
0.572048,28.6024,0.8,0.8,1000110.5207686676,10.001105207686676,473.1459299611399,0.09419837809245692,2.1314520200003946,0.24495462981393493,0.023197032154378874,0.023060258477684795,2.4498170238791066,0.755044370587421,0.01773373307127174,0.017770146211455947,7.551278186716366,9.99598560017002e-07,0.00047054322702632685,0.0004705431128210517,9.997090364182141e-06,0.999999999999916
0.572048,28.6024,0.825,0.825,1000096.7067985579,10.000967067985579,473.1459396186426,0.09420002692456803,2.1314602059512295,0.2449603294958264,0.02319799820640008,0.023060489005157354,2.4498401882506564,0.7550386708924021,0.017733244395633677,0.01776977623725755,7.551116882650516,9.996116867963734e-07,0.00047054322565384497,0.00047054311128075704,9.997083560424045e-06,0.9999999999999152
0.572048,28.6024,0.85,0.85,1000082.8925041202,10.000828925041203,473.14594932120957,0.09420167797635448,2.1314680220553637,0.24496597350983373,0.02319896790939482,0.023060714331129918,2.4498627935280224,0.7550330268652701,0.01773275475531715,0.017769407617757752,7.550956134435605,9.996248109580603e-07,0.00047054322428416456,0.000470543109741516,9.997076723618213e-06,0.9999999999999147
0.572048,28.6024,0.875,0.875,1000069.0778861606,10.000690778861605,473.14595906952934,0.09420333128154307,2.1314751606897975,0.24497151530745195,0.023199941318769,0.02306093012441258,2.4498843742189895,0.7550274850545327,0.01773226413579235,0.017769041487334797,7.5507964075719345,9.996379297612027e-07,0.0004705432229173294,0.00047054310820250996,9.997069826363165e-06,0.9999999999999144
0.572048,28.6024,0.9,0.9,1000055.2629459668,10.000552629459667,473.1459688645388,0.09420498688367661,2.1314813528254457,0.24497691417733702,0.02320091850999345,0.023061132597207618,2.449904523233083,0.7550220861715363,0.017731772517274202,0.017768678838057713,7.5506381091628825,9.996510408081482e-07,0.000470543221553398,0.0004705431066630383,9.997062844696021e-06,0.9999999999999142
0.572048,28.6024,0.925,0.925,1000041.4476852175,10.000414476852175,473.1459787073786,0.09420664483439718,2.1314863786132117,0.24498213684752979,0.02320189957498344,0.023061318654156282,2.4499229079002176,0.755016863488242,0.01773127987567058,0.017768320480648477,7.550481571895339,9.996641421388606e-07,0.00047054322019244324,0.00047054310512254725,9.997055759035472e-06,0.999999999999914
0.572048,28.6024,0.95,0.95,1000027.6321058762,10.000276321058763,473.14598859934006,0.09420830519142508,2.1314900755864117,0.24498715872712845,0.02320288461785544,0.02306148600782491,2.4499392823823674,0.7550118415955531,0.01773078618369364,0.017767967014233853,7.550327041626979,9.99677232304095e-07,0.0004705432188345468,0.0004705431035806483,9.9970485549122e-06,0.9999999999999138
0.572048,28.6024,0.975,0.975,1000013.8162100763,10.000138162100763,473.1459985418066,0.09420996801632318,2.1314923443123353,0.2449919647620708,0.023203873750250344,0.023061633258275805,2.44995349622523,0.7550070355475327,0.01773029141208463,0.01776761880550342,7.550174668833449,9.996903104158834e-07,0.000470543217479796,0.00047054310203713154,9.997041223472233e-06,0.999999999999914
0.572048,28.6024,1.0,1.0,1000000.0,10.0,473.14600853619487,0.0942116333721408,2.13149315143531,0.24499654989627045,0.023204867086417013,0.023061759935911832,2.4499654989627047,0.7550024504002674,0.017729795530901562,0.017767275977486327,7.550024504002674,9.997033761747862e-07,0.0004705432161282818,0.00047054310049197284,9.997033761747862e-06,0.999999999999914
0.6,30.0,0.0,0.0,1000556.8138317427,10.005568138317427,473.15,0.1,2.262625190436559,0.23,0.015623461984889737,0.013353388018810171,2.301280671813009,0.71,0.011943109378282295,0.010305332057994802,7.103953378205373,0.06,1.9241040340342193,1.9288847816166435,0.6003340882990458,1.0
0.6,30.0,0.025,0.025,1000541.1187565887,10.005411187565887,503.29077705292923,0.10443545321784592,2.0925101677962092,0.23420709913454876,0.01822869478200913,0.014928890656439743,2.3433383298881667,0.7227093820298457,0.013948817015288209,0.011516782988832918,7.231004536320247,0.04308351883560029,1.499387829273595,1.6247982094696438,0.43106832135742085,0.9999999999999947
0.6,30.0,0.05,0.05,1000525.812783181,10.00525812783181,511.1403037593139,0.10338161851728721,2.0085737469000815,0.24052787731598432,0.02107227537288878,0.018381769886953548,2.4065434994858848,0.7419787239474627,0.016138987484043747,0.014175988992224097,7.423688658453625,0.017493398736542296,0.7668042542019655,0.9472085456618397,0.17502596989219255,0.9999999999999893
0.6,30.0,0.075,0.075,1000511.2981216137,10.005112981216136,494.7701450602773,0.09878993269420099,2.0462220472968227,0.2439193358572717,0.022639458515385437,0.021516125961627563,2.4404405135552083,0.7523401723503855,0.017345852737382685,0.016590982688387088,7.527248424673228,0.003740491792326212,0.2237554782333726,0.31826319554450944,0.0374240429875354,0.9999999999999835
0.6,30.0,0.1,0.1,1000497.2630206457,10.004972630206456,480.73665512585154,0.0956986575102453,2.098808049025062,0.24473694280490244,0.023087576790534886,0.022776164126573108,2.4485864143634526,0.7548319298086162,0.01769024247893473,0.017561892908628106,7.552072798141129,0.00043112738645900516,0.03700425982972784,0.05962005406484239,0.004313417701654789,0.9999999999999777
0.6,30.0,0.125,0.125,1000483.4003725112,10.004834003725112,475.0837041386922,0.09454257955253675,2.122888707641514,0.24483925552773092,0.02315841893726065,0.023029555125383634,2.4495761091505845,0.7551337838160234,0.017743802713632566,0.017756951457750383,7.554988157684161,2.6960656217781204e-05,0.003798404412694033,0.00656019716269491,0.0002697368900904003,0.999999999999972
0.6,30.0,0.15,0.15,1000469.5826149211,10.004695826149211,473.5457007788007,0.09423708733102758,2.1297174990270755,0.24484815093959458,0.023165280244249024,0.023056587277407566,2.449631273745714,0.7551498860738378,0.017748032531006826,0.017777527815679994,7.555044913319978,1.962986534097609e-06,0.0006366537213435505,0.0008075348609909943,1.963908318447346e-05,0.9999999999999665
0.6,30.0,0.175,0.175,1000455.7741544798,10.004557741544799,473.2165914256602,0.09417335579585266,2.1311849797952407,0.24485106915229216,0.0231663690981513,0.02305805677611422,2.4496266594130858,0.7551478993696823,0.017747806918510356,0.017778402191904946,7.554920762650249,1.0314779866365338e-06,0.00047626725606440427,0.00048263531426023137,1.0319481076437578e-05,0.9999999999999611
0.6,30.0,0.2,0.2,1000441.9671578313,10.004419671578313,473.1567356464357,0.09416306032629668,2.131443190619117,0.24485381353606253,0.023167182109821622,0.02305806657486508,2.4496203088011526,0.755145186122424,0.01774736371151904,0.017778146604948867,7.554789354940846,1.0003414693352077e-06,0.00047072789917560013,0.0004709407365756089,1.0007835874112704e-05,0.9999999999999558
0.6,30.0,0.225,0.225,1000428.1601622929,10.004281601622928,473.14718471851853,0.09416273771388504,2.1314758976324333,0.24485670283840058,0.02316799026968726,0.023058037727334238,2.449615407240264,0.7551422978287564,0.01774691191883634,0.01777784658434784,7.554656196775491,9.993327939646688e-07,0.0004705490888886432,0.0004705559644364273,9.997606684559174e-06,0.9999999999999509
0.6,30.0,0.25,0.25,1000414.3529266859,10.004143529266859,473.1458306379477,0.09416404176638715,2.1314732471550575,0.24485982886176774,0.023168802692381186,0.02305802918556168,2.449612872484845,0.755139171825437,0.017746458686954382,0.01777753944374183,7.554520659513382,9.993127413271572e-07,0.00047054341084014025,0.00047054352789668467,9.997268094862007e-06,0.999999999999946
0.6,30.0,0.275,0.275,1000400.5454126494,10.004005454126494,473.1456632775858,0.09416558329814209,2.1314671670830423,0.24486324492706055,0.023169619532550433,0.023058047571692386,2.449613237765426,0.7551357557482131,0.01774600428029412,0.017777225185750953,7.554382219111057,9.993246677484463e-07,0.0004705432316171019,0.00047054313000365354,9.997249426598607e-06,0.9999999999999415
0.6,30.0,0.3,0.3,1000386.7376115827,10.003867376115828,473.1456505751803,0.09416715774073789,2.13146241714531,0.24486696776394523,0.023170440651733088,0.023058094495390848,2.449616670302138,0.75513203289836,0.017745548744689765,0.017776903444825055,7.554240708571927,9.993376317149432e-07,0.00047054322463374305,0.0004705431158814317,9.997241131637973e-06,0.9999999999999369
0.6,30.0,0.325,0.325,1000372.9295190773,10.003729295190773,473.1456562347732,0.094168738029312,2.131459486804933,0.24487097854916126,0.023171265912795787,0.023058168205097134,2.4496229816542763,0.755128022100126,0.01774509211633377,0.017776574681420788,7.554096316302497,9.993506453080567e-07,0.0004705432229781199,0.000470543113837278,9.99723332663601e-06,0.9999999999999326
0.6,30.0,0.35,0.35,1000359.1211317993,10.003591211317993,473.1456639320689,0.09417032088329692,2.131458123581082,0.24487522798002007,0.023172095203624718,0.023058264110753825,2.449631678490419,0.7551237726562338,0.017744634424578146,0.017776240097709006,7.553949535601188,9.99363674576985e-07,0.00047054322148815483,0.0004705431121746083,9.997225671908784e-06,0.9999999999999284
0.6,30.0,0.375,0.375,1000345.3124473377,10.003453124473376,473.1456718775071,0.09417190591902712,2.1314578598631306,0.24487964411316926,0.023172928448497047,0.023058375515202015,2.449642041023812,0.7551193565100408,0.017744175689235277,0.017775901447691873,7.553801086230694,9.993767143240089e-07,0.00047054322000612467,0.00047054311052872747,9.997218115430444e-06,0.9999999999999243
0.6,30.0,0.4,0.4,1000331.5034643139,10.003315034643139,473.1456798900116,0.09417349309156758,2.131458132162105,0.24488414159352365,0.02317376561463718,0.02305849447335898,2.4496532153481745,0.7551148590166372,0.017743715918869103,0.017775560812230702,7.553651822083562,9.99389759496037e-07,0.00047054321852724396,0.00047054310888690364,9.997210606635099e-06,0.9999999999999204
0.6,30.0,0.425,0.425,1000317.6941824218,10.003176941824218,473.1456879527844,0.09417508240957662,2.131458350024981,0.24488863109397102,0.02317460671410859,0.023058612670894423,2.4496643078741087,0.7551103695031407,0.017743255110299824,0.017775220368914824,7.553502636746183,9.99402804833944e-07,0.00047054321705138183,0.0004705431072471739,9.997203092909358e-06,0.9999999999999166
0.6,30.0,0.45,0.45,1000303.8846023659,10.003038846023658,473.14569606499873,0.09417667390490686,2.131457954376716,0.2448930280397015,0.023175451801400165,0.023058722236250516,2.4496744726014956,0.7551059725443658,0.017742793249235958,0.01777488217938527,7.553354376225768,9.994158453583734e-07,0.0004705432155785788,0.00047054310560801547,9.997195524451382e-06,0.9999999999999126
0.6,30.0,0.475,0.475,1000290.0747257137,10.002900747257137,473.1457042276389,0.09417826762704543,2.131456466158303,0.24489725995672246,0.023176300967383236,0.023058816424545835,2.4496829846223247,0.7551017406143098,0.01774233031185701,0.017774548010211867,7.553207765446045,9.994288768016045e-07,0.0004705432141089058,0.00047054310396815594,9.997187858589132e-06,0.999999999999909
0.6,30.0,0.5,0.5,1000276.2645546793,10.002762645546794,473.145712442146,0.09417986363876113,2.1314535231096152,0.24490127203629564,0.02317715433051727,0.023058890135378377,2.4496892957715515,0.7550977285217139,0.017741866267116668,0.01777421919727255,7.553063352594234,9.99441895935303e-07,0.00047054321264245743,0.00047054310232666426,9.997180063056116e-06,0.9999999999999054
0.6,30.0,0.525,0.525,1000262.4540918672,10.002624540918672,473.1457207101837,0.09418146201110127,2.131448903524596,0.24490503072977937,0.02317801202627317,0.02305894024727861,2.449693070572133,0.7550939698152218,0.017741401079512976,0.017773896558153077,7.552921473173441,9.994549007823506e-07,0.000470543211179341,0.00047054310068300753,9.997172118106976e-06,0.999999999999902
0.6,30.0,0.55,0.55,1000248.6433399963,10.002486433399964,473.1457290334883,0.09418306281799413,2.131442536980195,0.24490852537318705,0.023178874195745568,0.023058965768765934,2.4496942024692943,0.7550904751588207,0.017740934712070763,0.01777358035257957,7.552782233765636,9.994678907127212e-07,0.00047054320971966814,0.0004705430990370744,9.997164017472873e-06,0.9999999999998984
0.6,30.0,0.575,0.575,1000234.8323016282,10.002348323016282,473.14573741372817,0.09418466613087237,2.1314345029864175,0.2449117679845338,0.023179740974355267,0.02305896781934176,2.4496928117870547,0.7550872325344948,0.017740467129300684,0.017773270287392114,7.55264551407241,9.99480866431785e-07,0.00047054320826354565,0.00047054309738916485,9.997155768240824e-06,0.9999999999998951
0.6,30.0,0.6,0.6,1000221.0209789164,10.002210209789164,473.14574585237574,0.09418627201369181,2.131425019187104,0.24491479148033113,0.023180612481423512,0.023058949463362836,2.4496892278729527,0.7550842090257308,0.017739998299929744,0.01777296556005063,7.552510984767742,9.994938298755287e-07,0.00047054320681106824,0.00047054309573995207,9.997147389802287e-06,0.9999999999998919
0.6,30.0,0.625,0.625,1000207.2093733946,10.002072093733947,473.1457543505944,0.09418788051864832,2.131414421176352,0.24491764662347024,0.023181488811246258,0.02305891542586691,2.449683958555604,0.7550813538696343,0.017739528199239157,0.01777266493305884,7.552378138038318,9.995067840310615e-07,0.0004705432053623091,0.00047054309409041864,9.997138912054844e-06,0.9999999999998885
0.6,30.0,0.65,0.65,1000193.3974858122,10.001933974858122,473.14576290915363,0.09418949168281764,2.1314031362136903,0.2449203980477927,0.023182370026127625,0.023058871722496228,2.4496776503699933,0.7550786024323599,0.017739056810888942,0.0177723668308876,7.552246327356611,9.995197327027361e-07,0.0004705432039173185,0.00047054309244178467,9.997130373060606e-06,0.9999999999998853
0.6,30.0,0.675,0.675,1000179.5853160257,10.001795853160257,473.14577152836915,0.09419110552585762,2.1313916531579693,0.24492311971024805,0.02318325615165898,0.02305882523618149,2.449671043061032,0.755075880756954,0.01773858412815446,0.01777206945084276,7.552114812976232,9.99532680244507e-07,0.00047054320247611695,0.000470543090795418,9.997121816367666e-06,0.9999999999998823
0.6,30.0,0.7,0.7,1000165.7728629472,10.001657728629471,473.1457802080749,0.09419272204883643,2.1313804908322087,0.24492589010528804,0.02318414717436539,0.023058783271733854,2.449664921713007,0.75507311034896,0.017738110154542953,0.01777177087972001,7.55198280980197,9.995456312782537e-07,0.00047054320103869337,0.0004705430891527455,9.997113288191971e-06,0.9999999999998793
0.6,30.0,0.725,0.725,1000151.9601245505,10.001519601245505,473.1457889476207,0.09419434123417594,2.1313701668158913,0.24492878754353556,0.023185043041691847,0.02305875311645406,2.449660069525967,0.7550702128977504,0.017737634903797154,0.017771469208884717,7.551849534613469,9.995585904158422e-07,0.0004705431996050074,0.00047054308751516896,9.997104834637374e-06,0.9999999999998764
0.6,30.0,0.75,0.75,1000138.1470979289,10.00138147097929,473.1457977459009,0.09419596304664168,2.131361168370754,0.24493188575286184,0.023185943664174424,0.02305874163077931,2.449657223820689,0.7550671146754496,0.017737158399326797,0.017771162641485292,7.551714250060838,9.995715620001098e-07,0.0004705431981749876,0.0004705430858839831,9.997096499105725e-06,0.9999999999998734
0.6,30.0,0.775,0.775,1000124.3337794008,10.001243337794008,473.14580660140456,0.09419758743525702,2.131353926871173,0.24493525000934901,0.02318684891953775,0.023058754888272474,2.4496570373469115,0.7550637504059718,0.01773668067313548,0.017770849586744346,7.551576303357485,9.99584549877019e-07,0.00047054319674853947,0.0004705430842603108,9.997088320019358e-06,0.9999999999998708
0.6,30.0,0.8,0.8,1000110.5201646505,10.001105201646505,473.1458155122839,0.09419921433598481,2.1313487967562246,0.24493893395207814,0.02318775865838437,0.023058797879273972,2.4496600464338782,0.7550600664502328,0.017736201764330647,0.01777052873757657,7.55143515813098,9.995975572080155e-07,0.0004705431953255441,0.0004705430826450437,9.997080328946222e-06,0.9999999999998681
0.6,30.0,0.825,0.825,1000096.7062488998,10.000967062488998,473.1458244764419,0.09420084367499476,2.13134603966869,0.24494297718247038,0.023188672711090045,0.023058874287583835,2.449666646989881,0.7550560232068089,0.017735721717317743,0.017770199129079997,7.551290418425225,9.996105863285673e-07,0.00047054319390586925,0.00047054308103880677,9.997072549187318e-06,0.9999999999998656
0.6,30.0,0.85,0.85,1000082.8920270967,10.000828920270967,473.1458334916264,0.09420247537231995,2.131345814113401,0.24494740369854692,0.02318959089549387,0.023058986344853906,2.449677078853716,0.7550515966776777,0.01773524057978607,0.017769860176674736,7.55114184435089,9.996236386558266e-07,0.0004705431924893714,0.0004705430794419316,9.997064994855688e-06,0.9999999999998633
0.6,30.0,0.875,0.875,1000069.0774941123,10.000690774941123,473.1458425555291,0.09420410934570558,2.13134817066575,0.244952221168854,0.023190513024968447,0.02305913476312487,2.4496914185446963,0.7550467791942924,0.017734758400595248,0.017769511693775136,7.550989359337367,9.99636714645717e-07,0.00047054319107590426,0.0004705430778544484,9.997057670449875e-06,0.9999999999998611
0.6,30.0,0.9,0.9,1000055.2626449354,10.000552626449354,473.1458516658869,0.09420574551446001,2.1313530524996973,0.24495742101123366,0.02319143891647196,0.023059318742260655,2.4497095800621533,0.7550415793388114,0.017734275227666255,0.017769153889845908,7.55083304933522,9.99649813797403e-07,0.00047054318966532275,0.0004705430762760916,9.997050570901227e-06,0.9999999999998589
0.6,30.0,0.925,0.925,1000041.4474748578,10.000414474748577,473.14586082057536,0.09420738380313194,2.1313603007884465,0.24496297920890217,0.02319236839821609,0.023059536045988885,2.4497313230582405,0.7550360211280202,0.017733791105973135,0.017768787350489656,7.550673154645227,9.996629347011774e-07,0.00047054318825749274,0.0004705430747063214,9.997043682055299e-06,0.999999999999857
0.6,30.0,0.95,0.95,1000027.6319796406,10.000276319796406,473.1458700176957,0.09420902414486029,2.131369664362358,0.244968857770786,0.023193301316629444,0.023059783137882577,2.4497562674527655,0.755030142552994,0.017733306075719265,0.017768413001835195,7.550510055305211,9.99676075124279e-07,0.00047054318685229343,0.00047054307314435247,9.997036981532341e-06,0.9999999999998552
0.6,30.0,0.975,0.975,1000013.8161556558,10.000138161556558,473.1458792556478,0.09421066648426807,2.1313808128877065,0.2449750067247456,0.023194237542350383,0.023060055366914377,2.4497839133757027,0.7550239935858758,0.017732820170767646,0.01776803206194216,7.5503442511489505,9.996892321281142e-07,0.00047054318544962237,0.0004705430715891943,9.997030439901528e-06,0.9999999999998536
0.6,30.0,1.0,1.0,1000000.0,10.0,473.14588853319157,0.09421231077980065,2.131393352754404,0.2449813665208875,0.023195176975043478,0.023060347191152675,2.4498136652088753,0.7550176337765624,0.01773233341737944,0.017767645982215554,7.550176337765625,9.997024022096413e-07,0.000470543184049402,0.0004705430700396998,9.997024022096415e-06,0.9999999999998521
0.611421,30.57105,0.0,0.0,1000556.9045672085,10.005569045672084,473.15,0.1,2.262625395622659,0.23,0.01555956322846577,0.01335338881490715,2.3012808805045797,0.71,0.011897008707403572,0.010305332672373995,7.10395402242718,0.06,1.924619852489858,1.9288848616279577,0.6003341427403251,1.0
0.611421,30.57105,0.025,0.025,1000541.2013408717,10.005412013408717,503.1189712389657,0.10445693140432738,2.094280127707489,0.23408055642501166,0.018135046507128494,0.01487514290867659,2.3420724113602085,0.7223229830700785,0.013879770727115817,0.011475384546549339,7.2271390523705845,0.043596460504909416,1.5135000512993004,1.6352335902240556,0.4362005496779194,0.9999999999999996
0.611421,30.57105,0.05,0.05,1000525.8631193619,10.00525863119362,511.7630456898044,0.10356529138717976,2.0073095576964604,0.24038464045766142,0.020995093125874657,0.01827943484752389,2.405110498745392,0.7415397623936372,0.01608261594528821,0.014097123414079201,7.419297108062204,0.018075597148699985,0.7873925443913657,0.9675078848190901,0.1808510243860093,0.9999999999999986
0.611421,30.57105,0.075,0.075,1000511.3198697872,10.005113198697872,495.58650575123994,0.0989727812663933,2.043299461215827,0.24386687914599972,0.022606901907430085,0.02144969092473345,2.4399157312689006,0.7521789083016057,0.017323882717961286,0.016539766654324616,7.525635123230551,0.003954212552391578,0.2346959989819151,0.33177360328431954,0.03956234419838978,0.999999999999997
0.611421,30.57105,0.1,0.1,1000497.2711920879,10.004972711920878,481.17422667476586,0.09578925065990991,2.0969774191234234,0.2447283094083426,0.02307854987250181,0.022757568483860402,2.4485000574649973,0.754804848801839,0.017686428418284172,0.017547543927474398,7.551801915087965,0.0004668417898133626,0.039656328981021956,0.06348984271838166,0.0046707393678669966,0.9999999999999949
0.611421,30.57105,0.125,0.125,1000483.4040723385,10.004834040723384,475.2320241162813,0.09457277885256087,2.122234553586564,0.24483887186481862,0.02315475564336311,0.023026974531745893,2.4495722797254484,0.7551312957885915,0.01774414458978008,0.017754931012189026,7.5549632933212605,2.98323465821988e-05,0.00412650280415834,0.007112699651691332,0.0002984676766002405,0.9999999999999922
0.611421,30.57105,0.15,0.15,1000469.5851026665,10.004695851026666,473.5836570120713,0.09424515471610916,2.1295512150176243,0.24484874763705125,0.02316221948138279,0.023056461368963128,2.449637249613482,0.7551491689698253,0.017748860447011627,0.01777737052995517,7.555037757698646,2.083393112959344e-06,0.0006572284947956168,0.0008469172381138782,2.0843714433281872e-05,0.9999999999999895
0.611421,30.57105,0.175,0.175,1000455.7762986333,10.004557762986334,473.22461197670054,0.0941754728160683,2.1311553125027287,0.24485204231542115,0.023163322416776926,0.02305814018808943,2.4496364007298053,0.7551469220183458,0.017748667461018455,0.017778372834718437,7.554911000873877,1.0356662193138884e-06,0.000477039646530962,0.0004842022668600209,1.0361382514299469e-05,0.9999999999999862
0.611421,30.57105,0.2,0.2,1000441.969147524,10.00441969147524,473.15817223224474,0.09416386449077718,2.1314450866459547,0.24485507844982193,0.023164113618324465,0.023058184115599,2.4496329684011138,0.7551439210663973,0.017748229428485852,0.017778115606138664,7.55477671381449,1.0004837634729737e-06,0.0004707537955046273,0.000470994294795824,1.0009259464290277e-05,0.9999999999999827
0.611421,30.57105,0.225,0.225,1000428.1620331676,10.004281620331675,473.1473843571014,0.09416328882705224,2.1314843253132825,0.24485811300261404,0.023164898513937077,0.02305816902306353,2.449629519501148,0.7551408876597635,0.017747781833882533,0.01777781223007625,7.554642103175519,9.993376013813813e-07,0.0004705499284294789,0.0004705577446089856,9.997654798006096e-06,0.9999999999999789
0.611421,30.57105,0.25,0.25,1000414.3546868768,10.004143546868768,473.145826760229,0.09416454457100987,2.131482190101019,0.24486117834115198,0.023165687590986805,0.023058154836457657,2.4496263771803184,0.7551378223458783,0.017747332776345118,0.017777506573803822,7.554507172418053,9.993129446625852e-07,0.0004705434260699724,0.00047054357520048487,9.99727014664863e-06,0.9999999999999749
0.611421,30.57105,0.275,0.275,1000400.5470680295,10.004005470680296,473.14562940331473,0.09416607218201756,2.131474317297137,0.24486430285045568,0.023166481161242335,0.02305814608052136,2.4496238252902756,0.7551346978248128,0.017746882522762155,0.017777199422519346,7.5543716481399406,9.993247022920488e-07,0.0004705432201087791,0.000470543120153708,9.997249788715615e-06,0.9999999999999708
0.611421,30.57105,0.3,0.3,1000386.7391699104,10.003867391699105,473.1456124898747,0.09416763786852492,2.131466204671463,0.2448675142176803,0.02316727919730932,0.023058145393201907,2.449622140768669,0.755131486444655,0.0177464310912984,0.01777689014920413,7.554235253688959,9.993376312662035e-07,0.00047054321225087375,0.0004705431041493511,9.997241142721796e-06,0.9999999999999666
0.611421,30.57105,0.325,0.325,1000372.9309901296,10.003729309901296,473.1456173800855,0.09416921018044344,2.1314587214081864,0.2448708358216977,0.02316808165110301,0.02305815495216607,2.4496215574495452,0.7551281648276603,0.017745978494868423,0.0177765781855086,7.554097755218444,9.993506041694374e-07,0.00047054321054793263,0.0004705431020176367,9.997232929797369e-06,0.9999999999999621
0.611421,30.57105,0.35,0.35,1000359.1225266688,10.003591225266689,473.1456247283159,0.09417078526574209,2.1314520609064664,0.24487428373958603,0.023168888467299323,0.02305817625344266,2.4496222361107884,0.7551247168967855,0.017745524747951116,0.01777626313963395,7.553958991930677,9.993635862790495e-07,0.0004705432090370041,0.0004705431003232228,9.99722480255215e-06,0.9999999999999578
0.611421,30.57105,0.375,0.375,1000345.3137774933,10.003453137774933,473.14563237521844,0.09417236267624397,2.1314462782777777,0.24487786484236726,0.023169699588019437,0.02305820993605454,2.4496242454290047,0.7551211357810094,0.017745069865684582,0.017775944844176446,7.553818895128709,9.993765768884275e-07,0.00047054320753509786,0.0004705430986470172,9.997216753893313e-06,0.9999999999999536
0.611421,30.57105,0.4,0.4,1000331.5047406154,10.003315047406154,473.1456400979898,0.09417394234810456,2.131441354161093,0.24488157605563207,0.023170514957582503,0.02305825571331706,2.449627554589839,0.7551174245547412,0.017744613862631087,0.017775623374182557,7.553677495607023,9.99389575784064e-07,0.0004705432060366225,0.0004705430969760096,9.99720878166158e-06,0.999999999999949
0.611421,30.57105,0.425,0.425,1000317.6954142035,10.003176954142035,473.14564787478963,0.09417552426015738,2.1314372049163937,0.24488540471807488,0.02317133452708759,0.023058312406273512,2.4496320368815923,0.7551135958792875,0.01774415675157735,0.017775299038395517,7.55353492005901,9.994025822212168e-07,0.000470543204541375,0.00047054309530954793,9.997200878385316e-06,0.9999999999999446
0.611421,30.57105,0.45,0.45,1000303.88579668,10.0030388579668,473.1456557032305,0.09417710839992315,2.1314336919887684,0.24488932987365317,0.023172158258378397,0.023058378064021025,2.449637482627603,0.755109670710692,0.017743698542496075,0.017774972347742553,7.553391378145569,9.994155949676402e-07,0.0004705432030493224,0.0004705430936472164,9.997193031719316e-06,0.9999999999999402
0.611421,30.57105,0.475,0.475,1000290.0758867963,10.002900758867963,473.14566358283145,0.09417869476164756,2.1314306352195804,0.24489332427269797,0.023172986127042428,0.023058450150009683,2.4496436192090694,0.7551056762986255,0.01774323924176048,0.017774643966542717,7.553247142473028,9.994286124203335e-07,0.000470543201560445,0.0004705430919885017,9.99718522561371e-06,0.9999999999999358
0.611421,30.57105,0.5,0.5,1000276.2656836773,10.002762656836772,473.145671513454,0.09418028334693306,2.131427829101187,0.24489735682938737,0.02317381812421888,0.02305852577079998,2.449650135651026,0.7551016437289113,0.017742778851670707,0.017774314652594044,7.553102524007619,9.994416327501518e-07,0.0004705432000747373,0.0004705430903328314,9.99717744176119e-06,0.9999999999999315
0.611421,30.57105,0.525,0.525,1000262.4551868334,10.002624551868333,473.1456794951732,0.09418187416503057,2.131425060363371,0.2449013952818758,0.02317465425711164,0.023058601923662433,2.4496567092333024,0.7550976052633973,0.01774231737031948,0.01777398519232531,7.552957845464642,9.994546540583874e-07,0.00047054319859220586,0.0004705430886796208,9.997169661163498e-06,0.9999999999999272
0.611421,30.57105,0.55,0.55,1000248.6443961429,10.002486443961429,473.14568752825716,0.09418346723253279,2.1314221253490326,0.2449054088208444,0.02317549454821949,0.023058675741217765,2.449663031783328,0.755093591711404,0.01774185479179364,0.017773656336722374,7.552813415015464,9.994676745315244e-07,0.00047054319711286897,0.00047054308702832034,9.997161865679227e-06,0.999999999999923
0.611421,30.57105,0.575,0.575,1000234.8333118038,10.002348333118038,473.1456956131414,0.09418506257249756,2.131418845855867,0.2449093704862041,0.023176339033393233,0.02305874471447979,2.4496688336476713,0.7550896300330221,0.017741391106683033,0.017773328742910682,7.5526695023155135,9.994806925823713e-07,0.0004705431956367553,0.00047054308537845856,9.997154039434943e-06,0.9999999999999187
0.611421,30.57105,0.6,0.6,1000221.0219342627,10.002210219342627,473.1457037503941,0.09418666021309026,2.1314150824038323,0.24491325917455406,0.02317718775890836,0.023058806879654864,2.4496739037682342,0.7550857413316536,0.017740926302847102,0.017773002925229774,7.55252631842737,9.99493706968299e-07,0.000470543194163902,0.00047054308372967757,9.997146170006967e-06,0.9999999999999147
0.611421,30.57105,0.625,0.625,1000207.2102641256,10.002072102641256,473.14571194066775,0.09418826018585916,2.1314107441986025,0.24491706114694303,0.023178040777796092,0.023058860958422175,2.4496781047587213,0.7550819393462508,0.01774046036637592,0.017772679218491315,7.552384000743392,9.995067168800746e-07,0.00047054319269434987,0.00047054308208175646,9.997138249308747e-06,0.9999999999999106
0.611421,30.57105,0.65,0.65,1000193.3983020572,10.001933983020571,473.14572018464963,0.0941898625237783,2.1314057953722,0.24492077097352782,0.023178898145708487,0.023058906445798874,2.4496813823477264,0.7550782295066569,0.01773999328267301,0.017772357754964913,7.5522426035416395,9.995197219975638e-07,0.0004705431912281441,0.00047054308043462996,9.99713027414671e-06,0.9999999999999067
0.611421,30.57105,0.675,0.675,1000179.5860486781,10.001795860486782,473.14572848300685,0.09419146725919288,2.1314002573734285,0.24492439189580012,0.023179759916603388,0.023058943643796067,2.4496837689956554,0.7550746085713803,0.017739525037585576,0.01777203845556164,7.552102094367909,9.995327225111414e-07,0.0004705431897653271,0.0004705430787883895,9.997122246433016e-06,0.9999999999999029
0.611421,30.57105,0.7,0.7,1000165.7735044617,10.001657735044617,473.14573683633483,0.09419307442180186,2.1313942076377073,0.24492793562593657,0.023180626138526308,0.023058973642690904,2.449685381881659,0.7550710648282435,0.017739055618509286,0.01777172103473736,7.551962356047778,9.995457191099579e-07,0.00047054318830593646,0.0004705430771432769,9.997114173066844e-06,0.9999999999998992
0.611421,30.57105,0.725,0.725,1000151.9606696428,10.001519606696428,473.14574524510834,0.09419468403679868,2.131387774879111,0.2449314216350784,0.023181496849741457,0.02305899825474045,2.449686415779266,0.7550675788061042,0.017738585015401532,0.017771405017852033,7.551823193810051,9.995587129401385e-07,0.00047054318685000305,0.00047054307549967175,9.997106065515042e-06,0.9999999999998955
0.611421,30.57105,0.75,0.75,1000138.1475441391,10.001381475441391,473.14575370964104,0.09419629612327478,2.13138113151157,0.24493487600719793,0.02318237207542728,0.023059019907475806,2.4496871315879236,0.7550641244209885,0.01773811322164699,0.017771089769115508,7.551684346754448,9.995717055373597e-07,0.00047054318539754554,0.0004705430738580647,9.997097939136706e-06,0.999999999999892
0.611421,30.57105,0.775,0.775,1000124.3341274905,10.001243341274906,473.14576223005366,0.0941979106929679,2.1313744838202213,0.24493832995246487,0.023183251825105243,0.023059041505318945,2.449687841460085,0.7550606704627248,0.01773764023473102,0.01777077452782999,7.551545502723893,9.995846987394019e-07,0.000470543183948573,0.0004705430722190335,9.997089812307725e-06,0.9999999999998885
0.611421,30.57105,0.8,0.8,1000110.5204188201,10.001105204188201,473.1457708062511,0.09419952774941329,2.131368060569311,0.24494181808393267,0.023184136090920616,0.02305906626918677,2.449688891562539,0.7550571823182579,0.017737166056690006,0.017770458450398267,7.551406315542808,9.995976945847187e-07,0.00047054318250307783,0.00047054307058320505,9.99708170540576e-06,0.9999999999998852
0.611421,30.57105,0.825,0.825,1000096.706416817,10.00096706416817,473.14577943791414,0.09420114728753112,2.1313621007538304,0.24494537656452622,0.023185024846840378,0.023059097564039066,2.449690643542097,0.7550536238246606,0.017736690694321485,0.01777014065548971,7.551266423551254,9.996106952033807e-07,0.0004705431810610404,0.00047054306895122616,9.99707363971926e-06,0.999999999999882
0.611421,30.57105,0.85,0.85,1000082.8921197419,10.000828921197419,473.14578812450014,0.09420276929365834,2.1313568411837807,0.24494904122855157,0.023185918048782672,0.02305913872406975,2.4496934557380774,0.7550499591476245,0.017736214159150217,0.017769820269823988,7.5511254683924935,9.996237027064794e-07,0.0004705431796224262,0.00047054306732372615,9.99706563634141e-06,0.9999999999998788
0.611421,30.57105,0.875,0.875,1000069.0775254536,10.000690775254537,473.14579686525497,0.09420439374601006,2.131352504539095,0.2449528457742643,0.023186815635643964,0.02305919288452437,2.4496976651070326,0.7550461545888925,0.01773573646715927,0.017769496472219506,7.550983113088548,9.996367190797022e-07,0.0004705431781871873,0.00047054306570128537,9.997057715106089e-06,0.9999999999998758
0.611421,30.57105,0.9,0.9,1000055.2626314573,10.000552626314573,473.1458056592373,0.09420602061553661,2.1313492884567617,0.24495682011247452,0.02318771753114839,0.02305926282805065,2.449703570709474,0.7550421802376522,0.01773525763830565,0.01776916853383598,7.550839058553935,9.996497460860786e-07,0.00047054317675526274,0.00047054306408440464,9.99704989361583e-06,0.9999999999998729
0.611421,30.57105,0.925,0.925,1000041.4474349668,10.000414474349668,473.1458145053489,0.09420764986712336,2.1313473561168284,0.2449609889418151,0.02318862364640803,0.023059350852152383,2.449711419464737,0.7550380113952699,0.017734777695849767,0.0177688358528901,7.550693057841447,9.996627851820563e-07,0.00047054317532658335,0.00047054306247348404,9.99704218640334e-06,0.9999999999998702
0.611421,30.57105,0.95,0.95,1000027.6319329832,10.000276319329831,473.14582340237456,0.0942092814610693,2.131346828687308,0.24496537060517648,0.023189533883056213,0.023059458662816217,2.4497213947188023,0.7550336297188537,0.017734296665534905,0.01776849798251655,7.550544927575101,9.996758374501117e-07,0.000470543173901072,0.0004705430608688012,9.99703460425857e-06,0.9999999999998677
0.611421,30.57105,0.975,0.975,1000013.8161223808,10.000138161223807,473.14583234902426,0.09421091535476914,2.1313477798761236,0.2449699762648773,0.023190448136796778,0.023059587297804544,2.4497336080004897,0.7550290240460843,0.01773381457465755,0.017768154650859465,7.550394556194815,9.996889035501174e-07,0.0004705431724786459,0.00047054305927049793,9.997027153743517e-06,0.9999999999998651
0.611421,30.57105,1.0,1.0,1000000.0,10.0,473.1458413439827,0.09421255150452058,2.131350232726382,0.24497480941723157,0.02319136630120178,0.023059737081534283,2.4497480941723158,0.7550241908806474,0.017733331451072826,0.017767805772891453,7.550241908806475,9.997019836906927e-07,0.00047054317105922264,0.0004705430576785766,9.997019836906929e-06,0.9999999999998627
0.655369,32.76845,0.0,0.0,1000557.2526511117,10.005572526511116,473.15,0.1,2.262626182767774,0.23,0.015330013346116616,0.013353391868933563,2.3012816810975574,0.71,0.011731396674929498,0.010305335029285682,7.103956493822894,0.06,1.9261369688673986,1.9288851685712773,0.6003343515906671,1.0
0.655369,32.76845,0.025,0.025,1000541.5243196154,10.005415243196154,502.3464893327813,0.10450459397202011,2.1013349393748535,0.23362188146118723,0.017785515784346062,0.014683855250377234,2.337483933915928,0.7209216072625603,0.013621630869378407,0.011328036207164344,7.213120038454291,0.0454565112762525,1.5640115523582931,1.6723471689463407,0.45481127082593464,1.0
0.655369,32.76845,0.05,0.05,1000526.0662162881,10.00526066216288,513.9651712504676,0.10423943221629921,2.0033211282974324,0.23982386828989166,0.02069195764738841,0.01789312488925798,2.3995003152485856,0.7398177279374442,0.015860168305701167,0.013799346887014712,7.402069210503233,0.020358403772664273,0.866125757758673,1.044030271459022,0.20369113641106626,1.0
0.655369,32.76845,0.075,0.075,1000511.4094924448,10.005114094924448,498.7853863238394,0.09969530988739234,2.0320745515450476,0.24364767667003395,0.022472452197275176,0.021181340170341203,2.437722804046951,0.7514997612885974,0.01723146406547371,0.016332776387748035,7.518840854000905,0.004852562041369039,0.27950240375951924,0.3862723600875445,0.04855043687659673,1.0000000000000004
0.655369,32.76845,0.1,0.1,1000497.3042018348,10.004973042018348,482.9921675571048,0.0961663930485195,2.089439177731857,0.24469060947494115,0.023041038706241367,0.02267768602137803,2.448122951431826,0.7546824958284024,0.01766879865239968,0.017485808632941375,7.550578026046293,0.0006268946966571299,0.05121960267060412,0.08010579444036157,0.006272064540238855,1.0000000000000007
0.655369,32.76845,0.125,0.125,1000483.4176612747,10.004834176612746,475.87816281714714,0.09470399849182959,2.119392003929632,0.2448368292274146,0.023140861585506118,0.02301516369269157,2.4495518767479365,0.7551195416630999,0.017744798838639168,0.017745696096627638,7.5548457978591355,4.362910948655123e-05,0.005650263514348202,0.009635770017998875,0.0004365020056862272,1.000000000000001
0.655369,32.76845,0.15,0.15,1000469.5933031173,10.004695933031174,473.7563054793178,0.09428129807790563,2.128783583075872,0.24484967087827952,0.023151175798527664,0.02305566157451283,2.4496465064399446,0.7551476386059328,0.01775179099777655,0.017776650803776287,7.555022508798871,2.690515788974519e-06,0.0007592932507278485,0.0010391439791602698,2.691779237170953e-05,1.0000000000000013
0.655369,32.76845,0.175,0.175,1000455.7830361183,10.004557830361183,473.26268855797963,0.09418486857574401,2.130989589043977,0.2448528961597513,0.023152380830750195,0.023058183076699386,2.4496449595616534,0.7551460468173957,0.0177517557324434,0.017778323301719162,7.554902295753269,1.0570228546267198e-06,0.0004810055397597115,0.0004921729764550541,1.0575046277126479e-05,1.0000000000000016
0.655369,32.76845,0.2,0.2,1000441.9753267837,10.004419753267838,473.16532954236516,0.09416710426055015,2.131417496515846,0.244855779554191,0.023153095620619284,0.023058248242650962,2.4496399976737435,0.7551432192306939,0.01775133798661168,0.01777809762085102,7.554769739017821,1.0012151168810765e-06,0.00047088815879426727,0.00047126967270429826,1.0016576292595408e-05,1.0000000000000018
0.655369,32.76845,0.225,0.225,1000428.1678369392,10.004281678369392,473.14847446408083,0.09416529887551787,2.1314832358077322,0.24485868911605974,0.023153797122557232,0.023058222733141148,2.4496352973133435,0.755140311521757,0.01775090550101387,0.017777798248349193,7.554636383155269,9.993621853021687e-07,0.00047055434331937134,0.0004705669936319259,9.997900800473685e-06,1.000000000000002
0.655369,32.76845,0.25,0.25,1000414.3601520985,10.004143601520985,473.14587428299814,0.0941663204302459,2.1314849712941224,0.24486162963840385,0.02315450238131735,0.02305819696169731,2.4496309054050394,0.7551373710479306,0.017750471428671928,0.01777749566201387,7.554502698838533,9.993136675972358e-07,0.00047054352504396905,0.00047054383940678683,9.997277433605356e-06,1.000000000000002
0.655369,32.76845,0.275,0.275,1000400.5522064957,10.004005522064956,473.1455168112364,0.09416778852577914,2.1314767578157383,0.24486459362510396,0.023155211948135572,0.023058173257850464,2.449626746783731,0.7551344070502756,0.017750036201182925,0.017777192419852077,7.554368778032203,9.993246223563744e-07,0.00047054317775929944,0.00047054308539527735,9.997249040388647e-06,1.0000000000000018
0.655369,32.76845,0.3,0.3,1000386.7439903092,10.003867439903091,473.145476932457,0.09416932169083975,2.1314672250362063,0.2448675746352387,0.023155925838942073,0.023058151121670842,2.4496227569815052,0.755131426027251,0.017749599832843525,0.01777688875711336,7.5542346856816085,9.993375118767697e-07,0.00047054316526746066,0.00047054305952376805,9.997239996537786e-06,1.0000000000000016
0.655369,32.76845,0.325,0.325,1000372.9355017926,10.003729355017926,473.14547797939105,0.09417086510907767,2.1314575932261994,0.24487056872365673,0.023156644055454055,0.02305813018909629,2.4496188965207795,0.7551284319258796,0.017749162323766433,0.01777658477250979,7.554100461265579,9.993504647902809e-07,0.0004705431633441795,0.0004705430570118836,9.997231580573343e-06,1.000000000000001
0.655369,32.76845,0.35,0.35,1000359.1267402543,10.003591267402543,473.145483901853,0.09417241164489897,2.131448019355835,0.24487357506934104,0.02315736660028912,0.023058110383749574,2.4496151571813014,0.7551254255672385,0.017748723673262877,0.017776280486139384,7.553966112998058,9.993634210017177e-07,0.00047054316175350677,0.0004705430552424691,9.997223191294313e-06,1.0000000000000004
0.655369,32.76845,0.375,0.375,1000345.3177050961,10.003453177050961,473.14549040294264,0.09417396045444316,2.131438539110864,0.24487659614299964,0.023158093475714712,0.023058091935540384,2.449611563672115,0.7551224044806213,0.0177482838807184,0.01777597583777733,7.5538316161640315,9.99376378754449e-07,0.0004705431601762966,0.0004705430534989318,9.997214811120878e-06,0.9999999999999997
0.655369,32.76845,0.4,0.4,1000331.5083956657,10.003315083956657,473.145497010713,0.09417551145052835,2.131429191079977,0.24487963746115973,0.023158824681995153,0.023058075357852134,2.449608171169057,0.7551193631495007,0.017747842946042664,0.01777567069295027,7.553696915581145,9.993893383143024e-07,0.00047054315860271584,0.0004705430517589393,9.997206442704924e-06,0.9999999999999987
0.655369,32.76845,0.425,0.425,1000317.6988112159,10.003176988112159,473.1455036770481,0.09417706462807902,2.1314200282177707,0.24488270700267106,0.023159560216012325,0.023058061393217113,2.4496050594757315,0.7551162935950263,0.01774740087003129,0.017775364857166864,7.5535619314383124,9.994023001498668e-07,0.00047054315703246355,0.0004705430500219427,9.997198090725509e-06,0.9999999999999974
0.655369,32.76845,0.45,0.45,1000303.8889508831,10.003038889508831,473.14551039727263,0.0941786199883477,2.131411114122688,0.24488581438660484,0.02316030007030124,0.02305805093678598,2.4496023247982492,0.7551131861981264,0.017746957654618402,0.01777505809596168,7.5534265675207815,9.994152648281753e-07,0.00047054315546552714,0.0004705430482880944,9.997189760845005e-06,0.9999999999999961
0.655369,32.76845,0.475,0.475,1000290.0788136799,10.002900788136799,473.1455171708089,0.09418017753094453,2.1314025169128072,0.2448889699191103,0.02316104423257029,0.023058044947606944,2.4496000702098772,0.7551100306526513,0.017746513303002368,0.017774750158131732,7.553290720745408,9.994282329568644e-07,0.00047054315390189624,0.00047054304655757455,9.997181459130387e-06,0.9999999999999946
0.655369,32.76845,0.5,0.5,1000276.2683984991,10.002762683984992,473.14552399739466,0.09418173725314438,2.131394302764706,0.24489218361345344,0.023161792685723003,0.02305804435741646,2.4495983958482532,0.7551068169453342,0.01774606781964005,0.017774440799625178,7.553154290963476,9.994412051264379e-07,0.0004705431523415588,0.00047054304483055753,9.997173191475724e-06,0.9999999999999928
0.655369,32.76845,0.525,0.525,1000262.4577041288,10.002624577041288,473.1455308767484,0.09418329915009345,2.1313865298690073,0.24489546427535483,0.023162545408349725,0.02305804998551444,2.449597389766601,0.7551035362704541,0.01774562121011808,0.017774129805836338,7.553017190109633,9.994541818564037e-07,0.00047054315078449917,0.00047054304310719275,9.997164963063557e-06,0.9999999999999908
0.655369,32.76845,0.55,0.55,1000248.6467292755,10.002486467292755,473.145537808552,0.09418486321526358,2.1313792433075713,0.24489881872789557,0.023163302375620625,0.023058062466635908,2.4495971201817572,0.7551001818049295,0.017745173480918947,0.017773817010497232,7.5528793499541065,9.994671635496201e-07,0.00047054314923069824,0.00047054304138759097,9.99715677790855e-06,0.9999999999999887
0.655369,32.76845,0.575,0.575,1000234.8354725962,10.002348354725962,473.14554479246186,0.09418642944105193,2.131372471206375,0.2449022512293668,0.023164063560483485,0.0230580821967849,2.4495976296527413,0.7550967492904692,0.017744724639107347,0.017773502309864547,7.552740727924447,9.994801504580046e-07,0.0004705431476801352,0.0004705430396718144,9.99714863851488e-06,0.9999999999999865
0.655369,32.76845,0.6,0.6,1000221.0239327333,10.002210239327333,473.1455518281278,0.09418799781946983,2.131366222373539,0.24490576311575926,0.02316482893505438,0.023058109299979136,2.449598931506722,0.755093237391082,0.017744274691965878,0.017773185671430096,7.552601310679908,9.99493142661456e-07,0.0004705431461327891,0.000470543037959872,9.997140545665872e-06,0.999999999999984
0.655369,32.76845,0.625,0.625,1000207.2121083516,10.002072121083517,473.1455589152085,0.09418956834286357,2.1313604854951906,0.24490935267890226,0.023165598472082768,0.023058143616927807,2.449601008622259,0.7550896478149391,0.01774382364661141,0.01777286713688678,7.5524611153285734,9.99506140060642e-07,0.0004705431445886376,0.00047054303625171547,9.997132498352343e-06,0.9999999999999815
0.655369,32.76845,0.65,0.65,1000193.399998172,10.00193399998172,473.14556605339027,0.094191141004614,2.131355229840114,0.24491301527286297,0.023166372146376846,0.02305818471495282,2.4496038144956906,0.7550859852079733,0.01774337150962169,0.017772546819530707,7.552320188361324,9.995191423832474e-07,0.00047054314304766223,0.00047054303454724644,9.997124493835572e-06,0.9999999999999787
0.655369,32.76845,0.675,0.675,1000179.5876010042,10.001795876010041,473.14557324240167,0.09419271579976563,2.131350407323449,0.24491674362596538,0.02316714993608562,0.023058231917044574,2.44960727636399,0.7550822568418614,0.017742918286699567,0.01777222489665178,7.552178602529285,9.995321492023e-07,0.0004705431415098461,0.00047054303284631917,9.99711652783102e-06,0.9999999999999759
0.655369,32.76845,0.7,0.7,1000165.7749157719,10.001657749157719,473.14558048202736,0.0941942927255443,2.131345955702714,0.24492052832415379,0.023167931823751455,0.023058284346860677,2.4496113000410755,0.7550784721306593,0.01774246398239737,0.01777190159774862,7.55203645200778,9.995451599646133e-07,0.00047054313997517476,0.00047054303114875065,9.997108594793168e-06,0.999999999999973
0.655369,32.76845,0.725,0.725,1000151.9619415298,10.001519619415298,473.1455877721163,0.09419587178173175,2.1313418026274635,0.24492435842354635,0.023168717797067473,0.023058340985743327,2.4496157760458033,0.7550746420182496,0.01774200859991845,0.01777157718959554,7.551893846268506,9.9955817402683e-07,0.0004705431384436397,0.00047054302945433456,9.997100688276272e-06,0.9999999999999699
0.655369,32.76845,0.75,0.75,1000138.1486774741,10.001381486774742,473.1455951125873,0.09419745297087696,2.13133787023586,0.2449282221457876,0.023169507849297583,0.0230584007374371,2.449620586557532,0.7550707782829885,0.017741552141007214,0.017771251959292744,7.551750903124077,9.995711906963424e-07,0.0004705431369152346,0.00047054302776285037,9.997092801343784e-06,0.9999999999999668
0.655369,32.76845,0.775,0.775,1000124.3351229429,10.00124335122943,473.14560250342964,0.09419903629833518,2.1313340799854936,0.24493210760890213,0.023170301979339725,0.02305846249610496,2.4496256127261438,0.7550668928068521,0.017741094605932522,0.017770926196452357,7.551607741417995,9.995842092743274e-07,0.00047054313538995996,0.00047054302607408167,9.997084926998794e-06,0.9999999999999636
0.655369,32.76845,0.8,0.8,1000110.5212774082,10.001105212774082,473.14560994469844,0.09420062177213513,2.131330357418896,0.24493600354832465,0.02317110019143606,0.0230585252134247,2.449630741883201,0.7550629968544064,0.017740635993563566,0.017770600175625373,7.551464473813424,9.995972290981844e-07,0.00047054313386781757,0.0004705430243878232,9.99707705860838e-06,0.9999999999999601
0.655369,32.76845,0.825,0.825,1000096.7071404599,10.000967071404599,473.14561743650796,0.09420220940268702,2.131326636592768,0.24493989998711105,0.023171902494553764,0.023058587960950727,2.4496358742442337,0.755059100402596,0.017740176301532098,0.017770274139968362,7.551321200090743,9.9961024958102e-07,0.00047054313234881563,0.0004705430227038992,9.997069190298316e-06,0.9999999999999567
0.655369,32.76845,0.85,0.85,1000082.8927117833,10.000828927117833,473.14562497901994,0.09420379920234957,2.1313228639404316,0.24494378882044524,0.023172708901477466,0.023058649984495923,2.4496409287533507,0.7550552115562377,0.01773971552647003,0.017769948287000164,7.551178001302698,9.996232702460638e-07,0.00047054313083296395,0.0004705430210221685,9.997061317296963e-06,0.9999999999999531
0.655369,32.76845,0.875,0.875,1000069.0779911303,10.000690779911302,473.14563257242844,0.09420539118488272,2.1313190013854473,0.24494766428688822,0.023173519427668335,0.023058710747970067,2.4496458477946925,0.7550513360767706,0.017739253664308306,0.01776962275711987,7.55103493506267,9.996362907544392e-07,0.0004705431293202751,0.00047054301934253525,9.997053436212657e-06,0.9999999999999495
0.655369,32.76845,0.9,0.9,1000055.2629782871,10.00055262978287,473.14564021694514,0.09420698536481736,2.131315028577273,0.24495152330682263,0.023174334089954594,0.023058769964857187,2.4496506005753655,0.7550474770438124,0.017738790710619838,0.017769297625362144,7.55089203216142,9.996493109251153e-07,0.0004705431278107612,0.000470543017664952,9.997045545232798e-06,0.9999999999999458
0.655369,32.76845,0.925,0.925,1000041.4476730395,10.000414476730395,473.1456479127803,0.09420858175677517,2.1313109441740603,0.24495536567674117,0.023175152905123637,0.023058827616276725,2.44965518506647,0.7550436346608703,0.017738326660988214,0.017768972896666346,7.550749294625703,9.99662330746374e-07,0.0004705431263044359,0.0004705430159894253,9.997037644238088e-06,0.9999999999999422
0.655369,32.76845,0.95,0.95,1000027.6320751382,10.000276320751382,473.14565566012635,0.0942101803747741,2.1313067661502365,0.2449591941159879,0.023175975888488434,0.023058883955314326,2.449659628468455,0.7550398062086002,0.017737861511383242,0.017768648504741708,7.5506066952525766,9.996753503785925e-07,0.00047054312480131167,0.00047054301431601416,9.99702973482988e-06,0.9999999999999385
0.655369,32.76845,0.975,0.975,1000013.8161842643,10.000138161842642,473.14566345913886,0.0942117812315528,2.1313025311552867,0.24496301416992983,0.023176803052498602,0.023058939497993508,2.4496639862407155,0.7550359861416347,0.017737395258524642,0.01776832431443135,7.550464178579454,9.996883701485695e-07,0.0004705431233013975,0.0004705430126448268,9.997021820272983e-06,0.9999999999999347
0.655369,32.76845,1.0,1.0,1000000.0,10.0,473.14567130992305,0.09421338433794677,2.131298292993082,0.24496683398004548,0.02317763440546192,0.023058995001865396,2.4496683398004553,0.7550321663184949,0.017736927900216935,0.01776800012731926,7.55032166318495,9.99701390536022e-07,0.0004705431218047012,0.0004705430109760179,9.99701390536022e-06,0.9999999999999309
0.716718,35.835899999999995,0.0,0.0,1000557.7370787086,10.005577370787085,473.15,0.1,2.262627278235885,0.23,0.015048956139123324,0.013353396119214307,2.30128279528103,0.71,0.011528623975681745,0.010305338309393647,7.103959933258831,0.06,1.927396970556522,1.9288855957434556,0.6003346422472252,1.0
0.716718,35.835899999999995,0.025,0.025,1000541.9886646876,10.005419886646877,501.0261455349304,0.10448938730779489,2.111632128486607,0.23305301020454086,0.017327265144275746,0.014454305332861518,2.3317932229434306,0.7191859424458723,0.013282238318110809,0.011151253950861717,7.195757330744807,0.047761047349585826,1.6252245873124869,1.7168190424904164,0.4778693329586291,0.999999999999999
0.716718,35.835899999999995,0.05,0.05,1000526.3759657651,10.005263759657652,516.5009445525994,0.10508564238486622,2.000042078050847,0.23902157851845743,0.020256042462775507,0.01737763499379399,2.391473937326888,0.7373568219520393,0.015537891344338728,0.013402051178275746,7.377449488613078,0.02362159952950108,0.9736597888627251,1.1458434817418695,0.23634033371766333,0.9999999999999978
0.716718,35.835899999999995,0.075,0.075,1000511.5532323826,10.005115532323826,503.34113560636024,0.10074287337998636,2.016710569218348,0.24329006713561696,0.02225967050531604,0.020775304785909193,2.4341452295586676,0.7503945972993314,0.01708116072721385,0.01601963928505049,7.5077846408114235,0.006315335565048318,0.3489655978235804,0.4684527078976636,0.063185661953702,0.9999999999999967
0.716718,35.835899999999995,0.1,0.1,1000497.3572407741,10.00497357240774,485.88216885049314,0.09676879928378539,2.077651796423803,0.24462087497696924,0.02297982716212227,0.02254195059054771,2.447425389403836,0.7544592703136094,0.01763540430305861,0.01738096104389215,7.548345060945691,0.0009198547094168693,0.0713430659541019,0.10824309021705551,0.009203122058170579,0.9999999999999956
0.716718,35.835899999999995,0.125,0.125,1000483.4371594482,10.004834371594482,476.99777841416864,0.09493070094878692,2.1144925907566106,0.24483175842819319,0.02312144192030236,0.02299268577058376,2.4495011919803042,0.755095975741362,0.017743720061058843,0.01772817853402124,7.554610171949852,7.22658304393304e-05,0.008622882768833683,0.014414393513515582,0.0007230076642712317,0.9999999999999944
0.716718,35.835899999999995,0.15,0.15,1000469.6029741794,10.004696029741794,474.0793633146347,0.09434759099667289,2.1273462289588387,0.24485087870338754,0.023137475724688602,0.023053880550317388,2.4496586140425713,0.7551450403044551,0.017755223186997224,0.017775128732979567,7.554996586613189,4.080992150889676e-06,0.0009839619615848488,0.0014500540945757993,4.082908596941337e-05,0.9999999999999934
0.716718,35.835899999999995,0.175,0.175,1000455.7900678129,10.00455790067813,473.33946258504847,0.09420220070421663,2.1306513439462105,0.2448539837880966,0.02313898856388442,0.023058198892638562,2.4496558580197165,0.7551449091059689,0.01775552701844281,0.01777822974078907,7.554890966552989,1.107105927132854e-06,0.0004904084012823271,0.0005107401164478825,1.1076105350184578e-05,0.9999999999999927
0.716718,35.835899999999995,0.2,0.2,1000441.9815061042,10.004419815061043,473.1809732989312,0.09417228505712237,2.1313512166572783,0.24485640983755017,0.023139613212330337,0.023058304022234386,2.4496463184234947,0.7551425872043139,0.017755141710900448,0.01777807998516957,7.554763462623299,1.0029581276908564e-06,0.00047121380997110755,0.00047192582974793436,1.003401416634693e-05,0.9999999999999918
0.716718,35.835899999999995,0.225,0.225,1000428.1735516577,10.004281735516576,473.1511718122214,0.09416788062141297,2.1314721104523264,0.2448588424057515,0.023140208198571564,0.02305823702241613,2.4496368448595924,0.7551401581724375,0.017754729175978236,0.01777779452562244,7.5546348921596165,9.994218020130382e-07,0.00047056528515830175,0.00047058944723056626,9.998497279956105e-06,0.999999999999991
0.716718,35.835899999999995,0.25,0.25,1000414.3654838775,10.004143654838774,473.1461707693613,0.09416839281914144,2.1314815388041124,0.24486131075527773,0.02314080625252251,0.02305816739171979,2.449627728307917,0.7551376899292106,0.017754314659546733,0.01777750352278656,7.5545059292349235,9.993155021896033e-07,0.0004705438275015779,0.00047054453934485885,9.997295840412143e-06,0.9999999999999906
0.716718,35.835899999999995,0.275,0.275,1000400.5571786591,10.00400557178659,473.145416224617,0.09416974844777254,2.1314721127712866,0.24486382087436426,0.023141408456993334,0.02305810143727545,2.449619028356094,0.7551351798011494,0.01775389901017122,0.017777211341936005,7.55437654618277,9.993244762561736e-07,0.0004705431255912387,0.00047054304921997984,9.997247628489478e-06,0.99999999999999
0.716718,35.835899999999995,0.3,0.3,1000386.7486160948,10.003867486160948,473.14531616483407,0.09417123570392602,2.131460040932632,0.24486637691528315,0.023142014833573248,0.02305803973847786,2.449610786476833,0.7551326237474307,0.017753482259287724,0.01777691803335389,7.554246702446331,9.993372756573292e-07,0.00047054310134925275,0.000470542998699914,9.997237679657017e-06,0.9999999999999896
0.716718,35.835899999999995,0.325,0.325,1000372.9397925789,10.00372939792579,473.1453078524423,0.09417274307259924,2.131447874531455,0.24486898132621923,0.023142625368834848,0.02305798252937328,2.4496030271332407,0.7551300193235665,0.01775306441158771,0.017776623542378966,7.554116373563432,9.99350203597661e-07,0.00047054309895198156,0.00047054299529906404,9.997229010553045e-06,0.9999999999999893
0.716718,35.835899999999995,0.35,0.35,1000359.1307068199,10.003591307068199,473.1453113693628,0.09417425471582327,2.1314359763879502,0.24487163453265867,0.023143240048872613,0.023057929849570044,2.449595754558486,0.7551273661041914,0.01775264547073015,0.017776327858830494,7.553985555289196,9.993631390556538e-07,0.0004705430972531916,0.0004705429934243065,9.997220410461527e-06,0.9999999999999891
0.716718,35.835899999999995,0.375,0.375,1000345.3213578481,10.003453213578481,473.145316334009,0.0941757685757777,2.131424382362057,0.24487433488692312,0.023143858861285657,0.023057881545515312,2.4495889522474843,0.755124665736988,0.01775222543994369,0.017776031022912777,7.5538542641190505,9.993760780211751e-07,0.000470543095579436,0.0004705429916013813,9.997211839254384e-06,0.9999999999999891
0.716718,35.835899999999995,0.4,0.4,1000331.5117447714,10.003315117447714,473.14532150348964,0.09417728440645387,2.131413074839572,0.24487707887978702,0.023144481796001103,0.023057837290395445,2.44958258507461,0.7551219217311821,0.01775180432184619,0.01777573312020336,7.553722535169704,9.993890201634425e-07,0.0004705430939095127,0.0004705429897831215,9.997203293612222e-06,0.9999999999999893
0.716718,35.835899999999995,0.425,0.425,1000317.7018667612,10.003177018667612,473.14532673972803,0.09417880218193453,2.131402021696778,0.24487986155981248,0.023145108845862034,0.023057796623182622,2.4495766034896227,0.7551191390382118,0.01775138211829186,0.017775434271432605,7.553590417983114,9.994019651878123e-07,0.00047054309224275735,0.0004705429879679455,9.997194770577973e-06,0.9999999999999895
0.716718,35.835899999999995,0.45,0.45,1000303.8917230589,10.003038917230588,473.14533202837043,0.0941803219021841,2.1313911844122124,0.24488267709176414,0.02314574000694885,0.023057759000617156,2.4495709491045283,0.7551163234933127,0.01775095883028701,0.01777513461886934,7.553457970939692,9.99414912751388e-07,0.0004705430905791493,0.0004705429861557007,9.997186266712748e-06,0.9999999999999896
0.716718,35.835899999999995,0.475,0.475,1000290.0813129786,10.002900813129786,473.14533736800274,0.09418184357116344,2.1313805226991103,0.244885519381831,0.02314637527860419,0.023057723855403375,2.4495655609482276,0.7551134811902964,0.017750534457983642,0.0177748343110789,7.5533252550036805,9.99427862496095e-07,0.00047054308891868657,0.0004705429843462725,9.997177778426757e-06,0.9999999999999899
0.716718,35.835899999999995,0.5,0.5,1000276.270635902,10.00276270635902,473.14534275850974,0.09418336719444449,2.1313699986820294,0.24488838270150967,0.023147014663163476,0.023057690654276063,2.4495603817072364,0.7551106178576665,0.017750109000749918,0.01777453348771494,7.5531923274823844,9.994408140853228e-07,0.0004705430872613727,0.00047054298253955976,9.997169302345764e-06,0.9999999999999903
0.716718,35.835899999999995,0.525,0.525,1000262.459691267,10.00262459691267,473.14534819992554,0.09418489277877008,2.13135958063031,0.2448912622516486,0.02314765816541987,0.023057658950493137,2.4495553633673315,0.7551077382945748,0.017749682457310324,0.01777423226577097,7.55305923638441,9.994537672371146e-07,0.0004705430856072123,0.000470542980735478,9.997160835642996e-06,0.9999999999999906
0.716718,35.835899999999995,0.55,0.55,1000248.6484785514,10.002486484785514,473.1453536923188,0.0941864203317092,2.131349245990658,0.2448941546212181,0.023148305791874556,0.023057628426526307,2.4495504718017083,0.7551048459120512,0.01774925482594204,0.017773930728399022,7.552926015831341,9.994667217511975e-07,0.0004705430839562112,0.0004705429789339695,9.997152376309239e-06,0.999999999999991
0.716718,35.835899999999995,0.575,0.575,1000234.8369972518,10.002348369972518,473.1453592357711,0.09418794986125217,2.131338983519784,0.24489705811003215,0.0231489575498377,0.023057598924086847,2.4495456899979455,0.7551019424102818,0.0177488261047104,0.017773628917045342,7.552792682830566,9.994796775279988e-07,0.0004705430823083753,0.00047054297713500746,9.997143923342837e-06,0.9999999999999916
0.716718,35.835899999999995,0.6,0.6,1000221.0252468615,10.002210252468615,473.1453648303655,0.09418948137536574,2.1313287944116492,0.24489997289940402,0.023149613446453957,0.023057570459996773,2.449541019763705,0.7550990276079534,0.017748396291724085,0.017773326827293216,7.552659235569354,9.994926345787104e-07,0.0004705430806637114,0.0004705429753386007,9.997135476850046e-06,0.999999999999992
0.716718,35.835899999999995,0.625,0.625,1000207.2132268467,10.002072132268466,473.14537047617273,0.09419101488154084,2.131318692404198,0.24490290106842152,0.02315027348772689,0.023057543227691508,2.4495364818881606,0.7550960994259779,0.017747965385390696,0.01777302440846903,7.552525653253194,9.995055930262605e-07,0.00047054307902222325,0.0004705429735447897,9.997127038054429e-06,0.9999999999999925
0.716718,35.835899999999995,0.65,0.65,1000193.4009366266,10.001934009366266,473.14537617323964,0.09419255038636934,2.1313087029285898,0.24490584646536454,0.023150937677612986,0.023057517585241567,2.4495321148545632,0.7550931540160751,0.01774753338465401,0.017772721566779167,7.552391897393021,9.995185530977755e-07,0.0004705430773839153,0.0004705429717536485,9.997118609221204e-06,0.9999999999999928
0.716718,35.835899999999995,0.675,0.675,1000179.5883755547,10.001795883755547,473.1453819215797,0.09419408789517843,2.1312988614265858,0.24490881445325746,0.023151606017246466,0.023057494031662008,2.449527972294042,0.7550901860152206,0.017747100289196974,0.01777241817151442,7.552257914351244,9.99531515109605e-07,0.0004705430757487888,0.000470542969965276,9.997110193507194e-06,0.9999999999999931
0.716718,35.835899999999995,0.7,0.7,1000165.7755429052,10.001657755429052,473.1453877211651,0.09419562741174771,2.1312892110070383,0.24491181155541236,0.02315227850434365,0.023057473173916956,2.449524119439369,0.7550871889001016,0.017746666099597817,0.017772114063691533,7.552123638887824,9.99544479446469e-07,0.0004705430741168411,0.0004705429681797896,9.997101794752072e-06,0.9999999999999933
0.716718,35.835899999999995,0.725,0.725,1000151.9624378649,10.001519624378648,473.1453935719226,0.0941971689381256,2.1312797996404877,0.2449148450310587,0.02315295513282117,0.02305745568742068,2.4495206288797893,0.7550841554114884,0.017746230817429938,0.017771809066398147,7.55198899840538,9.99557446536488e-07,0.0004705430724880685,0.0004705429663973192,9.997093417228496e-06,0.9999999999999938
0.716718,35.835899999999995,0.75,0.75,1000138.1490595295,10.001381490595294,473.14539947372987,0.09419871247455426,2.131270677102457,0.2449179224129166,0.023153635892646848,0.02305744227300047,2.4495175759355994,0.7550810780166605,0.017745794445301076,0.017771502996064455,7.551853917574571,9.995704168239578e-07,0.00047054307086246246,0.0004705429646179961,9.99708506536976e-06,0.9999999999999939
0.716718,35.835899999999995,0.775,0.775,1000124.3354069073,10.001243354069073,473.1454054264184,0.09420025801950627,2.1312618918731396,0.24492105103813358,0.023154320769926028,0.02305743361324544,2.4495150339667457,0.7550779493784697,0.01774535698683059,0.0177711956738958,7.551718323025525,9.995833907417394e-07,0.00047054306924001294,0.0004705429628419469,9.997076743493651e-06,0.999999999999994
0.716718,35.835899999999995,0.8,0.8,1000110.5214789258,10.00110521478926,473.14541142977504,0.09420180556982714,2.1312534881860246,0.24492423760171816,0.023155009747212768,0.02305743033095234,2.4495130699068275,0.7550747628019073,0.01774491844656807,0.01777088693675616,7.551582147813919,9.995963686849541e-07,0.000470543067620705,0.0004705429610692829,9.997068455539503e-06,0.9999999999999941
0.716718,35.835899999999995,0.825,0.825,1000096.7072744463,10.000967072744462,473.1454174835493,0.09420335512097362,2.131245503393316,0.24492748775786827,0.023155702804021818,0.023057432952031547,2.449511740276463,0.7550715126327748,0.017744478829859196,0.017770576646883477,7.551445335407737,9.996093509875176e-07,0.00047054306600452376,0.00047054295930009624,9.997060204833627e-06,0.9999999999999941
0.716718,35.835899999999995,0.85,0.85,1000082.8927922787,10.000828927922786,473.14542358746223,0.094204906667332,2.131237965784414,0.2449308057898201,0.023156399917507595,0.02305744187479221,2.449511087882271,0.755068194587836,0.017744038142667916,0.017770264699934406,7.5513078429884635,9.996223379026768e-07,0.0004705430643914508,0.0004705429575344514,9.997051993894898e-06,0.999999999999994
0.716718,35.835899999999995,0.875,0.875,1000069.0780312022,10.000690780312022,473.1454297412147,0.09420646020259618,2.1312308929580244,0.24493419436343686,0.023157101063268543,0.023057457347021908,2.449511139353576,0.7550648060012274,0.017743596391365794,0.017769951030987587,7.551169643914561,9.996353295884955e-07,0.00047054306278146755,0.0004705429557723835,9.997043824289837e-06,0.9999999999999939
0.716718,35.835899999999995,0.9,0.9,1000055.262989987,10.00055262989987,473.1454359444998,0.09420801572018475,2.1312242908108994,0.24493765437408324,0.0231578062162307,0.023057479451748637,2.449511903612244,0.7550613459775841,0.017743153582500625,0.017769635618273008,7.551030729251866,9.996483260988133e-07,0.00047054306117455313,0.00047054295401389263,9.997035696542492e-06,0.9999999999999934
0.716718,35.835899999999995,0.925,0.925,1000041.4476674149,10.000414476674148,473.14544219701287,0.09420957321367322,2.1312181531692063,0.2449411848907234,0.023158515351561774,0.023057508102050404,2.44951337131491,0.7550578154479423,0.017742709722556944,0.017769318484531803,7.5508911083315615,9.996613273799476e-07,0.0004705430595706883,0.00047054295225894776,9.997027610101725e-06,0.999999999999993
0.716718,35.835899999999995,0.95,0.95,1000027.6320623016,10.000276320623016,473.14544849846345,0.09421113267721938,2.1312124620536257,0.24494478319590982,0.023159228445568142,0.023057543044787847,2.4495155152541956,0.7550542171297494,0.017742264817721225,0.017768999696038942,7.550750808349182,9.996743332730228e-07,0.00047054305796985523,0.00047054295050748566,9.997019563364811e-06,0.9999999999999926
0.716718,35.835899999999995,0.975,0.975,1000013.8161735167,10.000138161735167,473.1454548485846,0.09421269410595967,2.1312071885382045,0.2449484449156194,0.023159945476529758,0.023057583872696484,2.44951829165837,0.7550505553970288,0.017741818873663096,0.01776867935943662,7.55060987306516,9.996873435215898e-07,0.0004705430563720356,0.0004705429487594124,9.997011553753904e-06,0.9999999999999918
0.716718,35.835899999999995,1.0,1.0,1000000.0,10.0,473.1454612471432,0.0942142574963586,2.1312022941365516,0.24495216422890023,0.02316066642543302,0.02305763004390403,2.4495216422890027,0.755046836070733,0.01774137189534343,0.017768357616622737,7.55046836070733,9.997003577839714e-07,0.00047054305477721626,0.0004705429470146121,9.997003577839714e-06,0.999999999999991
0.772048,38.602399999999996,0.0,0.0,1000558.1735299984,10.005581735299984,473.15,0.1,2.262628265212006,0.23,0.014829916700833766,0.01335339994855851,2.301283799118997,0.71,0.011370594899451827,0.010305341264648412,7.103963032062989,0.06,1.9280298426216986,1.9288859806095782,0.6003349041179991,1.0
0.772048,38.602399999999996,0.025,0.025,1000542.4196743997,10.005424196743997,499.6597730599727,0.10440867065991151,2.1211403717059376,0.232606985676717,0.016944296628020817,0.014279986850482509,2.327331562821509,0.7178274001624378,0.012997842306511185,0.011017044270418162,7.182167638671092,0.04956561416084098,1.6721668327521082,1.7505412571136363,0.49592499525135525,0.9999999999999958
0.772048,38.602399999999996,0.05,0.05,1000526.6820339247,10.005266820339248,518.2342026293763,0.10574551268388596,1.9992934406898686,0.2382908902125422,0.019855039903701868,0.01694110114779901,2.384163937432651,0.7351186005591671,0.015239505621757084,0.01306566792859064,7.355057743188855,0.026590509228282506,1.066977554161558,1.231798834019418,0.2660451397176595,0.9999999999999919
0.772048,38.602399999999996,0.075,0.075,1000511.7042139309,10.00511704213931,507.452987439121,0.10171055104110605,2.003513514011168,0.24291423299398957,0.022042177889953198,0.02038209615637968,2.430385332306364,0.749236681531636,0.01692418528013974,0.015716466979564008,7.496200690988074,0.007849085474362178,0.4179811465668448,0.5477428289735345,0.07853101884474915,0.9999999999999877
0.772048,38.602399999999996,0.1,0.1,1000497.4147890306,10.004974147890305,488.8278146360325,0.09738692489706462,2.065880752137623,0.24453708268037966,0.02291369774248003,0.02239295136970527,2.446587190417713,0.7541954285821646,0.017595152349226737,0.017265951415606592,7.545705765421606,0.0012674887374395797,0.09397314861557812,0.13901085276917918,0.01268119205082512,0.9999999999999838
0.772048,38.602399999999996,0.125,0.125,1000483.4572951805,10.004834572951806,478.24737351338837,0.0951835021566768,2.109061371828162,0.24482371802799827,0.023103057421861008,0.022964881295289445,2.449420798405121,0.7550653128791461,0.01774035271824675,0.017706602754963836,7.554303547129955,0.0001109690928356436,0.012388477745174969,0.020290855884890453,0.0011102274165311456,0.99999999999998
0.772048,38.602399999999996,0.15,0.15,1000469.6114387152,10.004696114387153,474.46941468700726,0.09442663350273105,2.125609877327776,0.24485155375398218,0.023126518049645876,0.023051303007767244,2.4496653884441226,0.7551422573605757,0.017757664689626886,0.017773026882522778,7.554968808024896,6.1888854184157996e-06,0.0013068510938194964,0.0020230741133103807,6.191791789801187e-05,0.9999999999999762
0.772048,38.602399999999996,0.175,0.175,1000455.795334023,10.00455795334023,473.4393419505013,0.09422352820781622,2.1302081026360318,0.24485488323341306,0.0231285494923347,0.02305815064784946,2.4496648694670364,0.7551439314673504,0.017758452077891524,0.017778104221005984,7.554881225478291,1.1852992093324444e-06,0.0005051880809795149,0.0005393969939005869,1.1858394631814793e-05,0.9999999999999728
0.772048,38.602399999999996,0.2,0.2,1000441.9858441671,10.00441985844167,473.2029635941736,0.09417814488384584,2.1312564903584184,0.244857060350022,0.02312911313396871,0.02305835987521616,2.4496528370454107,0.7551419339276898,0.01775810368626282,0.017778060437057163,7.554756959728229,1.005722257559232e-06,0.0004717381798575024,0.0004729659255171895,1.0061667725602372e-05,0.9999999999999694
0.772048,38.602399999999996,0.225,0.225,1000428.1774865168,10.004281774865168,473.15535663099377,0.0941701856815535,2.131455793641959,0.24485922451936296,0.023129621133936594,0.023058272509433944,2.449640677266681,0.7551397759626379,0.017757708243753362,0.01777778514474802,7.554631098138785,9.995179651944148e-07,0.00047058325475033867,0.0004706256600266212,9.999459362844802e-06,0.999999999999966
0.772048,38.602399999999996,0.25,0.25,1000414.3691272408,10.004143691272409,473.14679295971655,0.09416996560787244,2.1314794127325194,0.24486141195630462,0.023130131104888665,0.02305817688532182,2.4496287496587192,0.7551375887249885,0.01775731017200463,0.01777750111222441,7.554504944285753,9.99318669669815e-07,0.00047054438183224425,0.0004705457314296208,9.997327564748015e-06,0.9999999999999628
0.772048,38.602399999999996,0.275,0.275,1000400.5605575554,10.004005605575554,473.1454035617668,0.09417116898737186,2.1314708454999263,0.24486361946990645,0.023130645016360373,0.023058082763661197,2.4496170217784634,0.7551353812056245,0.017756910990658924,0.017777216308513377,7.5543785865495,9.993244287062658e-07,0.00047054308940094837,0.00047054303695037475,9.997247186566073e-06,0.9999999999999596
0.772048,38.602399999999996,0.3,0.3,1000386.751742492,10.00386751742492,473.1452007994259,0.09417260928109329,2.1314570419243073,0.24486584366122732,0.023131162935514076,0.023057990171236598,2.4496054595294012,0.7551331570016291,0.017756510749989123,0.01777693108579057,7.554252060659129,9.993371001299929e-07,0.00047054304532556884,0.0004705429454919051,9.997235954948052e-06,0.9999999999999566
0.772048,38.602399999999996,0.325,0.325,1000372.9426763593,10.003729426763593,473.14517652410314,0.09417408671423033,2.131442532485039,0.2448680828493781,0.023131684867649063,0.02305789896300687,2.4495940460755095,0.7551309178005723,0.01775610945081046,0.017776645494054086,7.554125383460586,9.993500029986061e-07,0.00047054304219711464,0.0004705429406552999,9.997227032633444e-06,0.9999999999999534
0.772048,38.602399999999996,0.35,0.35,1000359.1333579251,10.003591333579251,473.1451768973104,0.09417557080733473,2.131428012704113,0.2448703374126291,0.023132210816572456,0.023057809174485057,2.4495827851916037,0.7551286632244065,0.01775570709217657,0.01777635952437982,7.5539985511689585,9.993629149239633e-07,0.00047054304039827817,0.00047054293866835583,9.997218194833857e-06,0.9999999999999506
0.772048,38.602399999999996,0.375,0.375,1000345.3237865499,10.003453237865498,473.1451804506539,0.09417705731205793,2.131413595372931,0.24487260978403616,0.023132740785485797,0.02305772103207388,2.4495717012086917,0.7551263908400828,0.017755303673231224,0.017776073117470523,7.553871539446916,9.9937582873639e-07,0.0004705430386449862,0.00047054293677648257,9.997209369817559e-06,0.9999999999999477
0.772048,38.602399999999996,0.4,0.4,1000331.5139616227,10.003315139616227,473.14518442372326,0.09417854568646913,2.1313993207999675,0.2448749041809193,0.02313327477604536,0.023057634928223308,2.4495608363050634,0.7551240964302812,0.017754899193520905,0.01777578617052769,7.5537443061100555,9.993887444471133e-07,0.00047054303689610783,0.00047054293489025084,9.99720055768986e-06,0.9999999999999449
0.772048,38.602399999999996,0.425,0.425,1000317.7038824746,10.003177038824745,473.1451884873904,0.09418003586915712,2.131385227005927,0.24487722613159293,0.023133812787595163,0.02305755137738062,2.449550245770646,0.7551217744666869,0.017754493653197694,0.01777549854879924,7.553616795861761,9.994016623745959e-07,0.0004705430351503403,0.0004705429330068868,9.99719176162884e-06,0.9999999999999423
0.772048,38.602399999999996,0.45,0.45,1000303.8935483625,10.003038935483625,473.1451926050131,0.09418152785519994,2.1313713553833606,0.24487958187409237,0.02313435481670272,0.02305747096002024,2.4495399919914966,0.7551194187112644,0.01775408705314088,0.017775210100238654,7.55348894630854,9.99414582886545e-07,0.0004705430334076433,0.0004705429311264142,9.997182985304236e-06,0.9999999999999396
0.772048,38.602399999999996,0.475,0.475,1000290.0829584675,10.002900829584675,473.1451967726838,0.09418302164466683,2.1313577475543446,0.24488197770385148,0.023134900857027605,0.02305739426192678,2.4495301379241923,0.7551170228685793,0.01775367939499142,0.017774920671407346,7.553360694485623,9.994275063543352e-07,0.0004705430316680095,0.00047054292924894055,9.997174232421525e-06,0.999999999999937
0.772048,38.602399999999996,0.5,0.5,1000276.2721119021,10.002762721119021,473.14520098989965,0.09418451723693394,2.131344441323078,0.2448844193414328,0.023135450899515738,0.023057321815349162,2.4495207407713617,0.755114581218069,0.01775327068110107,0.017774630122886936,7.553231983181502,9.994404331155744e-07,0.0004705430299314336,0.00047054292737456685,9.997165506347518e-06,0.9999999999999348
0.772048,38.602399999999996,0.525,0.525,1000262.4610077236,10.002624610077236,473.14520525647134,0.09418601463033124,2.1313314670369494,0.24488691137987625,0.023136004932880375,0.023057254047569718,2.4495118464541537,0.7551120891666929,0.017752860914406362,0.01777433834274973,7.5531027664656,9.994533634415374e-07,0.0004705430281979074,0.000470542925503371,9.997156809784791e-06,0.9999999999999326
0.772048,38.602399999999996,0.55,0.55,1000248.6496449535,10.002486496449535,473.145209572226,0.09418751382244556,2.131318844756699,0.24488945685630936,0.023136562944308485,0.02305719124104201,2.4495034853280955,0.7551095436773235,0.01775245009824366,0.01777404525699923,7.5529730139726,9.99466297511937e-07,0.00047054302646742154,0.0004705429236354016,9.997148144519563e-06,0.9999999999999304
0.772048,38.602399999999996,0.575,0.575,1000234.8380225989,10.002348380225989,473.14521393698755,0.09418901481054587,2.131306582434126,0.24489205697613345,0.023137124920316082,0.023057133507731732,2.4494956694254393,0.7551069435445595,0.01775203823612513,0.01777375083629085,7.552842713660323,9.994792353986667e-07,0.00047054302473996585,0.0004705429217706733,9.997139511259364e-06,0.9999999999999284
0.772048,38.602399999999996,0.6,0.6,1000221.0261396765,10.002210261396765,473.14521835058633,0.09419051759204271,2.1312946751790394,0.24489471100199545,0.02313769084767025,0.023057080778795477,2.449488391345955,0.755104289505754,0.01775162533149722,0.0177734550986355,7.552711872919168,9.994921770592443e-07,0.0004705430230155308,0.0004705429199091656,9.997130909567765e-06,0.9999999999999265
0.772048,38.602399999999996,0.625,0.625,1000207.2139952349,10.002072139952348,473.1452228128689,0.09419202216493794,2.1312831055993167,0.24489741630510087,0.023138260714295943,0.023057032809368456,2.4494816247715616,0.7551015841897016,0.01775121138750321,0.017773158108146007,7.552580518057698,9.995051223398096e-07,0.00047054302129410615,0.0004705429180508225,9.997122337894675e-06,0.9999999999999248
0.772048,38.602399999999996,0.65,0.65,1000193.4015883749,10.001934015883748,473.14522732370864,0.09419352852822988,2.1312718451161463,0.24490016856406718,0.023138834510093555,0.023056989197082406,2.4494753264566076,0.755098831917785,0.017750796406769066,0.017772859970187488,7.552448692312579,9.995180709868233e-07,0.00047054301957568523,0.0004705429161955603,9.997113793693614e-06,0.9999999999999232
0.772048,38.602399999999996,0.675,0.675,1000179.5889182653,10.001795889182652,473.1452318830124,0.09419503668224367,2.1312608560934034,0.24490296208696646,0.02313941222760481,0.0230569494120461,2.4494694394500764,0.7550960383819325,0.01775038039122895,0.017772560823525456,7.5523164526265205,9.995310226660023e-07,0.0004705430178602624,0.0004705429143432708,9.997105273611356e-06,0.9999999999999216
0.772048,38.602399999999996,0.7,0.7,1000165.7759841548,10.001657759841548,473.1452364907271,0.09419654662886534,2.1312500945768553,0.24490579022565934,0.02313999386248013,0.023056912835412172,2.449463897240592,0.7550932102302841,0.017749963342002975,0.01777226083022507,7.552183865503386,9.99543976986701e-07,0.0004705430161478335,0.000470542912493829,9.997096773731919e-06,0.9999999999999204
0.772048,38.602399999999996,0.725,0.725,1000151.9627853773,10.001519627853773,473.1452411468423,0.09419805837166476,2.1312395134152955,0.2449086458479471,0.023140579413717534,0.023056878803321267,2.449458628479332,0.7550903545950385,0.01774954525933446,0.017771960164141974,7.552051002285343,9.995569335297084e-07,0.0004705430144383987,0.0004705429106471048,9.997088289854708e-06,0.9999999999999192
0.772048,38.602399999999996,0.75,0.75,1000138.1493213511,10.001381493213511,473.1452458513893,0.09419957191590124,2.131229065530211,0.2449115218322371,0.023141168883661106,0.023056846652937637,2.449453561927693,0.7550874785977891,0.017749126142590443,0.017771658998865167,7.551917934205182,9.995698918763639e-07,0.0004705430127319595,0.00047054290880296903,9.997079817785698e-06,0.9999999999999181
0.772048,38.602399999999996,0.775,0.775,1000124.335591573,10.001243355915731,473.14525060443907,0.09420108726841518,2.131218707110897,0.24491441155096838,0.02314176227776306,0.023056815767435086,2.449448631292133,0.7550845888660972,0.017748705990323896,0.01777135749593482,7.551784727551416,9.995828516370233e-07,0.0004705430110285206,0.0004705429069613041,9.997071353622078e-06,0.9999999999999172
0.772048,38.602399999999996,0.8,0.8,1000110.5215956066,10.001105215956066,473.1452554060955,0.09420260443741299,2.1312084005350846,0.2449173093125457,0.023142359604129404,0.023056785617118186,2.449443779643626,0.7550816910915582,0.017748284800392804,0.017771055794072156,7.55165143924871,9.995958124770796e-07,0.00047054300932808753,0.0004705429051220097,9.997062894012363e-06,0.9999999999999164
0.772048,38.602399999999996,0.825,0.825,1000096.7073330667,10.000967073330667,473.14526025648667,0.09420412343216236,2.131198116847922,0.24492021073648715,0.023142960872881042,0.02305675579432536,2.4494389631688165,0.7550787896546546,0.017747862570127428,0.017770754000037817,7.551518113106574,9.9960877413907e-07,0.0004705430076306693,0.00047054290328501277,9.997054436377272e-06,0.9999999999999158
0.772048,38.602399999999996,0.85,0.85,1000082.8928035995,10.000828928035995,473.1452651557578,0.09420564426261754,2.1311878376713818,0.24492311304242448,0.023143566095372253,0.023056726040312944,2.4494341540593085,0.7550758873357545,0.017747439296534995,0.017770452181590436,7.5513847769298605,9.996217364597e-07,0.00047054300593627434,0.00047054290145026877,9.997045979079743e-06,0.9999999999999154
0.772048,38.602399999999996,0.875,0.875,1000069.0780068608,10.000690780068608,473.145270104057,0.09420716693899654,2.131177556458816,0.24492601524003663,0.023144175283314847,0.023056696262918595,2.449429342409978,0.755072985125179,0.017747014976529127,0.017770150362860143,7.551251440620259,9.996346993810432e-07,0.0004705430042449126,0.00047054289961776706,9.997037521536653e-06,0.999999999999915
0.772048,38.602399999999996,0.9,0.9,1000055.2629424948,10.000552629424948,473.14527510152567,0.09420869147133684,2.1311672790523875,0.24492891821352006,0.02314478844785971,0.02305666654440994,2.4494245370624266,0.7550700821387317,0.017746589607170356,0.01776984852229258,7.551118095332605,9.996476629555322e-07,0.00047054300255659146,0.00047054289778752906,9.99702906426845e-06,0.9999999999999147
0.772048,38.602399999999996,0.925,0.925,1000041.4476101102,10.000414476101101,473.1452801482871,0.0942102178690536,2.131157023542502,0.24493182470044855,0.023145405598687385,0.023056637139505544,2.449419765392223,0.7550671756388386,0.017746163185904284,0.01776954659316687,7.5509847136874155,9.996606273447356e-07,0.00047054300087131905,0.0004705428959596108,9.997020608886602e-06,0.9999999999999145
0.772048,38.602399999999996,0.95,0.95,1000027.6320092607,10.000276320092608,473.1452852444353,0.09421174614052415,2.131146819465819,0.2449347391705459,0.023146026743157008,0.023056608464083143,2.4494150720952694,0.7550642611557757,0.01774573571078457,0.017769244466552633,7.550851250984325,9.996735928122411e-07,0.0004705429991891018,0.0004705428941340993,9.997012158022155e-06,0.9999999999999144
0.772048,38.602399999999996,0.975,0.975,1000013.8161394264,10.000138161394265,473.1452903900255,0.09421327629272046,2.1311367064105897,0.24493766761476776,0.023146651885557878,0.02305658107554332,2.4494105170773435,0.7550613326985869,0.01774530718066888,0.01776894199645258,7.550717647312351,9.996865597112489e-07,0.00047054299750994173,0.00047054289231110495,9.997003715201408e-06,0.9999999999999144
0.772048,38.602399999999996,1.0,1.0,1000000.0,10.0,473.14529558506774,0.09421480833090823,2.1311267321239598,0.24494061725900393,0.02314728102650076,0.023056555646161093,2.44940617259004,0.7550583830413822,0.017744877595378336,0.017768639006781647,7.550583830413822,9.99699528467738e-07,0.00047054299583384145,0.00047054289049076257,9.996995284677381e-06,0.9999999999999146
0.8,40.0,0.0,0.0,1000558.3938402719,10.005583938402719,473.15,0.1,2.262628763414175,0.23,0.01473026043583555,0.01335340188152038,2.3012843058326253,0.71,0.011298696498395924,0.010305342756390728,7.10396459626593,0.06,1.928238568001424,1.9288861748808235,0.6003350363041631,1.0
0.8,40.0,0.025,0.025,1000542.6410870156,10.005426410870156,498.925047671599,0.10434820352415357,2.1259616905046155,0.23240417340074684,0.016761781998241097,0.014202297206476233,2.3253028545402805,0.71721038666883,0.012862079873189476,0.010957241991388577,7.175995744926709,0.050385439930418,1.6932204253922556,1.765556426108657,0.504127811403116,0.9999999999999948
0.8,40.0,0.05,0.05,1000526.8459831084,10.005268459831084,518.9101185886644,0.10603979402193917,1.9996716776431362,0.2379232156857183,0.01965118005703423,0.01673192050676701,2.3804856457619055,0.7339931895335015,0.015087247440282805,0.012904494906463336,7.343798908970361,0.028083594780769532,1.1124472049233822,1.2729032199594776,0.2809839050987103,0.9999999999999892
0.8,40.0,0.075,0.075,1000511.7886305783,10.005117886305783,509.5032285792307,0.10220236194698126,1.997190964037075,0.2427051281229946,0.02192310217663448,0.02017539418688042,2.4282934184815104,0.7485932139294996,0.016837251688051037,0.015557111723858583,7.489763354253168,0.008701657947489384,0.45491076592359325,0.5893187303409099,0.08706111357094092,0.9999999999999836
0.8,40.0,0.1,0.1,1000497.4478840502,10.004974478840502,490.43147616371016,0.09772535641590328,2.0595760970855674,0.24448614356663267,0.02287567081552315,0.02230744501172364,2.446077626814295,0.7540358818744883,0.01757071104088442,0.0171999665567932,7.544109754284248,0.0014779745588568937,0.10717417151041123,0.15662315025157805,0.014787097741738772,0.9999999999999779
0.8,40.0,0.125,0.125,1000483.4686808414,10.004834686808413,478.9716428806955,0.09533009768228524,2.1059323717970617,0.24481815351546293,0.023093153998241023,0.022947580850957428,2.449365154251891,0.7550452938487935,0.017737627396194566,0.01769319664200856,7.554103346009862,0.00013655263571576206,0.014770676078567396,0.0239365404144731,0.0013661865463841698,0.9999999999999722
0.8,40.0,0.15,0.15,1000469.6157410417,10.004696157410418,474.70774736669233,0.09447468078876443,2.124549675290442,0.2448517377350668,0.023121383149138426,0.02304953684884971,2.4496672396532864,0.7551405588427454,0.017758654763870438,0.0177716118110013,7.5549518473587725,7.703422154315852e-06,0.001529373073034555,0.002410100733076253,7.70703980261941e-05,0.9999999999999666
0.8,40.0,0.175,0.175,1000455.7976451692,10.004557976451691,473.5034462442899,0.09423690298485768,2.1299222525248047,0.24485523426856992,0.023123796004284804,0.023058087222288397,2.449668387077569,0.7551435228496493,0.017759775704267886,0.017778020211847687,7.55487715489129,1.2428817420365794e-06,0.0005160878772860086,0.0005602581142858139,1.2434482446078235e-05,0.9999999999999613
0.8,40.0,0.2,0.2,1000441.9875998466,10.004419875998465,473.2177977018248,0.09418173913403391,2.1311907875598823,0.24485722596420645,0.02312433824203975,0.02305837176357268,2.449654498218155,0.7551417662564991,0.017759450388530593,0.01777805363102559,7.554755295533108,1.007779250444168e-06,0.00047213218191962736,0.00047373957270918724,1.0082246763762472e-05,0.999999999999956
0.8,40.0,0.225,0.225,1000428.1790350734,10.004281790350733,473.1583464987125,0.09417142079056243,2.1314421436108453,0.24485919653228488,0.023124805629422266,0.023058269812346096,2.4496404010678496,0.755139803877386,0.01775906328527241,0.017777785754466303,7.554631389099557,9.995902801750197e-07,0.00047059692233666743,0.0004706528981862382,1.000018283776654e-05,0.999999999999951
0.8,40.0,0.25,0.25,1000414.3705453262,10.004143705453261,473.1472918379187,0.09417069518187335,2.1314758166182584,0.24486120749307902,0.023125274225530828,0.023058157879902834,2.449626707651572,0.7551377931857688,0.01775867304568637,0.017777506117267493,7.554507000449276,9.993210984806952e-07,0.00047054482300631396,0.00047054665128437936,9.997351877092288e-06,0.9999999999999463
0.8,40.0,0.275,0.275,1000400.5618627416,10.004005618627415,473.14543619386467,0.09417179419342155,2.131468364369202,0.24486326599020064,0.023125746647700157,0.023058049889611226,2.4496134887614267,0.7551357346853204,0.017758281702236874,0.017777224947758363,7.554382132618288,9.993244205668232e-07,0.00047054307708661023,0.00047054304217099784,9.997247118182087e-06,0.9999999999999416
0.8,40.0,0.3,0.3,1000386.7529407326,10.003867529407326,473.14515448030164,0.09417320678139057,2.131454147986118,0.24486537397086325,0.02312622297014328,0.02305794647854406,2.449600763743301,0.7551336266920721,0.01775788932686503,0.017776942556286583,7.554256768428414,9.99337001866879e-07,0.0004705430176290404,0.00047054291930481376,9.997234983911338e-06,0.9999999999999372
0.8,40.0,0.325,0.325,1000372.9437713057,10.003729437713057,473.1451176541331,0.09417466957069608,2.1314391427593757,0.24486752963905012,0.023126703183172583,0.023057847494706112,2.44958851459024,0.7551314710109858,0.017757495925105806,0.017776658998735286,7.554130925896162,9.993498970167066e-07,0.0004705430139508101,0.00047054291337562736,9.99722598336154e-06,0.9999999999999329
0.8,40.0,0.35,0.35,1000359.1343526224,10.003591343526224,473.1451157935235,0.09417614096088402,2.131424260280256,0.24486972784124988,0.023127187277515098,0.023057752458727994,2.44957668972435,0.7551292727958733,0.01775710149946496,0.017776374401161726,7.554004656584052,9.993628055470054e-07,0.0004705430120979469,0.0004705429113239965,9.997217110612106e-06,0.9999999999999286
0.8,40.0,0.375,0.375,1000345.3246838163,10.003453246838163,473.1451185778355,0.09417761494492123,2.1314095862499456,0.24487196088155258,0.023127675248210314,0.02305766065414519,2.449565212140195,0.755127039742655,0.017756706051225254,0.01777608895121467,7.553878037488953,9.993757170554053e-07,0.00047054301030688807,0.00047054290940206245,9.997208261589112e-06,0.9999999999999247
0.8,40.0,0.4,0.4,1000331.5147642465,10.003315147642466,473.1451219721491,0.09417909072705238,2.131395078562188,0.24487421964261116,0.023128167095302115,0.023057571232218136,2.4495539906180603,0.7551247809686789,0.017756309580356004,0.017775802871173956,7.553751159824185,9.99388630679851e-07,0.0004705430085206612,0.0004705429074868887,9.997199427661416e-06,0.9999999999999206
0.8,40.0,0.425,0.425,1000317.7045933979,10.00317704593398,473.1451254786659,0.09418056821469736,2.1313806779893896,0.24487649482695367,0.023128662823834596,0.023057483327488835,2.449542932141754,0.7551225057714174,0.01775591208551691,0.017775516387699846,7.553624116600792,9.994015458629736e-07,0.00047054300673745074,0.00047054290557433244,9.997190603247433e-06,0.9999999999999168
0.8,40.0,0.45,0.45,1000303.8941708549,10.00303894170855,473.14512904021876,0.0941820474045736,2.1313663300109678,0.24487877814888523,0.023129162443262793,0.023057396168715504,2.449531953821308,0.7551202224365657,0.01775551356421239,0.01777522970277828,7.553496990704591,9.994144621171096e-07,0.00047054300495720996,0.00047054290366412363,9.99718178346415e-06,0.9999999999999131
0.8,40.0,0.475,0.475,1000290.0834962758,10.002900834962759,473.1451326507758,0.09418352830503951,2.1313519932204357,0.244881063340927,0.023129665966373395,0.023057309172536785,2.4495209929595267,0.7551179372316035,0.017755114013074273,0.017774942969188964,7.553369844829363,9.994273790736578e-07,0.0004705430031799458,0.00047054290175614985,9.997172964620534e-06,0.9999999999999095
0.8,40.0,0.5,0.5,1000276.2725693589,10.00276272569359,473.1451363098755,0.09418501092642372,2.1313376443346668,0.24488334688070834,0.0231301734078548,0.023057222011110854,2.449510014321443,0.755115653678901,0.01775471342823632,0.01777465627278954,7.553242714207061,9.994402965256036e-07,0.00047054300140567204,0.00047054289985035743,9.997164144642456e-06,0.9999999999999059
0.8,40.0,0.525,0.525,1000262.4613898053,10.002624613898053,473.14514001762836,0.094186495279296,2.1313232808391778,0.24488562838794123,0.023130684782678722,0.023057134649043975,2.4494990141031128,0.7551133721587467,0.017754311805758066,0.01777436962284311,7.553115602638641,9.994532144508939e-07,0.0004705429996344008,0.0004705428979467486,9.997155323306042e-06,0.9999999999999024
0.8,40.0,0.55,0.55,1000248.6499572805,10.002486499572806,473.1451437741859,0.0941879813736064,2.1313089213678653,0.24488791068173588,0.02313120010446089,0.023057047348704833,2.4494880205026544,0.75511108985203,0.017753909142054214,0.017774082950625703,7.552988481922638,9.994661330158556e-07,0.0004705429978661435,0.0004705428960453836,9.997146502271334e-06,0.9999999999998989
0.8,40.0,0.575,0.575,1000234.8382713788,10.002348382713787,473.14514757967186,0.09418946921797236,2.131294603997964,0.24489019952283972,0.02313171938395544,0.02305696064621537,2.449477091139733,0.7551088009980031,0.017753505434288934,0.01777379611571393,7.552861294435326,9.994790525600393e-07,0.000470542996100909,0.0004705428941463744,9.997137684930219e-06,0.9999999999998954
0.8,40.0,0.6,0.6,1000221.026331595,10.00221026331595,473.1451514341627,0.0941909588190954,2.1312803827978737,0.24489250309156788,0.02313224262781352,0.023056875302845555,2.4494663078316132,0.7551064974163506,0.017753100680701014,0.017773508918714567,7.5527339583543815,9.994919735655274e-07,0.00047054299433870345,0.00047054289224987556,9.997128876099033e-06,0.999999999999892
0.8,40.0,0.625,0.625,1000207.2141373045,10.002072141373045,473.14515533767496,0.09419245018134587,2.131266323078764,0.24489483126959088,0.02313276983770212,0.023056792238158406,2.4494557694078276,0.7551041692254014,0.017752694880834675,0.01777322111877414,7.552606374844025,9.995048966146504e-07,0.0004705429925795274,0.00047054289035606785,9.99712008159534e-06,0.9999999999998889
0.8,40.0,0.65,0.65,1000193.4016877523,10.001934016877524,473.1451592901603,0.09419394330654499,2.1312524958591417,0.24489719480259028,0.02313330100984229,0.023056712452073542,2.449445583333909,0.755101805679473,0.017752288035660528,0.017772932453990867,7.552478436431163,9.995178223407213e-07,0.00047054299082337914,0.00047054288846514684,9.997111307745006e-06,0.9999999999998856
0.8,40.0,0.675,0.675,1000179.5889820555,10.001795889820556,473.14516329150337,0.09419543819395376,2.131238972059269,0.2448996044219744,0.023133836134986784,0.023056636943127165,2.4494358569263834,0.7550993960471568,0.01775188014758136,0.01777264266282305,7.552350035790437,9.995307513763206e-07,0.00047054298907025176,0.0004705428865773035,9.997102560864936e-06,0.9999999999998826
0.8,40.0,0.7,0.7,1000165.7760192123,10.001657760192122,473.1451673415278,0.09419693484046386,2.1312258169079596,0.24490206999865333,0.023134375198821607,0.023056566629722136,2.449426688889146,0.7550969304575419,0.01775147122032712,0.017772351504714422,7.552221074207926,9.995436843034699e-07,0.00047054298732013316,0.0004705428846927092,9.997093846764826e-06,0.9999999999998794
0.8,40.0,0.725,0.725,1000151.9627981227,10.001519627981226,473.1451714400052,0.09419843324096738,2.1312130849777544,0.24490459979181534,0.02313491818274457,0.023056502280225138,2.449418161800728,0.7550944006514396,0.017751061258750877,0.017772058778402523,7.552091469094095,9.995566216094004e-07,0.0004705429855730097,0.0004705428828115049,9.997085170305024e-06,0.9999999999998765
0.8,40.0,0.75,0.75,1000138.1493176152,10.001381493176153,473.1451755866681,0.09419993338887309,2.131200816176098,0.24490719984228454,0.02313546506494987,0.023056444456524026,2.4494103360482185,0.7550918005880256,0.017750650268544887,0.017771764336701877,7.551961160050136,9.9956956365081e-07,0.0004705429838288639,0.0004705428809337878,9.997076535039373e-06,0.9999999999998738
0.8,40.0,0.775,0.775,1000124.3355764791,10.00124335576479,473.14517978122626,0.09420143527672721,2.131189032919779,0.24490987354485783,0.023136015821729805,0.02305639347424496,2.449403245551705,0.7550891268725026,0.017750238255899553,0.017771468096923964,7.551830113143854,9.995825106286634e-07,0.0004705429820876775,0.0004705428790596064,9.997067942963609e-06,0.9999999999998711
0.8,40.0,0.8,0.8,1000110.5215734983,10.001105215734983,473.14518402338416,0.09420293889689185,2.1311777386163566,0.24491262141835607,0.02313657042889635,0.023056349381371168,2.449396895466448,0.7550863789860498,0.017749825227131207,0.017771170046477613,7.551698323207825,9.995954625746216e-07,0.00047054298034943066,0.0004705428771889551,9.99705939438007e-06,0.9999999999998685
0.8,40.0,0.825,0.825,1000096.7073074869,10.00096707307487,473.145188312857,0.09420444424223395,2.1311669174769263,0.24491544107709687,0.023137128863222223,0.023056311955606687,2.4493912618996543,0.7550835593143498,0.017749411188304632,0.017770870243560083,7.551565814122987,9.996084193493402e-07,0.00047054297861410616,0.00047054287532177763,9.997050887881168e-06,0.999999999999866
0.8,40.0,0.85,0.85,1000082.8927773222,10.000828927773222,473.1451926493906,0.09420595130677967,2.1311565355953634,0.24491832739399394,0.02313769110380657,0.02305628071957173,2.4493862935436876,0.755080672984489,0.017748996144875354,0.017770568813177807,7.551432637185751,9.996213806520354e-07,0.0004705429768816872,0.00047054287345796737,9.997042420445485e-06,0.9999999999998636
0.8,40.0,0.875,0.875,1000069.0779819723,10.000690779819722,473.1451970327732,0.09420746008629208,2.1311465431541974,0.24492127283413648,0.023138257133279987,0.023056254971860302,2.44938191501406,0.7550777275313789,0.01774858010137409,0.017770265939012663,7.55129886777029,9.996343460401009e-07,0.00047054297515216064,0.00047054287159737675,9.997033987634355e-06,0.9999999999998614
0.8,40.0,0.9,0.9,1000055.2629205197,10.000552629205197,473.14520146284923,0.09420897057874007,2.131136877559109,0.2449242679289114,0.02313882693877887,0.023056233831172945,2.4493780315926332,0.755074732423633,0.017748163061151512,0.017769961851863726,7.551164600585573,9.996473149569959e-07,0.0004705429734255152,0.0004705428697398242,9.997025583871101e-06,0.9999999999998593
0.8,40.0,0.925,0.925,1000041.4475921772,10.000414475921772,473.1452059395271,0.09421048278463186,2.131127467264104,0.24492730185467096,0.02313940051263611,0.023056216290173747,2.449374535015913,0.7550716984848996,0.017747745026197317,0.01776965681554204,7.55102994388723,9.996602867662998e-07,0.0004705429717017454,0.0004705428678851075,9.997017202781816e-06,0.9999999999998573
0.8,40.0,0.95,0.95,1000027.6319962954,10.000276319962953,473.1452104627839,0.09421199670719713,2.131118236027413,0.24493036307662625,0.023139977852755064,0.02305620127541213,2.4493713099151146,0.7550686372499685,0.017747325997042353,0.017769351111176883,7.550895013037558,9.996732607896114e-07,0.0004705429699808498,0.00047054286603301473,9.997008837574503e-06,0.9999999999998557
0.8,40.0,0.975,0.975,1000013.8161323633,10.000138161323633,473.14521503266553,0.09421351235241149,2.1311091073332746,0.24493344001789227,0.023140558962653157,0.023056187709579942,2.4493682405071975,0.7550655602957252,0.017746905972747095,0.017769045020910253,7.550759923814493,9.996862363459287e-07,0.0004705429682628302,0.00047054286418333525,9.99700048143292e-06,0.9999999999998539
0.8,40.0,1.0,1.0,1000000.0,10.0,473.14521964928423,0.09421502972886496,2.13110000872493,0.24493652171515645,0.023141143851180816,0.023056174572518965,2.449365217151565,0.7550624785854831,0.01774648495097529,0.01776873881191859,7.550624785854833,9.996992127902663e-07,0.00047054296654769573,0.00047054286233587595,9.996992127902664e-06,0.9999999999998523
0.811421,40.57105,0.0,0.0,1000558.4838552567,10.005584838552567,473.15,0.1,2.2626289669710036,0.23,0.014691504192266544,0.013353402671295254,2.301284512867091,0.71,0.011270735268332208,0.010305343365890902,7.103965235372323,0.06,1.928308445292422,1.9288862542566987,0.6003350903131541,1.0
0.811421,40.57105,0.025,0.025,1000542.7322099002,10.005427322099,498.6183738252677,0.10432022132811895,2.1279282970422155,0.2323254180977473,0.01668931135759763,0.014172390990246935,2.324515085853275,0.7169709609228727,0.012808134436322068,0.010934224147803798,7.173600841569287,0.05070362097937951,1.7013470351393105,1.7713339810386999,0.5073113946764359,0.9999999999999996
0.811421,40.57105,0.05,0.05,1000526.9147609887,10.005269147609887,519.1481885880601,0.1061523488583128,1.999965819811426,0.23777372664735769,0.01956782850020656,0.01664874463616788,2.378990131337035,0.7335358804540745,0.01502489804876095,0.012840413160175122,7.339223913372007,0.02869039289856639,1.130665261672103,1.2892319898069737,0.28705510290083214,0.9999999999999986
0.811421,40.57105,0.075,0.075,1000511.824781076,10.00511824781076,510.33222777389625,0.10240320649984902,1.9946861479414366,0.24261596104345245,0.021872695598751494,0.020089610756165027,2.4274013790459907,0.7483191393720322,0.016800283983236325,0.015490984359310195,7.487021476517164,0.009064899584512412,0.4703636419998712,0.6065521003742445,0.09069539224757732,0.9999999999999971
0.811421,40.57105,0.1,0.1,1000497.4622864143,10.004974622864143,491.1079131055049,0.09786853531261953,2.056938341994876,0.24446346521204798,0.02285915595470845,0.022270457056937466,2.4458507656639714,0.7539651977115145,0.01755987383960739,0.01717143044615581,7.54340266962645,0.0015713370764324753,0.11292734838544846,0.16423187801375738,0.01572118757367245,0.9999999999999949
0.811421,40.57105,0.125,0.125,1000483.4736444497,10.004834736444497,479.2862631807915,0.09539380993964212,2.1045772844535695,0.24481550983964417,0.02308894743211527,0.022939806103682108,2.449338716864042,0.7550361152409645,0.017736292419595755,0.017687178087950877,7.554011553032913,0.00014837491938376034,0.015849073128733144,0.02557214932484392,0.001484466547467798,0.9999999999999925
0.811421,40.57105,0.15,0.15,1000469.6175582975,10.004696175582975,474.81384481611076,0.09449603286957378,2.1240780656263683,0.24485179007579774,0.023119349269782385,0.023048709215027045,2.4496677677559795,0.7551397775802569,0.017759010256554172,0.017770951505765534,7.554944044787775,8.432343934874855e-06,0.0016342383690809317,0.002590783953427462,8.436303911644277e-05,0.9999999999999895
0.811421,40.57105,0.175,0.175,1000455.7985643088,10.004557985643087,473.5326362109436,0.09424294519870541,2.1297923600776074,0.24485543002540622,0.02312194607154896,0.023058058882285896,2.44967034778875,0.7551432990013864,0.017760288664933045,0.017777978878323126,7.554874922329186,1.2709731936614434e-06,0.0005214027104557575,0.000570364570123249,1.2715525014183893e-05,0.9999999999999863
0.811421,40.57105,0.2,0.2,1000441.9882693033,10.004419882693034,473.22470779527174,0.0941833591351855,2.131160802936729,0.24485739691602446,0.023122481669531698,0.023058385942786197,2.4496562101311348,0.7551415942958685,0.01775997394145302,0.017778048102725583,7.554753580222104,1.0087880898167296e-06,0.0004723263218131312,0.000474118885549398,1.0092339623186417e-05,0.9999999999999828
0.811421,40.57105,0.225,0.225,1000428.1796153259,10.00428179615326,473.15977492732577,0.09417194978134696,2.1314365692657367,0.24485932645296124,0.02312293300791136,0.02305828185654,2.4496417022517085,0.755139673921077,0.01775959022512047,0.017777782548210268,7.554630093361738,9.996259406917057e-07,0.0004706036965853181,0.0004706663266818173,1.000053960142461e-05,0.9999999999999789
0.811421,40.57105,0.25,0.25,1000414.3710721737,10.004143710721737,473.1475405240138,0.09417098571735096,2.1314751807699333,0.24486128060025988,0.02312338517767494,0.023058164694221492,2.4496274403163607,0.7551377200773963,0.017759203122051606,0.01777750434213102,7.554506273041037,9.993223187118725e-07,0.0004705450453628762,0.00047054710945769414,9.997364089725243e-06,0.9999999999999749
0.811421,40.57105,0.275,0.275,1000400.5623445275,10.004005623445275,473.14545895707624,0.09417203526671873,2.131468248314489,0.24486326379156537,0.023123841131994914,0.02305804969538956,2.449613467945984,0.7551357368839718,0.017758814913934134,0.01777722500940034,7.554382158251745,9.993244335235976e-07,0.0004705430735938696,0.0004705430472679108,9.997247252616333e-06,0.9999999999999708
0.811421,40.57105,0.3,0.3,1000386.7533805991,10.003867533805991,473.14513814157465,0.09417343539132932,2.131453590978637,0.24486527844185332,0.023124300965544194,0.023057937596289494,2.44959980916082,0.7551337222211453,0.017758425679033355,0.017776944892539816,7.554257727410187,9.993369678544484e-07,0.0004705430064370562,0.00047054290876385167,9.997234648051238e-06,0.9999999999999665
0.811421,40.57105,0.325,0.325,1000372.9441716189,10.003729441716189,473.14509500657874,0.09417489219532886,2.131437902725037,0.24486732650545565,0.023124764676308522,0.023057828595999807,2.4495864834769576,0.7551316741446512,0.017758035421271235,0.017776663957502124,7.554132961013284,9.993498552635545e-07,0.00047054300248596133,0.0004705429022894163,9.997225569674832e-06,0.9999999999999621
0.811421,40.57105,0.35,0.35,1000359.1347156957,10.003591347156958,473.1450920541779,0.09417635861521143,2.131422261550968,0.24486940920841954,0.023125232259153156,0.02305772280906355,2.4495735031407824,0.7551295914287813,0.017757644142082744,0.0177763821748621,7.554007846799125,9.993627569516918e-07,0.00047054300060989253,0.00047054290020668595,9.997216628112868e-06,0.9999999999999578
0.811421,40.57105,0.375,0.375,1000345.3250119436,10.003453250119437,473.1450945058045,0.09417782776043807,2.131406825970464,0.2448715268309319,0.02312570370928452,0.02305762026143356,2.4495608709385945,0.7551274737933598,0.0177572518427074,0.017776099537824584,7.553882381972665,9.99375661666557e-07,0.00047054299880391225,0.0004705428982709616,9.997207710788581e-06,0.9999999999999534
0.811421,40.57105,0.4,0.4,1000331.5150596213,10.003315150596213,473.14509766912045,0.09417929870294288,2.1313916121838328,0.24487367862771747,0.023126179022751537,0.02305752088360038,2.4495485793988743,0.7551253219836626,0.01775685852416094,0.017775816064580244,7.553756573998015,9.993885689945937e-07,0.0004705429970030251,0.0004705428963427197,9.997198813556288e-06,0.999999999999949
0.811421,40.57105,0.425,0.425,1000317.7048580248,10.003177048580248,473.1451009570639,0.09418077132862752,2.131376611533725,0.24487586289075106,0.02312665819682269,0.02305742451645134,2.449536611420045,0.7551231377077147,0.017756464187139703,0.017775531796787744,7.553630439969715,9.994014788238988e-07,0.0004705429952051461,0.0004705428944173947,9.997189935288384e-06,0.9999999999999445
0.811421,40.57105,0.45,0.45,1000303.8944064816,10.003038944064816,473.14510430113035,0.09418224562674272,2.131361807909066,0.24487807713772441,0.023127141230275417,0.023057330928817992,2.4495249421563656,0.7551209234478248,0.017756068831944805,0.017775246794978296,7.553504004726778,9.994143910086166e-07,0.00047054299341021147,0.00047054289249479807,9.997181074518014e-06,0.9999999999999403
0.811421,40.57105,0.475,0.475,1000290.0837043542,10.002900837043542,473.1451076938216,0.09418372159933039,2.1313471816835694,0.2448803183959866,0.023127628123555195,0.02305723984390775,2.4495135418587037,0.7551186821766439,0.01775567245844053,0.017774961131633127,7.553377298011969,9.994273053743616e-07,0.0004705429916182184,0.0004705428905748699,9.997172229493375e-06,0.9999999999999358
0.811421,40.57105,0.5,0.5,1000276.272751042,10.00276272751042,473.1451111343764,0.09418519925050763,2.1313327122155568,0.24488258354369452,0.023128118878777634,0.02305715097105785,2.4495023792873245,0.7551164170160153,0.01775527506605376,0.017774674882866787,7.553250351059012,9.99440221737952e-07,0.00047054298982917057,0.0004705428886575563,9.997163398375137e-06,0.9999999999999315
0.811421,40.57105,0.525,0.525,1000262.4615459783,10.002624615459784,473.1451146227494,0.09418667858522828,2.1313183802385747,0.24488486966735487,0.02312861349956472,0.02305706403901237,2.4494914252883446,0.7551141308794325,0.017754876653816868,0.01777438811971162,7.553123193016133,9.9945313992844e-07,0.0004705429880430712,0.0004705428867428064,9.997154579446788e-06,0.9999999999999273
0.811421,40.57105,0.55,0.55,1000248.6500886241,10.00248650088624,473.14511815898163,0.09418815960903336,2.1313041700800923,0.2448871743970599,0.023129111990725475,0.02305697882712053,2.449480656146766,0.7551118261368033,0.01775447722045134,0.01777410089994655,7.5529958475929355,9.994660598068539e-07,0.0004705429862599248,0.0004705428848305805,9.997145771312018e-06,0.999999999999923
0.811421,40.57105,0.575,0.575,1000234.8383784576,10.002348383784575,473.1451217431321,0.09418964232784566,2.131290071512166,0.24488949618646066,0.023129614357806944,0.023056895191389346,2.449470056386464,0.755109504334477,0.017754076764485403,0.01777381326127349,7.5528683302603286,9.994789812826886e-07,0.0004705429844797362,0.00047054288292085384,9.997136973059557e-06,0.9999999999999188
0.811421,40.57105,0.6,0.6,1000221.0264149627,10.002210264149626,473.1451253752661,0.09419112674772716,2.13127608107271,0.24489183451270882,0.02313012060655381,0.02305681308308604,2.4494596207694483,0.7551071659953018,0.017753675284395518,0.017773525216445072,7.552740646251144,9.994919043256892e-07,0.00047054298270251074,0.0004705428810136213,9.997128184380868e-06,0.999999999999915
0.811421,40.57105,0.625,0.625,1000207.214197614,10.00207214197614,473.1451290554459,0.09419261287461106,2.131262202756525,0.24489418998107082,0.023130630742322217,0.02305673255846737,2.4494493553414807,0.755104810514011,0.017753272778759946,0.01777323675071616,7.552612789514362,9.995048289720123e-07,0.00047054298092825194,0.00047054287910889615,9.997119405631591e-06,0.9999999999999108
0.811421,40.57105,0.65,0.65,1000193.4017258647,10.001934017258648,473.14513278372397,0.09419410071403157,2.1312484480392864,0.2448965643286353,0.02313114476949683,0.02305665377911751,2.449439277468348,0.7551024361535164,0.017752869246411417,0.017772947821755203,7.552484742678731,9.995177553244687e-07,0.00047054297915696456,0.0004705428772067142,9.997110637833809e-06,0.999999999999907
0.811421,40.57105,0.675,0.675,1000179.5889991339,10.001795889991339,473.14513656013537,0.09419559027087461,2.1312348352577772,0.2448989603306227,0.023131662690958326,0.02305657700322188,2.4494294148979745,0.7551000401385968,0.017752464686576538,0.01777265836192946,7.552356477990513,9.995306835470075e-07,0.00047054297738865114,0.00047054287530712795,9.997101882620693e-06,0.999999999999903
0.811421,40.57105,0.7,0.7,1000165.7760167959,10.001657760167959,473.14514038469247,0.0941970815491699,2.131221388421206,0.24490138162061612,0.023132184507643285,0.02305650256883119,2.4494198039616903,0.7550976188356693,0.017752059098991177,0.017772368282688092,7.552227959112121,9.99543613854147e-07,0.0004705429756233115,0.0004705428734102036,9.997093142130657e-06,0.9999999999998993
0.811421,40.57105,0.725,0.725,1000151.9627781732,10.001519627781732,473.14514425738093,0.09419857455194092,2.1312081355686923,0.2449038324421114,0.023132710218230067,0.023056430870735434,2.449410487088746,0.7550951680012378,0.01775165248398264,0.01777207748061894,7.552099143607524,9.995565464963556e-07,0.00047054297386094567,0.000470542871516019,9.997084418861025e-06,0.9999999999998958
0.811421,40.57105,0.75,0.75,1000138.1492825334,10.001381492825335,473.1451481781568,0.09420006928112434,2.131195106815204,0.24490631735291118,0.023133239818973878,0.02305636233295153,2.449401509849414,0.7550926830774991,0.01775124484251295,0.017771785844654137,7.551969985899127,9.995694817426495e-07,0.00047054297210155036,0.00047054286962465474,9.997075715493946e-06,0.999999999999892
0.811421,40.57105,0.775,0.775,1000124.3355290894,10.001243355290894,473.14515214694705,0.09420156573756513,2.131182332242229,0.24490884090600226,0.02313377330370233,0.023056297379024867,2.44939291776315,0.7550901595114664,0.017750836176179938,0.01777149326384834,7.551840440459596,9.995824198618115e-07,0.00047054297034512105,0.00047054286773619096,9.997067034708536e-06,0.9999999999998885
0.811421,40.57105,0.8,0.8,1000110.5215170025,10.001105215170025,473.14515616365105,0.09420306392108703,2.131169839790803,0.24491140733076333,0.023134310663971588,0.023056236402363855,2.4493847531103277,0.7550875930737608,0.017750426487176417,0.01777119963514838,7.551710465000172,9.99595361103613e-07,0.0004705429685916503,0.00047054286585069904,9.99705837899311e-06,0.9999999999998853
0.811421,40.57105,0.825,0.825,1000096.7072453913,10.000967072453914,473.1451602281428,0.09420456383063398,2.13115765330473,0.2449140202368696,0.023134851889371554,0.023056179738689123,2.449377051971245,0.7550849801547067,0.017750015778210233,0.01777090487060916,7.551580023431739,9.996083056813854e-07,0.00047054296684113104,0.00047054286396823995,9.997049750470981e-06,0.999999999999882
0.811421,40.57105,0.85,0.85,1000082.8927133417,10.000828927133417,473.14516434027894,0.09420606546447308,2.1311457908528095,0.24491668236039368,0.023135396967959423,0.023056127642411287,2.449369841687372,0.7550823180182314,0.017749604052390684,0.017770608903580603,7.551449088403684,9.996212537570578e-07,0.0004705429650935534,0.0004705428620888563,9.99704115075096e-06,0.9999999999998789
0.811421,40.57105,0.875,0.875,1000069.0779199201,10.000690779199202,473.1451684999027,0.09420756882044445,2.1311342634331543,0.24491939536769236,0.02313594588679268,0.02305608026838782,2.4493631389007247,0.7550796049979781,0.017749191313088993,0.01777031169348585,7.551317643264655,9.996342054296073e-07,0.0004705429633489078,0.00047054286021257127,9.997032580811993e-06,0.9999999999998759
0.811421,40.57105,0.9,0.9,1000055.2628641869,10.000552628641868,473.14517270685246,0.09420907389624358,2.1311230741322325,0.2449221597280894,0.023136498632527615,0.023056037660082917,2.449356948281388,0.7550768406246229,0.0177487775637815,0.017770013228922563,7.551185683335171,9.996471607275398e-07,0.0004705429616071825,0.00047054285833938455,9.99702404092818e-06,0.999999999999873
0.811421,40.57105,0.925,0.925,1000041.4475452132,10.000414475452132,473.1451769609693,0.09421058068971704,2.1311122177790653,0.24492497466146637,0.023137055192045824,0.023055999744698442,2.4493512620042748,0.7550740256782844,0.017748362807885575,0.017769713528938334,7.551053216431029,9.99660119605807e-07,0.00047054295986836785,0.0004705428564692746,9.997015530638124e-06,0.9999999999998703
0.811421,40.57105,0.95,0.95,1000027.6319620939,10.000276319620939,473.1451812621042,0.09421208919915444,2.1311016811026193,0.24492783816199373,0.02313761555307088,0.02305596633539001,2.449346059987336,0.7550711621647921,0.017747947048598167,0.01776941264245056,7.550920262625233,9.99673081947182e-07,0.0004705429581324543,0.0004705428546021977,9.997007048758888e-06,0.9999999999998678
0.811421,40.57105,0.975,0.975,1000013.8161139621,10.00013816113962,473.14518561012505,0.09421359942355895,2.1310914433702406,0.24493074709465298,0.023138179704738766,0.023055937140255924,2.449341310857677,0.7550682532191648,0.017747530288746337,0.017769110645892393,7.550786853282005,9.996860475679284e-07,0.0004705429563994325,0.00047054285273808913,9.99699859344288e-06,0.9999999999998654
0.811421,40.57105,1.0,1.0,1000000.0,10.0,473.1451900049237,0.09421511136288102,2.1310814774582316,0.24493369735715878,0.023138747638089263,0.02305591177741045,2.449336973571588,0.7550653029436881,0.01774711253065858,0.01776880763926515,7.550653029436881,9.99699016227334e-07,0.00047054295466929735,0.00047054285087687065,9.99699016227334e-06,0.9999999999998631
0.855369,42.76845,0.0,0.0,1000558.8303366549,10.00558830336655,473.15,0.1,2.262629750492268,0.23,0.014552276347826062,0.013353405711258733,2.3012853097743062,0.71,0.011170287416897384,0.010305345711949673,7.10396769539025,0.06,1.9285140293818217,1.928886559786482,0.6003352982019929,1.0
0.855369,42.76845,0.025,0.025,1000543.0861218597,10.005430861218597,497.4122057750394,0.10419715055994981,2.135450456986552,0.23204353734546773,0.016421697198856586,0.014066517873729131,2.321695569702673,0.7161146799946825,0.01260874530779928,0.010852747787140394,7.165035919390476,0.051841782659849754,1.730217882690337,1.7917768118382544,0.5186993721254479,0.9999999999999999
0.855369,42.76845,0.05,0.05,1000527.1889608792,10.005271889608792,519.8621448418851,0.10654359985197287,2.00181968982725,0.23720479397400893,0.01924764340593655,0.016341429820226575,2.373298457228597,0.7317961806940931,0.01478492580333069,0.01260366172324567,7.321819755621687,0.030999025331898054,1.1986743292868067,1.3494886857303683,0.31015367675851047,1.0000000000000002
0.855369,42.76845,0.075,0.075,1000511.9731801396,10.005119731801395,513.4591145314839,0.10317232499505206,1.9855263657878923,0.2422532584896752,0.021669438821265208,0.019753523266001546,2.4237728566082333,0.7472048922018448,0.01665038680289394,0.015231920217090068,7.475874410667213,0.01054184930848031,0.5316104451061702,0.6739597030522436,0.10547246452595326,1.0000000000000002
0.855369,42.76845,0.1,0.1,1000497.5228897037,10.004975228897038,493.81913658718537,0.09844506222737269,2.0464966356631034,0.24436562515552546,0.022789918955016943,0.02211678804603781,2.444872026474971,0.7536609213058814,0.017513297910504717,0.017052888314892007,7.540358848653063,0.0019734535385937746,0.13708608898991137,0.1957898924808471,0.01974435376900992,1.0000000000000007
0.855369,42.76845,0.125,0.125,1000483.494734552,10.00483494734552,480.6010983630442,0.09566033585267192,2.098942475614332,0.24480319799986558,0.02307168246473276,0.022905702906049197,2.4492155905710002,0.7549944226350614,0.01772983047120955,0.017660796592833275,7.553594584630217,0.0002023793650739608,0.020630984365501315,0.032733130238074296,0.0020247721443135604,1.000000000000001
0.855369,42.76845,0.15,0.15,1000469.625068244,10.00469625068244,475.2728874946011,0.09458824563366394,2.122039415579404,0.2448517024215472,0.023111804222381994,0.023044840960624625,2.449666909190066,0.7551363261559529,0.017760098342320188,0.01776789416588809,7.554909571046576,1.1971422501143733e-05,0.002127156249695273,0.0034285968108099876,0.00011977044581252812,1.0000000000000013
0.855369,42.76845,0.175,0.175,1000455.8021101148,10.004558021101149,473.66304246767737,0.09426970199966347,2.1292102142103957,0.24485598676194745,0.023115290128681,0.023057882341034612,2.449675926373878,0.7551426027236491,0.017762119660549875,0.01777778594937188,7.554867983154082,1.4105144050353987e-06,0.0005477232233499629,0.0006199278327898347,1.4111573204775612e-05,1.0000000000000016
0.855369,42.76845,0.2,0.2,1000441.9907186109,10.00441990718611,473.2565907346437,0.09419056299063658,2.131019893466752,0.24485779643177122,0.02311581417264551,0.023058414446364223,2.449660213051736,0.7551411897348341,0.01776185367214944,0.01777803154746418,7.554749551319378,1.0138333964418697e-06,0.0004733025753470381,0.000476014739416322,1.014281501393315e-05,1.0000000000000018
0.855369,42.76845,0.225,0.225,1000428.1817008099,10.0042818170081,473.1666026389912,0.09417417145408255,2.131407209248726,0.24485953687578774,0.023116207209729473,0.023058301177163197,2.4496438124874675,0.7551394633187885,0.017761482819173065,0.017777777208652153,7.554628002185408,9.99805425758332e-07,0.0004706380219087628,0.00047073392252138375,1.0002335241460121e-05,1.000000000000002
0.855369,42.76845,0.25,0.25,1000414.3729610614,10.004143729610615,473.1487942820766,0.09417208608909154,2.131469654699674,0.24486129843400278,0.023116599210771867,0.023058166384452194,2.4496276233528422,0.7551377022374817,0.017761107305658056,0.01777750393051378,7.55450610883167,9.99328517514782e-07,0.00047054619441865307,0.0004705494445455831,9.997426122316577e-06,1.000000000000002
0.855369,42.76845,0.275,0.275,1000400.5640743789,10.00400564074379,473.14560928628475,0.09417290015845825,2.1314663852149978,0.2448630838577228,0.023116994779637696,0.023058032984264346,2.4496116721225785,0.755135916817751,0.017760730682510082,0.017777229424774763,7.5543839713730145,9.993245279846032e-07,0.0004705430707949903,0.0004705430874365441,9.997248214891596e-06,1.0000000000000018
0.855369,42.76845,0.3,0.3,1000386.7549627904,10.003867549627904,473.1450912355489,0.09417424426685911,2.131451256778935,0.24486489289488664,0.02311739407302205,0.023057901744061086,2.449595956074269,0.7551341077682763,0.017760353071141613,0.017776954318217155,7.554261596320281,9.99336838653014e-07,0.0004705429641008328,0.0004705428691935999,9.997233371348624e-06,1.0000000000000016
0.855369,42.76845,0.325,0.325,1000372.9456128906,10.003729456128907,473.14501547834845,0.09417567755879094,2.131434290147422,0.24486672539743845,0.023117797096367344,0.02305777267701663,2.4495804736841835,0.7551322752528565,0.017759974475553116,0.017776678635692718,7.554138985220643,9.993497061347763e-07,0.0004705429587591251,0.00047054285994063114,9.99722409223423e-06,1.000000000000001
0.855369,42.76845,0.35,0.35,1000359.1360221563,10.003591360221563,473.14500700166656,0.09417712572082552,2.1314171755917704,0.24486858149944282,0.023118203850575062,0.023057645796400073,2.4495652262775365,0.7551304191379633,0.017759594895665965,0.017776402374644684,7.554016136729018,9.993625942521975e-07,0.00047054295678447403,0.00047054285772029616,9.99721501358989e-06,1.0000000000000004
0.855369,42.76845,0.375,0.375,1000345.3261897352,10.003453261897352,473.1450080070225,0.09417857730258014,2.131400176421319,0.24487046164603604,0.023118614336695695,0.023057521143569994,2.4495502182953497,0.7551285389784785,0.017759214331191625,0.01777612552425557,7.553893046396042,9.993754849880448e-07,0.0004705429549230461,0.00047054285573624793,9.997205955163905e-06,0.9999999999999996
0.855369,42.76845,0.4,0.4,1000331.516115004,10.00331516115004,473.1450102882865,0.09418003068149348,2.1313833344373965,0.24487236656966038,0.02311902855585154,0.023057398786598574,2.4495354570529737,0.7551266340419603,0.017758832781817706,0.01777584806668485,7.55376970690014,9.993883777858325e-07,0.0004705429530680365,0.000470542853762433,9.997196911382161e-06,0.9999999999999986
0.855369,42.76845,0.425,0.425,1000317.7057973584,10.003177057973584,473.14501276536896,0.09418148564701302,2.1313666607964974,0.24487429722317552,0.023119446509038646,0.023057278814068948,2.449520952070274,0.755124703375549,0.017758450247264877,0.017775569978719385,7.5536461087154,9.994012726825083e-07,0.0004705429512159795,0.0004705428517914342,9.99718788260727e-06,0.9999999999999972
0.855369,42.76845,0.45,0.45,1000303.8952361847,10.003038952361846,473.14501530575757,0.09418294217612849,2.1313501631927627,0.2448762546814693,0.023119868196979147,0.023057161325916883,2.4495067140872178,0.7551227459043568,0.017758066727325533,0.017775291234172538,7.553522241095719,9.994141697413175e-07,0.00047054294936676766,0.0004705428498230333,9.997178869464775e-06,0.9999999999999959
0.855369,42.76845,0.475,0.475,1000290.0844308562,10.002900844308561,473.14501789421473,0.09418440026881877,2.131333848835221,0.24487824002602568,0.023120293620039093,0.02305704642268652,2.449492753909127,0.7551207605468996,0.01775768222188534,0.017775011806698087,7.553398093229506,9.99427069026515e-07,0.0004705429475203966,0.0004705428478572413,9.99716987259016e-06,0.9999999999999942
0.855369,42.76845,0.5,0.5,1000276.2733807333,10.002762733807334,473.14502052907795,0.09418585992752528,2.131317724139523,0.24488025422762275,0.023120722778214583,0.023056934194613025,2.4494790812333305,0.7551187463323992,0.01775729673092693,0.017774731672649566,7.553273655413036,9.994399705958795e-07,0.00047054294567686853,0.0004705428458940778,9.99716089255396e-06,0.9999999999999925
0.855369,42.76845,0.525,0.525,1000262.4620851672,10.002624620851671,473.14502321015993,0.09418732115480384,2.1313017940873284,0.2448822980411657,0.023121155671180046,0.02305682471183553,2.4494657035973013,0.7551167025059504,0.017756910254517144,0.017774450813643712,7.553148920102347,9.99452874494485e-07,0.0004705429438361831,0.0004705428439335563,9.99715192979951e-06,0.9999999999999906
0.855369,42.76845,0.55,0.55,1000248.6505435035,10.002486505435035,473.1450259374259,0.09418878395313204,2.1312860616929408,0.2448843719240812,0.023121592298386777,0.023056718016803604,2.4494526255625564,0.7551146286101267,0.01775652279278133,0.017774169218549237,7.55302388272938,9.99465780749899e-07,0.00047054294199834094,0.0004705428419756862,9.997142984594955e-06,0.9999999999999887
0.855369,42.76845,0.575,0.575,1000234.8387550855,10.002348387550855,473.1450287108571,0.09419024832496364,2.1312705276729527,0.24488647598622426,0.023122032659195182,0.023056614119617187,2.4494398482138213,0.7551125245350727,0.017756134345868677,0.01777388688470748,7.55289854220284,9.994786893692297e-07,0.000470542940163342,0.0004705428400204692,9.997134057003758e-06,0.9999999999999863
0.855369,42.76845,0.6,0.6,1000221.0267192592,10.002210267192591,473.14503153044035,0.0941917142728117,2.1312551903506667,0.24488860997538645,0.02312247675302244,0.023056512996680087,2.449427369014333,0.7551103905329972,0.017755744913913494,0.017773603818285088,7.552772901052953,9.994916003382697e-07,0.0004705429383311866,0.0004705428380679011,9.997125146876195e-06,0.999999999999984
0.855369,42.76845,0.625,0.625,1000207.2144353774,10.002072144353773,473.1450343961665,0.09419318179932902,2.1312400457975857,0.24489077329867417,0.023122924579486292,0.023056414592691796,2.449415182019924,0.7551082271967936,0.01775535449699762,0.017773320033752413,7.552646965217411,9.995045136227472e-07,0.00047054293650187367,0.00047054283611797044,9.997116253861947e-06,0.9999999999999813
0.855369,42.76845,0.65,0.65,1000193.4019028025,10.001934019028026,473.14503730803335,0.09419465090737696,2.1312250881911554,0.2448929650766091,0.023123376138528304,0.023056318825684444,2.449403278420379,0.7551060354059405,0.017754963095118113,0.017773035552564386,7.552520743500056,9.995174291715135e-07,0.0004705429346754046,0.0004705428341706621,9.997107377441998e-06,0.9999999999999787
0.855369,42.76845,0.675,0.675,1000179.5891209097,10.001795891209097,473.14504026604436,0.09419612160007448,2.1312103103496565,0.2448951842240326,0.023123831430501996,0.023056225594553677,2.449391647348824,0.7551038162455964,0.017754570708164115,0.017772750401188146,7.552394246761516,9.995303469213005e-07,0.00047054293285177977,0.00047054283222595656,9.997098516976269e-06,0.999999999999976
0.855369,42.76845,0.7,0.7,1000165.7760890878,10.001657760890879,473.14504327021064,0.09419759388082474,2.131195704392077,0.24489742954992672,0.023124290456216032,0.023056134788349357,2.4493802768802517,0.7551015709067795,0.01775417733590564,0.01777246460866973,7.552267486920686,9.995432668025925e-07,0.00047054293103099894,0.00047054283028383177,9.99708967176237e-06,0.9999999999999731
0.855369,42.76845,0.725,0.725,1000151.962806739,10.00151962806739,473.14504632054974,0.09419906775331492,2.1311812624634987,0.24489969986715626,0.023124753216926613,0.023056046296488705,2.4493691551291765,0.755099300576625,0.01775378297799548,0.01777217820395921,7.552140475857073,9.995561887460971e-07,0.00047054292921306436,0.00047054282834426786,9.997080841100323e-06,0.99999999999997
0.855369,42.76845,0.75,0.75,1000138.1492732781,10.001381492732781,473.1450494170844,0.09420054322149025,2.1311669774647335,0.24490199410286131,0.023125219714278326,0.02305596001902925,2.44935827135371,0.7550970063279928,0.017753387633984756,0.017771891213220092,7.552013224306715,9.995691126892327e-07,0.00047054292739797673,0.00047054282640724565,9.997072024357421e-06,0.9999999999999668
0.855369,42.76845,0.775,0.775,1000124.3354881287,10.001243354881288,473.1450525598424,0.09420202028950368,2.131152843728121,0.2449043114007147,0.023125689950196822,0.023055875876183796,2.449347616978175,0.7550946890172103,0.017752991303350955,0.017771603657337248,7.551885740839528,9.995820385821609e-07,0.00047054292558573816,0.00047054282447275115,9.99706322102853e-06,0.9999999999999636
0.855369,42.76845,0.8,0.8,1000110.521450721,10.00110521450721,473.14505574885266,0.09420349896164419,2.131138857588783,0.2449066512073691,0.02312616392674079,0.023055793816363454,2.4493371864575177,0.7550923491976247,0.017752593985536785,0.017771315549810304,7.551758030994863,9.995949663928682e-07,0.0004705429237763491,0.0004705428225407743,9.997054430786873e-06,0.9999999999999601
0.855369,42.76845,0.825,0.825,1000096.7071604857,10.000967071604856,473.1450589841437,0.09420497924224991,2.1311250178110925,0.24490901333700435,0.023126641645923506,0.02305571382218213,2.4493269779226154,0.7550899870550564,0.017752195679996852,0.017771026895180998,7.551630096636156,9.996078961109818e-07,0.0004705429219698124,0.0004705428206113139,9.997045653522139e-06,0.9999999999999568
0.855369,42.76845,0.85,0.85,1000082.8926168509,10.00082892616851,473.14506226574184,0.09420646113561178,2.131111325842611,0.2449113980097766,0.02312712310951658,0.023055635914032,2.4493169935645422,0.7550876023693489,0.017751796386249064,0.017770737688096623,7.551501935566611,9.99620827750029e-07,0.0004705429201661291,0.00047054281868437497,9.997036889363002e-06,0.9999999999999533
0.855369,42.76845,0.875,0.875,1000069.077819236,10.000690778192359,473.145065593667,0.09420794464587363,2.131097785881247,0.2449138058620067,0.02312760831884941,0.023055560151029015,2.4493072397361644,0.7550851945041817,0.017751396103927182,0.017770447913062336,7.551373541427553,9.996337613480423e-07,0.00047054291836530075,0.0004705428167599701,9.997028138683111e-06,0.9999999999999497
0.855369,42.76845,0.9,0.9,1000055.2627670468,10.000552627670467,473.145068967932,0.0942094297769368,2.1310844047547235,0.2449162379279713,0.023128097274618325,0.023055486629315832,2.449297726769739,0.7550827624252777,0.017750994832830807,0.017770157544885506,7.551244903880787,9.996466969664901e-07,0.0004705429165673265,0.0004705428148381174,9.997019402090338e-06,0.999999999999946
0.855369,42.76845,0.925,0.925,1000041.4474596722,10.000414474596722,473.1450723885389,0.09421091653237453,2.131071191623929,0.24491869559504367,0.02312858997671792,0.02305541547788525,2.449288468528023,0.755080304745264,0.017750592572969494,0.017769866549769597,7.551116009057443,9.99659634687647e-07,0.00047054291477220716,0.00047054281291884304,9.997010680400418e-06,0.9999999999999424
0.855369,42.76845,0.95,0.95,1000027.6318964803,10.000276318964803,473.1450758554779,0.09421240491536202,2.1310581575325487,0.24492118053556838,0.023129086424106306,0.02305534685223899,2.4492794817227477,0.7550778197917956,0.017750189324598164,0.017769574886974827,7.550986840239467,9.99672574610578e-07,0.00047054291297994193,0.0004705428110021767,9.99700197459674e-06,0.9999999999999386
0.855369,42.76845,0.975,0.975,1000013.8160768158,10.000138160768158,473.14507936872604,0.09421389492862732,2.1310453148339796,0.24492369462016503,0.023129586614712972,0.02305528092631905,2.44927078504744,0.7550753056942529,0.017749785088241134,0.01776928251093143,7.550857378726782,9.996855168460393e-07,0.0004705429111905284,0.00047054280908815087,9.996993285779316e-06,0.9999999999999347
0.855369,42.76845,1.0,1.0,1000000.0,10.0,473.1450829282471,0.09421538657442506,2.1310326765328043,0.24492623981809225,0.023130090545395592,0.023055217883235724,2.449262398180923,0.7550727604833772,0.01774937986470345,0.017768989373667957,7.5507276048337735,9.996984615106204e-07,0.0004705429094039658,0.0004705428071768013,9.996984615106206e-06,0.9999999999999309
0.916718,45.8359,0.0,0.0,1000559.3141312351,10.005593141312351,473.15,0.1,2.262630844528897,0.23,0.014381808204845753,0.013353409955981546,2.301286422501841,0.71,0.011047300846805263,0.01030534898776837,7.10397113033177,0.06,1.9286849212574457,1.9288869863998557,0.600335588478741,1.0
0.916718,45.8359,0.025,0.025,1000543.5873463601,10.0054358734636,495.68848241886724,0.10399243663445755,2.1457423808142426,0.231701981053939,0.016077352634931683,0.013940638663793452,2.318279313189665,0.7150788573920831,0.012351780397648697,0.010755902821457391,7.154675652106111,0.05321916155397683,1.7647532275990412,1.8160598116487197,0.5324809081678147,0.999999999999999
0.916718,45.8359,0.05,0.05,1000527.5958614504,10.005275958614504,520.34310547858,0.10697896570245269,2.006184143148117,0.23643454672527642,0.018805164735373126,0.015946955870497277,2.3655928861363265,0.7294431912170174,0.014452245244607476,0.012299808278323086,7.298280424258668,0.03412226205770404,1.287629541226904,1.4266626767257673,0.3414026482194902,0.9999999999999979
0.916718,45.8359,0.075,0.075,1000512.2055323183,10.005122055323183,517.599872903958,0.10422447236065467,1.9741812714760387,0.24169684203139088,0.021362090561168307,0.019272958715825187,2.418206404910232,0.7454977020974014,0.016421777490003987,0.014861537199356222,7.4587955014474625,0.012805455871204524,0.6210919649079841,0.7700500905934254,0.12812014896545612,0.9999999999999968
0.916718,45.8359,0.1,0.1,1000497.6222940572,10.004976222940572,497.8633448807496,0.09931346389017826,2.031310802764775,0.24419805780650586,0.02267674947310292,0.021871487007325628,2.4431957620423583,0.7531421173162003,0.017434368535524568,0.01686370704737863,7.535168976243702,0.0026598248772895824,0.17641280720468686,0.24600579214841092,0.026611484654468096,0.9999999999999957
0.916718,45.8359,0.125,0.125,1000483.530127704,10.00483530127704,482.72232043907957,0.09609140328646902,2.0899475405124734,0.24477916805427025,0.023043879869694302,0.022845505462573926,2.4489752615665883,0.7549158331599536,0.017716766919229687,0.017614278542706235,7.552808577091673,0.0003049987857707824,0.029238118224175,0.04533074126747981,0.0030514626187261576,0.9999999999999946
0.916718,45.8359,0.15,0.15,1000469.6371794189,10.00469637179419,476.06200950137963,0.0947464206277381,2.118544813087536,0.24485083191046678,0.023101761804897043,0.02303722106244774,2.449658229645436,0.7551296627390157,0.017760798273804324,0.017761925531961684,7.554842997039201,1.9505350511129223e-05,0.0031137746299492205,0.00506501498740997,0.0001951451094892685,0.9999999999999936
0.916718,45.8359,0.175,0.175,1000455.8071110643,10.004558071110644,473.9005204394877,0.09431786929249011,2.1281488041303867,0.24485664786359457,0.023107098653016297,0.023057447931465514,2.4496825526488215,0.7551416290967197,0.01776431992828872,0.01777738009739415,7.554858280211227,1.7230396784489586e-06,0.0006059785616344501,0.0007275552556386523,1.7238250521870416e-05,0.9999999999999927
0.916718,45.8359,0.2,0.2,1000441.9937304131,10.004419937304132,473.3180733372972,0.09420380559346846,2.1307463461552074,0.2448582829883539,0.023107654504732393,0.023058439992608933,2.4496650881427446,0.7551406917218955,0.0177641521092674,0.017778004192403312,7.554744591732164,1.025289742453204e-06,0.00047554194725896984,0.0004803126600659273,1.025742914091225e-05,0.9999999999999918
0.916718,45.8359,0.225,0.225,1000428.184108775,10.00428184108775,473.1805974902895,0.09417798209759813,2.1313457472210704,0.2448597743713588,0.023107975081940107,0.023058322620097747,2.449646194356229,0.7551392254105611,0.017763799272804363,0.017777770896945797,7.554625640267946,1.0002180711195117e-06,0.00047071791141668247,0.00047088932423174475,1.0006463486028747e-05,0.999999999999991
0.916718,45.8359,0.25,0.25,1000414.3750973692,10.004143750973691,473.15158158221675,0.09417365523998472,2.1314569944127664,0.24486128201212068,0.023108290458006855,0.02305816487697872,2.449627464296964,0.7551377186448189,0.01776343879412047,0.0177775043468039,7.554506289105095,9.993430509170087e-07,0.00047054894608788804,0.0004705549197550449,9.997571537910377e-06,0.9999999999999905
0.916718,45.8359,0.275,0.275,1000400.5660142803,10.004005660142804,473.1460427679878,0.09417398226230347,2.1314626404063266,0.24486281217092296,0.02310860904188035,0.023058007736770372,2.4496089589163974,0.7551361885041954,0.01776307715620133,0.017777236080147273,7.554386703974633,9.99324871637935e-07,0.00047054310840732784,0.000470543223570345,9.997251672187382e-06,0.99999999999999
0.916718,45.8359,0.3,0.3,1000386.7567261966,10.003867567261967,473.1450787808988,0.09417521726516553,2.1314478299906474,0.24486436549848375,0.023108931125784122,0.02305785269246224,2.4495906843884616,0.7551346351648374,0.017762714584064754,0.017776967205049333,7.554266885641714,9.993366686089194e-07,0.0004705429073278595,0.0004705428174458055,9.997231687872388e-06,0.9999999999999898
0.916718,45.8359,0.325,0.325,1000372.9472090496,10.003729472090496,473.14492547265866,0.0941766143027229,2.131429522024559,0.24486594230826125,0.02310925672035349,0.023057699822863403,2.4495726437803644,0.7551330583422246,0.017762351085173253,0.017776697752903855,7.5541468310879445,9.99349503717425e-07,0.00047054289867910044,0.00047054280160669124,9.997222083257016e-06,0.9999999999999895
0.916718,45.8359,0.35,0.35,1000359.137458474,10.00359137458474,473.144903905121,0.0941780388299589,2.131410775848578,0.24486754272292752,0.02310958582708853,0.02305754914094924,2.4495548382988384,0.7551314579146856,0.017761986659452604,0.017776427722033722,7.554026539072948,9.993623761948544e-07,0.00047054289652584093,0.0004705427991052373,9.997212846587356e-06,0.9999999999999893
0.916718,45.8359,0.375,0.375,1000345.327473354,10.00345327473354,473.1449021335965,0.09417946866535748,2.1313920952678753,0.2448691666695085,0.023109918447670227,0.023057400639876973,2.449537267201368,0.755129833955229,0.017761621306454697,0.017776157114269275,7.55390601032843,9.993752518290045e-07,0.0004705428945918408,0.00047054279705666064,9.997203635596511e-06,0.9999999999999893
0.916718,45.8359,0.4,0.4,1000331.5172530692,10.003315172530693,473.1449031568442,0.0941809004431094,2.131373555219856,0.2448708138995326,0.023110254584273113,0.023057254296423076,2.449519927991134,0.7551281867123273,0.01776125502559257,0.017775885935682155,7.553785247345013,9.9938812944977e-07,0.00047054289266764934,0.00047054279502552383,9.997194438571952e-06,0.9999999999999893
0.916718,45.8359,0.425,0.425,1000317.706797073,10.00317706797073,473.14490458137726,0.09418233369247461,2.1313551639844373,0.24487248403562234,0.023110594239559027,0.023057110075367048,2.449502816882166,0.7551265165633582,0.017760887816151566,0.01777561419548571,7.553664253903205,9.99401008996841e-07,0.0004705428907463561,0.0004705427929972697,9.99718525490401e-06,0.9999999999999895
0.916718,45.8359,0.45,0.45,1000303.8961048324,10.003038961048324,473.1449060931391,0.0941837683549344,2.131336920053551,0.24487417663675237,0.02311093741663536,0.02305696793556655,2.449485929452063,0.7551248239493469,0.01776051967730033,0.01777534190444449,7.553543034420075,9.994138904435165e-07,0.00047054288882774075,0.0004705427909714136,9.997176084319376e-06,0.9999999999999897
0.916718,45.8359,0.475,0.475,1000290.0851758196,10.002900851758195,473.1449076535569,0.09418520442667784,2.1313188207485894,0.24487589127252918,0.02311128411898375,0.023056827836871,2.4494692613850297,0.755123109300687,0.01776015060810949,0.017775069073063386,7.55342159320614,9.994267737649414e-07,0.00047054288691179803,0.0004705427889479333,9.99716692656328e-06,0.99999999999999
0.916718,45.8359,0.5,0.5,1000276.2740095109,10.00276274009511,473.1449092581977,0.09418664191075163,2.131300863793146,0.24487762759664297,0.023111634350361104,0.023056689746957668,2.449452809206586,0.7551213729636884,0.017759780607577623,0.017774795709797165,7.553299933730645,9.994396589412562e-07,0.0004705428849985326,0.00047054278692682596,9.997157781430963e-06,0.9999999999999903
0.916718,45.8359,0.525,0.525,1000262.4626053836,10.002624626053835,473.14491090660744,0.09418808081104793,2.1312830478704403,0.24487938541064924,0.023111988114677417,0.023056553647267216,2.449436570921489,0.7551196151367955,0.017759409674663162,0.017774521819495872,7.553178057983606,9.994525459613018e-07,0.0004705428830879476,0.00047054278490809057,9.997148648804721e-06,0.9999999999999907
0.916718,45.8359,0.55,0.55,1000248.6509629147,10.002486509629147,473.1449125987724,0.09418952113155751,2.1312653729508733,0.24488116471112023,0.02311234541585827,0.023056419537391064,2.4494205464852534,0.7551178358234361,0.017759037808320527,0.01777424740225571,7.553055966004276,9.994654348254007e-07,0.00047054288118004723,0.00047054278289173,9.997139528681699e-06,0.9999999999999911
0.916718,45.8359,0.575,0.575,1000234.8390815777,10.002348390815778,473.1449143347252,0.09419096287623911,2.1312478404652913,0.24488296571560353,0.02311270625770163,0.023056287437486014,2.4494047380636625,0.7551160348060624,0.017758665007537543,0.017773972452786578,7.55293365562161,9.994783255468876e-07,0.00047054287927483475,0.0004705427808777512,9.997130421189159e-06,0.9999999999999915
0.916718,45.8359,0.6,0.6,1000221.0269608403,10.002210269608403,473.1449161145025,0.09419240604895796,2.131230453323486,0.24488478886540826,0.023113070643739606,0.023056157388532148,2.449389150060472,0.7551142116433655,0.017758291271371685,0.017773696960344466,7.552811122426523,9.994912181522756e-07,0.00047054287737231386,0.00047054277886616493,9.997121326586104e-06,0.9999999999999919
0.916718,45.8359,0.625,0.625,1000207.2146001614,10.002072146001614,473.14491793813886,0.09419385065343538,2.131213215782668,0.24488663480571835,0.02311343857711531,0.023056029450480724,2.4493737889183453,0.7551123656901613,0.017757916598982314,0.017773420909216544,7.552688359970946,9.995041126800804e-07,0.00047054287547248634,0.0004705427768569842,9.997112245251494e-06,0.9999999999999923
0.916718,45.8359,0.65,0.65,1000193.4019989896,10.001934019989896,473.14491980566567,0.09419529669320909,2.1311961331836193,0.24488850434568904,0.023113810060484186,0.023055903698539257,2.449358662719591,0.7551104961372944,0.017757540989656564,0.017773144279694057,7.552565360167056,9.995170091784875e-07,0.0004705428735753554,0.00047054277485022647,9.99710317766087e-06,0.9999999999999927
0.916718,45.8359,0.675,0.675,1000179.589156762,10.00179589156762,473.1449217171079,0.09419674417160537,2.131179211583227,0.24489039840286123,0.023114185095946704,0.023055780217997694,2.4493437806300955,0.7551086020672241,0.017757164442826868,0.017772867049427352,7.552442113843332,9.995299077020697e-07,0.0004705428716809231,0.0004705427728459101,9.997094124353523e-06,0.999999999999993
0.916718,45.8359,0.7,0.7,1000165.776072903,10.00165776072903,473.14492367248573,0.09419819309172804,2.1311624573194483,0.24489231793735192,0.023114563685017093,0.023055659098103375,2.449329152241037,0.7551066825198332,0.017756786958079293,0.01777258919503012,7.552318611402842,9.995428083079109e-07,0.00047054286978918947,0.00047054277084405233,9.997085085893707e-06,0.9999999999999933
0.916718,45.8359,0.725,0.725,1000151.9627468258,10.001519627468257,473.1449256718123,0.09419964345646303,2.1311458765483997,0.24489426388181815,0.023114945828629687,0.023055540425543322,2.4493147868683955,0.7551047365624645,0.017756408535151744,0.017772310693786396,7.552194843523737,9.995557110514976e-07,0.00047054286790015665,0.00047054276884467234,9.997076062829545e-06,0.9999999999999937
0.916718,45.8359,0.75,0.75,1000138.1491779331,10.00138149177933,473.1449277150953,0.09420109526849972,2.1311294747931258,0.24489623707318495,0.023115331527181798,0.02305542427809112,2.4493006928701555,0.7551027633581929,0.017756029173922844,0.017772031525314532,7.55207080184206,9.99568615982684e-07,0.00047054286601382435,0.0004705427668477849,9.997067055652698e-06,0.9999999999999939
0.916718,45.8359,0.775,0.775,1000124.3353656182,10.001243353656182,473.1449298023381,0.09420254853036691,2.1311132565404143,0.24489823819163653,0.023115720780609115,0.023055310718930227,2.4492868770362133,0.7551007622268344,0.017755648874392082,0.017771751673053945,7.551946479561845,9.995815231421054e-07,0.0004705428641301933,0.0004705427648534029,9.997058064762506e-06,0.999999999999994
0.916718,45.8359,0.8,0.8,1000110.521309269,10.001105213092691,473.1449319335388,0.09420400324448025,2.131097224916218,0.24490026771149467,0.023116113588487676,0.02305519979208395,2.449273344097225,0.7550987326940669,0.017755267636653225,0.017771471125462145,7.551821871946316,9.995944325582812e-07,0.0004705428622492615,0.00047054276286153355,9.997049090437057e-06,0.9999999999999941
0.916718,45.8359,0.825,0.825,1000096.7070082696,10.000967070082696,473.14493410869335,0.0942054594131984,2.1310813814626037,0.24490232586745608,0.023116509950154348,0.02305509151927497,2.4492600963870905,0.7550966745251938,0.01775488546086265,0.01777118987683724,7.551696976655415,9.996073442456333e-07,0.00047054286037103034,0.00047054276087218216,9.997040132813398e-06,0.9999999999999941
0.916718,45.8359,0.85,0.85,1000082.8924620043,10.000828924620043,473.1449363277964,0.09420691703888327,2.131065726030504,0.2449044126383486,0.02311690986483711,0.023054985898415307,2.449247133680679,0.7550945877413872,0.017754502347205308,0.01777090792771352,7.551571793908113,9.99620258203516e-07,0.0004705428584954982,0.00047054275888534737,9.99703119187788e-06,0.999999999999994
0.916718,45.8359,0.875,0.875,1000069.0776698596,10.000690776698596,473.1449385908424,0.09420837612395994,2.131050256793541,0.24490652774920485,0.02311731333178567,0.023054882903800946,2.449234453214752,0.7550924726176145,0.017754118295860453,0.017770625284810472,7.551446326461516,9.996331744163438e-07,0.00047054285662266544,0.0004705427569010241,9.99702226746747e-06,0.9999999999999938
0.916718,45.8359,0.9,0.9,1000055.2626312285,10.000552626312285,473.14494089782846,0.09420983667097248,2.131034970379481,0.24490867069113603,0.023117720350393427,0.023054782487962645,2.4492220498868913,0.7550903296627646,0.017753733306969752,0.01777034196054814,7.55132057941197,9.996460928547497e-07,0.00047054285475253005,0.00047054275491920143,9.997013359281384e-06,0.9999999999999934
0.916718,45.8359,0.925,0.925,1000041.4473455114,10.000414473455114,473.1449432487536,0.09421129868263124,2.131019862108117,0.24491084075730976,0.02311813092030242,0.02305468458501521,2.449209916615461,0.7550881595836698,0.017753347380609734,0.01777005797216998,7.551194559835117,9.996590134777128e-07,0.00047054285288509253,0.00047054275293986704,9.99700446690238e-06,0.999999999999993
0.916718,45.8359,0.95,0.95,1000027.6318121183,10.000276318121184,473.14494564362076,0.09421276216184879,2.131004926317816,0.24491303709234902,0.023118545041484435,0.023054589115255184,2.449198044833753,0.7550859632357072,0.017752960516770642,0.017769773340538655,7.551068276291766,9.996719362354584e-07,0.000470542851020353,0.000470542750963005,9.996995589825806e-06,0.9999999999999925
0.916718,45.8359,0.975,0.975,1000013.8160304705,10.000138160304706,473.14494808243717,0.09421422711176206,2.1309901567580893,0.24491525875172435,0.023118962714292934,0.023054495990688074,2.44918642508402,0.7550837415634064,0.01775257271534273,0.01776948808868849,7.550941738233876,9.99684861072953e-07,0.00047054284915831095,0.0004705427489885978,9.996986727494544e-06,0.9999999999999919
0.916718,45.8359,1.0,1.0,1000000.0,10.0,473.14495056521497,0.09421569353573894,2.1309755470223384,0.24491750476723126,0.0231193839394826,0.023054405121121353,2.4491750476723126,0.7550814955349718,0.017752183976111186,0.01776920224022971,7.550814955349718,9.996977879337624e-07,0.00047054284729896873,0.0004705427470166298,9.996977879337625e-06,0.999999999999991
0.972048,48.6024,0.0,0.0,1000559.7506382054,10.005597506382054,473.15,0.1,2.262631831630932,0.23,0.014248955576036284,0.013353413785810706,2.3012874264678724,0.71,0.010951452529338766,0.010305351943397394,7.103974229531259,0.06,1.9287709040407492,1.9288873713145314,0.6003358503829233,1.0
0.972048,48.6024,0.025,0.025,1000544.0449407552,10.005440449407553,494.1280662203092,0.10378465500913192,2.154717135929415,0.23144011843512802,0.015794886046411768,0.013845881123586291,2.3156603226065045,0.7142862888522772,0.012140667423236643,0.010683025819514913,7.1467489269397815,0.0542735927125906,1.79090324301974,1.834321999590518,0.543031199861225,0.9999999999999958
0.972048,48.6024,0.05,0.05,1000527.9853944805,10.005279853944804,520.2983194969161,0.10726338575011767,2.0116911535737403,0.23577255061089222,0.018414358292950406,0.015625844091582398,2.358970350740342,0.7274230689031081,0.014157571127459785,0.012052505087900648,7.2780713765909715,0.036804380485991495,1.3614802459783064,1.489340538203955,0.36823812661341,0.9999999999999918
0.972048,48.6024,0.075,0.075,1000512.4410419778,10.005124410419779,521.0385952077127,0.10513658275587902,1.9655842876032608,0.24114907135056562,0.021063247876901822,0.018834464847747787,2.412726460319605,0.7438190134222454,0.016197901507393142,0.014523623274731366,7.442001768125264,0.015031915227176956,0.7046632079041637,0.8574417993421869,0.15039618197478893,0.999999999999988
0.972048,48.6024,0.1,0.1,1000497.7284075752,10.004977284075752,501.725267124977,0.10015307729313286,2.017250454345769,0.24401222601425163,0.02255636363983902,0.021619136547084784,2.441336778309346,0.7525688094331344,0.017348034351363815,0.01666913182790861,7.529433843082444,0.0034189645525979583,0.217722892935408,0.297487840546619,0.03420666268380279,0.999999999999984
0.972048,48.6024,0.125,0.125,1000483.5692320733,10.004835692320732,484.9300392465099,0.09654166974152023,2.0807106683871734,0.24474886071264337,0.023013855899074797,0.022776504621732516,2.4486721373126903,0.7548190865095339,0.017700131559688092,0.017561001471464856,7.551840937955515,0.00043205277780302705,0.03930525231656218,0.05972055717095796,0.004322617052330045,0.9999999999999802
0.972048,48.6024,0.15,0.15,1000469.6503951286,10.004696503951287,476.9405003263538,0.09492232296345655,2.1146706237232182,0.24484901940273948,0.0230928121209099,0.02302744392373541,2.4496401284144884,0.7551209471511496,0.017760467049887187,0.017754313769130947,7.554755900023491,3.0033446087438095e-05,0.004403389358807438,0.007150900222573357,0.00030047551307260136,0.9999999999999766
0.972048,48.6024,0.175,0.175,1000455.8120116027,10.004558120116027,474.1811305728752,0.09437434055371034,2.1268943415349844,0.24485712392889186,0.023100644035748973,0.02305678346427534,2.4496873274710516,0.7551406861735485,0.01776597202816622,0.017776811030444137,7.554848883687563,2.1898975327680475e-06,0.000691002189742433,0.0008813642576802983,2.1908957143676628e-05,0.999999999999973
0.972048,48.6024,0.2,0.2,1000441.9962398958,10.004419962398957,473.39507637067777,0.09421987082605787,2.1304024616195627,0.2448586815561345,0.02310129744146437,0.023058447206270694,2.449669081726882,0.7551402757901156,0.017765939500376585,0.017777971023914093,7.554740449526088,1.0426537195004107e-06,0.0004789644711266907,0.0004868086092131302,1.0431145685239435e-05,0.9999999999999695
0.972048,48.6024,0.225,0.225,1000428.1859273055,10.004281859273055,473.1992167297609,0.09418245996673419,2.1312632948402017,0.2448599868497507,0.02310156202005342,0.023058341339420807,2.4496483245027996,0.7551390122992976,0.017765603791141223,0.017777764885484004,7.554623521975236,1.0008509179446386e-06,0.00047084181763370694,0.0004711276313075188,1.0012794682230335e-05,0.9999999999999662
0.972048,48.6024,0.25,0.25,1000414.3766550507,10.004143766550508,473.1555652780529,0.09417521674007641,2.1314391813029547,0.24486130154267138,0.023101815122803643,0.023058166689381838,2.44962766349756,0.7551376990915765,0.017765255815611336,0.01777750386585227,7.554506105254287,9.993657151389235e-07,0.00047055330950936087,0.0004705634564606833,9.997798289611351e-06,0.999999999999963
0.972048,48.6024,0.275,0.275,1000400.5674112374,10.004005674112374,473.14676215358145,0.09417488079757005,2.1314582310912367,0.24486263496094643,0.023102071011368044,0.023057991270977973,2.4496071895274154,0.7551363657134798,0.017764906566538206,0.017777240422774697,7.554388487326249,9.9932553357072e-07,0.00047054321052819283,0.0004705434773027565,9.99725830812686e-06,0.9999999999999597
0.972048,48.6024,0.3,0.3,1000386.757986933,10.003867579869329,473.14514187572905,0.09417596955835772,2.131445048105642,0.2448639872933513,0.023102330190617627,0.023057817516642723,2.449586903961493,0.75513501337007,0.01776455643035429,0.017776976446372085,7.554270678677038,9.993365352665953e-07,0.0004705428593055242,0.0004705427760411466,9.997230366532436e-06,0.9999999999999567
0.972048,48.6024,0.325,0.325,1000372.9483425991,10.00372948342599,473.14486799100484,0.09417732639521625,2.1314259241360882,0.24486535854461308,0.023102592681097767,0.023057645511633907,2.4495668067424226,0.7551336421060098,0.01776420541955426,0.017776712003156933,7.5541526794627405,9.99349330684173e-07,0.00047054284537600835,0.0004705427497628737,9.997220363607293e-06,0.9999999999999536
0.972048,48.6024,0.35,0.35,1000359.1384710548,10.003591384710548,473.1448255331724,0.09417873035230441,2.131405883134488,0.24486674889290602,0.023102858486992783,0.0230574752753145,2.4495468996271557,0.7551322517448547,0.017763853533618316,0.017776447091040686,7.554034487871906,9.993621898317223e-07,0.00047054284298692317,0.00047054274685316076,9.997210992406085e-06,0.9999999999999505
0.972048,48.6024,0.375,0.375,1000345.3283707645,10.003453283707644,473.1448198294185,0.0941801428534007,2.131385804508389,0.24486815870741552,0.023103127612155293,0.023057306842048382,2.4495271862971406,0.7551308419174793,0.017763500771537755,0.017776181701098376,7.553916100208328,9.993750528187599e-07,0.0004705428409906359,0.000470542744745577,9.997201653775325e-06,0.9999999999999476
0.972048,48.6024,0.4,0.4,1000331.5180410938,10.003315180410938,473.14481957638566,0.09418155769851931,2.1313658328068947,0.24486958852356644,0.023103400060493974,0.023057140261589476,2.4495076720987723,0.7551294120884607,0.01776314713227236,0.017775915820289357,7.5537975111192885,9.993879176255218e-07,0.00047054283900991575,0.00047054274266729475,9.99719232750266e-06,0.9999999999999448
0.972048,48.6024,0.425,0.425,1000317.7074815353,10.003177074815353,473.144820108578,0.09418297396667437,2.13134599334141,0.24487103899196594,0.0231036758358628,0.02305697559440893,2.44948836353065,0.755127961607192,0.01776279261479611,0.017775649432765335,7.553678714101112,9.994007842213081e-07,0.0004705428370321394,0.0004705427405921486,9.997183013275075e-06,0.9999999999999422
0.972048,48.6024,0.45,0.45,1000303.8966915914,10.003038966915913,473.144820777975,0.09418439153292954,2.131326293635007,0.2448725108100817,0.02310395494197302,0.023056812905336274,2.449469267559786,0.7551264897762052,0.01776243721812037,0.017775382521536657,7.553559702181814,9.994136526453524e-07,0.00047054283505689425,0.00047054273851927867,9.997173711479228e-06,0.9999999999999395
0.972048,48.6024,0.475,0.475,1000290.0856707585,10.002900856707585,473.1448215003122,0.09418581038393038,2.131306738482004,0.24487400464680428,0.023104237382348587,0.023056652256537774,2.4494503908669363,0.7551249959266098,0.017762080941305585,0.017775115070311077,7.553440468675597,9.99426522937459e-07,0.0004705428330841692,0.00047054273644867007,9.997164422507393e-06,0.999999999999937
0.972048,48.6024,0.5,0.5,1000276.2744185254,10.002762744185254,473.1448222653039,0.09418723052085964,2.1312873316753627,0.24487552106999397,0.023104523160325054,0.023056493700773385,2.449431739121887,0.7551234794905455,0.017761723783461567,0.01777484706525986,7.553321007907568,9.994393951315675e-07,0.0004705428311139679,0.00047054273438033574,9.997155146693091e-06,0.9999999999999346
0.972048,48.6024,0.525,0.525,1000262.4629343756,10.002624629343757,473.14482307178355,0.09418865194662049,2.13126807589814,0.24487706048585214,0.023104812279086034,0.023056337275754683,2.4494133163770857,0.755121940061811,0.017761365743737875,0.017774578496495403,7.55320131582011,9.994522692521074e-07,0.0004705428291462931,0.00047054273231428496,9.997145884274637e-06,0.9999999999999324
0.972048,48.6024,0.55,0.55,1000248.6512177897,10.002486512177898,473.1448239196467,0.09419007466428707,2.1312489724816155,0.2448786230968268,0.023105104741727844,0.023056183000228308,2.449395124646705,0.7551203774379581,0.017761006821306997,0.017774309359097178,7.553081390393859,9.994651453115148e-07,0.0004705428271811483,0.0004705427302505245,9.997136635370349e-06,0.9999999999999303
0.972048,48.6024,0.575,0.575,1000234.8392682478,10.002348392682478,473.1448248089087,0.09419149867697055,2.131230021280996,0.24488020888215264,0.02310540055134037,0.023056030872166143,2.4493771637121493,0.7551187916397522,0.017760647015343092,0.017774039653585698,7.552961231842211,9.994780233090873e-07,0.0004705428252185363,0.00047054272818905594,9.997127399967113e-06,0.9999999999999282
0.972048,48.6024,0.6,0.6,1000221.0270852323,10.002210270852324,473.14482573960055,0.09419292398784979,2.1312112207059624,0.244881817602384,0.02310569971109176,0.023055880869188555,2.449359431167551,0.755117182906639,0.01776028632499983,0.017773769385811725,7.552840842565858,9.994909032312483e-07,0.0004705428232584604,0.0004705427261298777,9.997118177923059e-06,0.9999999999999263
0.972048,48.6024,0.625,0.625,1000207.2146682304,10.002072146682304,473.14482671175887,0.094194350600215,2.1311925679013632,0.24488344882670998,0.023106002224304586,0.023055732951107914,2.4493419226931374,0.7551155516694296,0.017759924749390435,0.017773498566290177,7.552720226879444,9.995037850531469e-07,0.00047054282130092235,0.00047054272407298306,9.997108968983618e-06,0.9999999999999246
0.972048,48.6024,0.65,0.65,1000193.4020167352,10.001934020167353,473.1448277254254,0.09419577851750208,2.131174059056067,0.24488510197966615,0.02310630809451339,0.02305558706427685,2.4493246325225746,0.755113898503588,0.017759562287572656,0.017773227209061267,7.552599390544234,9.995166687414154e-07,0.00047054281934592646,0.000470542722018365,9.997099772809104e-06,0.999999999999923
0.972048,48.6024,0.675,0.675,1000179.5891302472,10.001795891302473,473.1448287806465,0.09419720774331283,2.131155689806842,0.24488677640222878,0.02310661732549567,0.02305544314727474,2.449307554054119,0.7551122240681384,0.01775919893854056,0.017772955330201224,7.552478340156978,9.995295542577587e-07,0.00047054281739347556,0.00047054271996601325,9.997090589010642e-06,0.9999999999999214
0.972048,48.6024,0.7,0.7,1000165.7760082743,10.001657760082743,473.1448298774729,0.0941986382814188,2.131137455697462,0.24488847142126832,0.02310692992127167,0.023055301137371583,2.4492906805453294,0.7551105290362102,0.01775883470122471,0.01777268294612931,7.552357082455198,9.995424415630442e-07,0.00047054281544357216,0.00047054271791591764,9.997081417191075e-06,0.9999999999999202
0.972048,48.6024,0.725,0.725,1000151.9626503311,10.001519626503311,473.14483101595874,0.09420007013574822,2.1311193526506864,0.24489018642095783,0.023107245886071347,0.023055160977173344,2.4492740058272644,0.7551088140236305,0.017758469574500686,0.017772410071867382,7.5522356236029795,9.995553306215107e-07,0.0004705428134962209,0.0004705427158680705,9.997072256987045e-06,0.999999999999919
0.972048,48.6024,0.75,0.75,1000138.1490559367,10.001381490559368,473.14483219616113,0.09420150331035693,2.1311013774121257,0.2448919209099335,0.023107565224270463,0.023055022620871377,2.4492575249761375,0.755107079521763,0.017758103557205945,0.01777213671940311,7.5521139685193015,9.99568221404714e-07,0.0004705428115514244,0.0004705427138224644,9.997063108108455e-06,0.999999999999918
0.972048,48.6024,0.775,0.775,1000124.3352246146,10.001243352246146,473.144833418139,0.09420293780938557,2.131083527929594,0.24489367457869926,0.023107887940299957,0.02305488603958357,2.449241234887347,0.7551053258401038,0.017757736648163436,0.01777186289629102,7.551992120303999,9.995811138949178e-07,0.000470542809609187,0.00047054271177909737,9.997053970372345e-06,0.999999999999917
0.972048,48.6024,0.8,0.8,1000110.5211558869,10.001105211558869,473.1448346819503,0.09420437363700596,2.1310658036386796,0.2448954473428468,0.023108214038535455,0.023054751225375023,2.4492251347075857,0.7551035530630613,0.01775736884621067,0.01777158860459942,7.551870079805604,9.995940080876309e-07,0.0004705428076695104,0.00047054270973796865,9.997044843728226e-06,0.9999999999999162
0.972048,48.6024,0.825,0.825,1000096.706849274,10.00096706849274,473.14483598765105,0.09420581079736143,2.1310482056340945,0.24489723936899666,0.02310854352317517,0.02305461819367062,2.4492092260941196,0.7551017610240149,0.017757000150231576,0.01777131384027849,7.551747845362049,9.996069039931496e-07,0.0004705428057323999,0.0004705427076990855,9.997035728273473e-06,0.9999999999999156
0.972048,48.6024,0.85,0.85,1000082.8923042897,10.000828923042898,473.144837335294,0.09420724929450504,2.1310307367160237,0.2448990510818291,0.023108876398115145,0.02305448698390762,2.4491935132849165,0.7550999492982844,0.01775663055918925,0.017771038592989327,7.551625412730508,9.996198016369606e-07,0.00047054280379785755,0.00047054270566245724,9.997026624257321e-06,0.9999999999999151
0.972048,48.6024,0.875,0.875,1000069.0775204399,10.000690775204399,473.144838724926,0.09420868913234016,2.131013401310434,0.2449008831520437,0.023109212666831233,0.023054357658413672,2.4491780029780537,0.7550981172151698,0.017756260072156842,0.017770762846397704,7.551502775207959,9.99632701059046e-07,0.00047054280186588696,0.00047054270362809894,9.99701753207386e-06,0.9999999999999146
0.972048,48.6024,0.9,0.9,1000055.2624972181,10.000552624972181,473.1448401565885,0.09421013031456849,2.130996205271375,0.2449027364664616,0.023109552332276313,0.023054230299623276,2.4491627040325428,0.7550962638878504,0.017755888688344483,0.01777048657890312,7.55137992393033,9.996456023121125e-07,0.0004705427999364891,0.000470542701596027,9.997008452244294e-06,0.9999999999999143
0.972048,48.6024,0.925,0.925,1000041.4472341047,10.000414472341047,473.144841630314,0.09421157284464751,2.1309791555811675,0.24490461208267514,0.023109895396800122,0.023054105005856522,2.449147627014655,0.7550943882587335,0.017755516407120267,0.01777020976474426,7.551256848326149,9.996585054589386e-07,0.0004705427980096663,0.00047054269956626284,9.996999385390394e-06,0.9999999999999141
0.972048,48.6024,0.95,0.95,1000027.6317305662,10.000276317305662,473.14484314612736,0.09421301672576256,2.130962259970648,0.24490651117159645,0.023110241862097793,0.02305398188597233,2.449132783623271,0.755092489156907,0.017755143228023774,0.017769932375399426,7.551133536691199,9.996714105689844e-07,0.0004705427960854201,0.0004705426975388289,9.99699033220056e-06,0.999999999999914
0.972048,48.6024,0.975,0.975,1000013.8159860525,10.000138159860525,473.1448447040437,0.09421446196081347,2.130945526485991,0.24490843495191716,0.023110591729190656,0.02305386105326931,2.449118186034386,0.7550905653636791,0.01775476915077104,0.017769654381183816,7.551009976843987,9.996843177145342e-07,0.00047054279416375083,0.0004705426955137475,9.996981293391246e-06,0.999999999999914
0.972048,48.6024,1.0,1.0,1000000.0,10.0,473.14484630407094,0.09421590855241828,2.130928963031007,0.24491038462085374,0.023110944998441272,0.023053742619041667,2.4491038462085375,0.7550886156818334,0.017754394175250657,0.017769375752937373,7.5508861568183345,9.996972269666251e-07,0.00047054279224466,0.0004705426934910422,9.99697226966625e-06,0.9999999999999141
1.0,50.0,0.0,0.0,1000559.9712190342,10.005599712190342,473.15,0.1,2.2626323304449247,0.23,0.0141885117569062,0.013353415721144582,2.301287933803779,0.71,0.010907844532025882,0.010305353436970274,7.103975795655142,0.06,1.9287993201135447,1.928887565824079,0.6003359827314205,1.0
1.0,50.0,0.025,0.025,1000544.2776266547,10.005442776266547,493.3467315107769,0.10367407643052562,2.159115278930195,0.2313226924696603,0.01566188476138524,0.013803876614408808,2.314485962357091,0.7139314105400031,0.012041166486050527,0.010650728855252284,7.143199874337261,0.05474589699033141,1.8025377814776364,1.8424123353697062,0.547756939572144,0.9999999999999948
1.0,50.0,0.05,0.05,1000528.1897353036,10.005281897353036,520.1173497509177,0.10736951959858607,2.014970665488114,0.23545221582833953,0.01822098569963321,0.015475926300302607,2.355765792718946,0.726446297409048,0.014011514729259867,0.011937060477726212,7.268299988865889,0.03810148676260204,1.396420388914087,1.5185585715546184,0.38121611576809855,0.9999999999999896
1.0,50.0,0.075,0.075,1000512.5695315124,10.005125695315124,522.6485277379495,0.10557943175984351,1.961878827486862,0.24085756349016277,0.020905257420793938,0.0186131382728696,2.409810197386421,0.7429262957920908,0.016079071559159375,0.014353078298383795,7.433070971754733,0.016216140717730424,0.747538930574356,0.9014524282050888,0.1622445261738105,0.999999999999984
1.0,50.0,0.1,0.1,1000497.7884528359,10.004977884528358,503.73706951054805,0.10059486054746207,2.0100998251441493,0.2439046868725901,0.022488415931954043,0.021480538264623122,2.4402609980930783,0.7522376416682376,0.017298596295064212,0.016562278541192226,7.526120968800486,0.0038576714591507066,0.2407436052521508,0.3256956679685595,0.03859591763457906,0.9999999999999785
1.0,50.0,0.125,0.125,1000483.591972134,10.004835919721339,486.1531230795188,0.09679188623260516,2.0756480079122164,0.24472977995074527,0.022996464604015807,0.022735629295929993,2.4484812930767155,0.7547588395748289,0.01768968253929695,0.01752945349341347,7.5512383489054455,0.0005113804743986319,0.04535097766585697,0.06822499042122744,0.005116277738907572,0.9999999999999728
1.0,50.0,0.15,0.15,1000469.6581087739,10.004696581087739,477.4503902499087,0.09502440408761165,2.1124301559094523,0.2448476207768774,0.023088192253244388,0.023021194093663804,2.4496261544738926,0.7551152031710027,0.01775989029232577,0.01774946148151186,7.554698491492306,3.7176052087072365e-05,0.00523876543666723,0.008479530223396975,0.0003719351212138726,0.9999999999999671
1.0,50.0,0.175,0.175,1000455.8147247967,10.004558147247966,474.3506984841179,0.09440834040418124,2.1261365516018644,0.24485731196991398,0.023097668206416438,0.023056312270496666,2.44968921538184,0.7551401638814658,0.01776669075451255,0.017776421792730035,7.554843678874483,2.524148582168862e-06,0.0007505065303403003,0.000987413640402713,2.525299126260189e-05,0.9999999999999619
1.0,50.0,0.2,0.2,1000441.997479484,10.004419974794839,473.44344660968716,0.09422981597408038,2.1301860268709385,0.24485885882008576,0.023098405167145,0.023058442127809338,2.449670858185136,0.7551400859600653,0.017766750852541313,0.017777949769108778,7.554738559747171,1.0552198055556102e-06,0.0004814524601227359,0.0004914961379904871,1.0556862100499676e-05,0.9999999999999566
1.0,50.0,0.225,0.225,1000428.1867466918,10.004281867466918,473.21138504908936,0.09418522258695243,2.131209086249098,0.24486007639554352,0.02309864514694154,0.02305834889156157,2.4496492223505006,0.7551389222920111,0.01776642449639159,0.017777762087764232,7.554622627704476,1.0013123970229396e-06,0.0004709328092144591,0.0004713013897847171,1.001741145720643e-05,0.9999999999999516
1.0,50.0,0.25,0.25,1000414.3773308999,10.004143773309,473.1582859882799,0.09417609979633144,2.1314269207840466,0.2448613006318279,0.023098869116749195,0.02305816659029049,2.449627656040244,0.7551376999857161,0.017766082484874813,0.017777503876633582,7.5545061193029825,9.993824027867568e-07,0.00047055655341439,0.0004705697421797489,9.997965241993722e-06,0.9999999999999468
1.0,50.0,0.275,0.275,1000400.5680096572,10.004005680096572,473.1472896020225,0.09417532189403831,2.1314552576254244,0.2448625444066096,0.023099095608368248,0.023057982854123457,2.449606285086622,0.7551364562672727,0.017765739103074694,0.01777724263967127,7.554389397745793,9.993260599448457e-07,0.00047054329996764846,0.0004705436777782352,9.997263579956764e-06,0.9999999999999422
1.0,50.0,0.3,0.3,1000386.7585236838,10.003867585236838,473.14521054426467,0.09417631237021201,2.131443557680411,0.24486380846767483,0.023099325281091352,0.023057800883263067,2.4495851163274143,0.7551351921957867,0.017765394857074072,0.017776980814922683,7.55427247167902,9.993364761413885e-07,0.0004705428366433497,0.00047054275792066813,9.997229780415645e-06,0.9999999999999377
1.0,50.0,0.325,0.325,1000372.9488226608,10.00372948822661,473.14484912332784,0.09417764443432165,2.131424253481824,0.24486509282407748,0.02309955816033788,0.023057620789199894,2.44956414972157,0.75513390782661,0.01776504976376558,0.01777671848906808,7.554155341284853,9.993492458299027e-07,0.00047054281875085727,0.00047054272385725995,9.99721951954562e-06,0.9999999999999334
1.0,50.0,0.35,0.35,1000359.1388973199,10.003591388973199,473.14479108529633,0.09417903781745285,2.1314037139792785,0.2448663971635136,0.023099794250069455,0.02305744254653123,2.4495433821138164,0.7551326034743163,0.017764703822880725,0.01777645567267732,7.554038009648584,9.993620991860105e-07,0.0004705428161987352,0.00047054272065327773,9.997210089883357e-06,0.9999999999999291
1.0,50.0,0.375,0.375,1000345.3287457677,10.003453287457678,473.1447825477949,0.09418044220885684,2.1313830791890105,0.24486772092924128,0.023100033554166455,0.0230572661034613,2.449522807921888,0.7551312796957267,0.01776435703340947,0.017776192379418305,7.553920482334339,9.993749570756521e-07,0.00047054281417136277,0.00047054271851460015,9.997200699761307e-06,0.9999999999999251
1.0,50.0,0.4,0.4,1000331.5183673364,10.003315183673363,473.144781539667,0.09418184929438267,2.131362533581173,0.24486906342604264,0.023100276077148405,0.02305709139520229,2.449502420181608,0.7551299371860617,0.017764009394152087,0.017775928626250326,7.553802766299645,9.993878167320338e-07,0.0004705428121640109,0.0004705427164142872,9.997191321493727e-06,0.9999999999999211
1.0,50.0,0.425,0.425,1000317.7077615527,10.003177077615527,473.14478163005913,0.09418325780352528,2.1313421014573706,0.24487042394871092,0.023100521824136636,0.0230569183560397,2.449482211829741,0.7551285766505282,0.017763660903751075,0.017775664430374902,7.553684868603003,9.994006780211543e-07,0.00047054281015967476,0.0004705427143173152,9.997181953734626e-06,0.9999999999999172
1.0,50.0,0.45,0.45,1000303.8969279762,10.003038969279762,473.14478190074766,0.0941846675584562,2.1313217830797146,0.2448718019120625,0.023100770800736033,0.023056746931433857,2.449462177004116,0.75512719867431,0.017763311560722306,0.01777539980606734,7.553566795102185,9.99413540905884e-07,0.0004705428081577941,0.0004705427122224979,9.99717259610743e-06,0.9999999999999134
1.0,50.0,0.475,0.475,1000290.0858661736,10.002900858661736,473.14478222901096,0.09418607853910486,2.1313015766621533,0.2448731969631434,0.023101023012866664,0.02305657708846205,2.4494423121658717,0.755125803610361,0.017762961363499103,0.017775134761941366,7.553448549331713,9.994264053657817e-07,0.00047054280615835476,0.0004705427101297927,9.99716324840259e-06,0.9999999999999098
1.0,50.0,0.5,0.5,1000276.2745757115,10.002762745757115,473.14478259947003,0.0941874907467007,2.131281481996286,0.24487460906079522,0.023101278466562833,0.02305640882322221,2.4494226168951605,0.7551243914998396,0.017762610310484917,0.017774869299009975,7.5533301317071055,9.994392713988673e-07,0.00047054280416136224,0.0004705427080392028,9.997153910595224e-06,0.9999999999999062
1.0,50.0,0.525,0.525,1000262.4630561522,10.002624630561522,473.144783010351,0.09418890418511232,2.131261501124021,0.24487603851355677,0.023101537167759836,0.023056242164358406,2.449403094270035,0.7551229620342067,0.017762258400109057,0.01777460340976198,7.55321153914593,9.99452139023751e-07,0.00047054280216682153,0.0004705427059507373,9.997144582866371e-06,0.9999999999999025
1.0,50.0,0.55,0.55,1000248.6513070492,10.002486513070492,473.14478346150526,0.09419031885839202,2.131241638347443,0.2448774859730197,0.02310179912209028,0.023056077172440268,2.449383750799738,0.755121514561871,0.017761905630880162,0.017774337078324452,7.55309276513448,9.994650082792492e-07,0.0004705428001747382,0.0004705427038644126,9.997135265599078e-06,0.9999999999998991
1.0,50.0,0.575,0.575,1000234.8393279442,10.002348393279442,473.1447839529648,0.09419173477041869,2.131221899915163,0.24487895238541738,0.023102064334709953,0.023055913935455388,2.4493645959402324,0.7551200481365992,0.017761552001431754,0.01777407028164329,7.552973800212207,9.994778792215284e-07,0.0004705427981851165,0.0004705427017802493,9.997125959349799e-06,0.9999999999998958
1.0,50.0,0.6,0.6,1000221.0271183642,10.002210271183642,473.14478448477684,0.09419315192481388,2.1312022934757464,0.24488043890884467,0.023102332810169646,0.023055752561103426,2.449345641266005,0.7551185616002958,0.01776119751055578,0.01777380299150135,7.552854632799896,9.994907519192443e-07,0.0004705427961979609,0.0004705426996982721,9.997116664799728e-06,0.9999999999998924
1.0,50.0,0.625,0.625,1000207.2146778203,10.002072146778204,473.14478505698463,0.09419457032491141,2.13118282737357,0.24488194680673217,0.023102604552344055,0.023055593166881123,2.4493268994044377,0.7551170536895304,0.017760842157221297,0.017773535177115315,7.5527352502652745,9.99503626447262e-07,0.0004705427942132735,0.0004705426976185055,9.997107382691966e-06,0.999999999999889
1.0,50.0,0.65,0.65,1000193.4020058078,10.001934020058078,473.1447856696257,0.09419598997375823,2.131163509869266,0.2448834773299109,0.023102879564422852,0.023055435869106192,2.4493083828561573,0.7551155231534721,0.01776048594057678,0.017773266808010356,7.552615640102667,9.99516502879723e-07,0.0004705427922310586,0.0004705426955409758,9.99709811376218e-06,0.9999999999998859
1.0,50.0,0.675,0.675,1000179.5891018083,10.001795891018082,473.14478632273114,0.09419741087414317,2.1311443483680117,0.24488503159985694,0.02310315784896298,0.02305528077205195,2.4492901028272827,0.7551139688706444,0.017760128859936393,0.017772997856865917,7.552495791100768,9.995293812831636e-07,0.00047054279025131784,0.00047054269346570474,9.997088858669793e-06,0.9999999999998826
1.0,50.0,0.7,0.7,1000165.7759652918,10.001657759652918,473.14478701632714,0.09419883302865077,2.1311253487321125,0.24488661050468047,0.023103439407995387,0.023055127958268817,2.4492720681892397,0.7551123899529374,0.017759770914752122,0.017772728302050646,7.552375694382858,9.99542261710389e-07,0.0004705427882740521,0.0004705426913927091,9.997079617936743e-06,0.9999999999998795
1.0,50.0,0.725,0.725,1000151.9625957215,10.001519625957215,473.1447877504359,0.09420025643973455,2.131106514740975,0.24488821461740373,0.02310372424317502,0.023054977480980794,2.449254284661586,0.7551107858273287,0.017759412104574396,0.017772458129613828,7.552255344224003,9.995551441956676e-07,0.0004705427862992642,0.00047054268932200167,9.997070391899464e-06,0.9999999999998767
1.0,50.0,0.75,0.75,1000138.1489925568,10.001381489925569,473.1447885250786,0.0942016811098036,2.1310878477436614,0.24488984414337212,0.023104012355959335,0.023054829359193636,2.4492367542862796,0.755109156288473,0.017759052429005412,0.01777218733456672,7.552134738576847,9.995680287516191e-07,0.00047054278432695414,0.00047054268725358586,9.997061180677831e-06,0.9999999999998739
1.0,50.0,0.775,0.775,1000124.3351552602,10.001243351552601,473.144789340277,0.09420310704131409,2.131069346529127,0.24489149890059486,0.023104303747798823,0.023054683575867742,2.4492194752313257,0.7551075015183608,0.017758691887649166,0.01777191592136112,7.552013879268003,9.995809153680666e-07,0.0004705427823571243,0.0004705426851874607,9.997051984163741e-06,0.999999999999871
1.0,50.0,0.8,0.8,1000110.5210832988,10.00110521083299,473.1447901960552,0.09420453423685766,2.13105100741876,0.24489317833372043,0.023104598420322642,0.02305454007922105,2.449202441930824,0.755105822072344,0.017758330480062912,0.017771643903548198,7.551892771858048,9.995938040128392e-07,0.00047054278038977413,0.0004705426831236149,9.997042802029176e-06,0.9999999999998684
1.0,50.0,0.825,0.825,1000096.7067761507,10.000967067761508,473.144791092442,0.09420596269924011,2.1310328245669163,0.24489488155948244,0.023104896375503597,0.02305439878696038,2.449185645539739,0.755104118833689,0.017757968205713872,0.017771371302670376,7.5517714251867964,9.996066946344646e-07,0.0004705427784249069,0.0004705426810620351,9.997033633753215e-06,0.9999999999998661
1.0,50.0,0.85,0.85,1000082.8922333074,10.000828922333074,473.1447920294721,0.09420739243154277,2.131014790438991,0.24489660743901318,0.02310519761578872,0.02305425959301251,2.4491690746573322,0.7551023929412634,0.0177576050639451,0.01777109814649845,7.5516498506499,9.996195871664036e-07,0.0004705427764625238,0.0004705426790027014,9.997024478664417e-06,0.9999999999998638
1.0,50.0,0.875,0.875,1000069.0774542744,10.000690774542743,473.14479300718665,0.09420882343716253,2.130996896424235,0.24489835467055124,0.023105502144185247,0.023054122376152394,2.4491527162544786,0.7551006456968287,0.017757241053952908,0.01777082446677182,7.551528061271544,9.996324815325221e-07,0.00047054277450262806,0.00047054267694559236,9.997015335995567e-06,0.9999999999998614
1.0,50.0,0.9,0.9,1000055.2624385736,10.000552624385737,473.14479402563524,0.09421025571982705,2.1309791335324917,0.24490012189485444,0.023105809964295274,0.023053987009812985,2.4491365567279737,0.7550988784596272,0.017756876174777843,0.017770550296629266,7.551406070650152,9.996453776532787e-07,0.00047054277254522095,0.0004705426748906838,9.997006204945567e-06,0.9999999999998593
1.0,50.0,0.925,0.925,1000041.4471857416,10.000414471857416,473.14479508487295,0.0942116892835835,2.1309614931204326,0.24490190780508528,0.023106121080296433,0.023053853372310352,2.449120582999466,0.7550970925364967,0.017756510425309693,0.0177702756679309,7.55128389185944,9.996582754522128e-07,0.00047054277059030636,0.0004705426728379549,9.996997084744335e-06,0.9999999999998574
1.0,50.0,0.95,0.95,1000027.631695328,10.000276316953281,473.14479618496176,0.09421312413276273,2.130943967593527,0.24490371125303342,0.02310643549687035,0.023053721356727255,2.449104783577675,0.7550952890756474,0.01775614380430628,0.017770000608669602,7.551161536386188,9.996711748621887e-07,0.0004705427686378883,0.0004705426707873876,9.996987974715207e-06,0.9999999999998557
1.0,50.0,0.975,0.975,1000013.8159668923,10.000138159668923,473.1447973259672,0.0942145602719199,2.130926551034391,0.24490553134420726,0.023106753219083818,0.02305359087976006,2.449089149509201,0.7550934689715708,0.01775577631042452,0.017769725140653846,7.5510390131793885,9.996840758309953e-07,0.00047054276668797006,0.00047054266873896786,9.996978874330899e-06,0.9999999999998539
1.0,50.0,1.0,1.0,1000000.0,10.0,473.14479850795794,0.0942159977057571,2.1309092397156726,0.2449073675154611,0.023107074252231193,0.0230534618889401,2.449073675154611,0.7550916327874129,0.017755407942261738,0.0177694492776164,7.55091632787413,9.99696978325929e-07,0.00047054276474055713,0.00047054266669268967,9.996969783259289e-06,0.9999999999998523
